Customer ID,Recency,Frequency,Monetary,R_Score,F_Score,M_Score,RFM_Score,Segment
12346.0,326,17,-51.74000000000524,2,5,1,251,At Risk
12347.0,2,8,4921.53,5,4,5,545,Champions
12348.0,75,5,2019.4,3,3,4,334,Loyal Customers
12349.0,19,5,4404.54,4,3,5,435,Loyal Customers
12350.0,310,1,334.4,2,1,2,212,Lost Customers
12351.0,375,1,300.93,2,1,2,212,Lost Customers
12352.0,36,13,1889.21,4,5,4,454,Champions
12353.0,204,2,406.76,2,2,2,222,Lost Customers
12354.0,232,1,1079.4,2,1,3,213,Lost Customers
12355.0,214,2,947.61,2,2,3,223,Lost Customers
12356.0,23,6,6371.73,4,4,5,445,Champions
12357.0,33,3,18287.66,4,2,5,425,Recent Customers
12358.0,2,5,3887.07,5,3,5,535,Loyal Customers
12359.0,8,14,8652.34,5,5,5,555,Champions
12360.0,52,9,4212.89,4,4,5,445,Champions
12361.0,287,4,511.25,2,3,2,232,At Risk
12362.0,3,14,5284.58,5,5,5,555,Champions
12363.0,110,2,552.0,3,2,2,322,Lost Customers
12364.0,8,4,1313.1,5,3,4,534,Loyal Customers
12365.0,291,3,320.69,2,2,2,222,Lost Customers
12366.0,634,1,500.24,1,1,2,112,Lost Customers
12367.0,4,1,168.9,5,1,1,511,Recent Customers
12368.0,628,1,917.6999999999999,1,1,3,113,Lost Customers
12369.0,413,3,1791.15,2,2,4,224,Lost Customers
12370.0,51,7,4316.56,4,4,5,445,Champions
12371.0,45,5,4067.38,4,3,5,435,Loyal Customers
12372.0,72,3,1298.04,3,2,4,324,Lost Customers
12373.0,311,3,1127.65,2,2,3,223,Lost Customers
12374.0,25,4,2989.2200000000003,4,3,5,435,Loyal Customers
12375.0,3,3,455.42,5,2,2,522,Recent Customers
12376.0,390,2,503.15,2,2,2,222,Lost Customers
12377.0,315,4,3426.32,2,3,5,235,At Risk
12378.0,130,2,5416.32,3,2,5,325,Lost Customers
12379.0,82,5,1618.27,3,3,4,334,Loyal Customers
12380.0,22,15,7888.0,4,5,5,455,Champions
12381.0,5,6,1803.96,5,4,4,544,Champions
12382.0,682,1,-18.38,1,1,1,111,Lost Customers
12383.0,185,6,1839.31,3,4,4,344,Loyal Customers
12384.0,29,3,566.16,4,2,2,422,Recent Customers
12385.0,379,2,1923.4,2,2,4,224,Lost Customers
12386.0,338,2,401.9,2,2,2,222,Lost Customers
12387.0,415,1,143.94,1,1,1,111,Lost Customers
12388.0,16,8,3901.11,5,4,5,545,Champions
12389.0,403,3,1433.33,2,2,4,224,Lost Customers
12390.0,80,1,549.84,3,1,2,312,Lost Customers
12391.0,22,7,2699.24,4,4,4,444,Champions
12392.0,591,1,234.75000000000003,1,1,1,111,Lost Customers
12393.0,72,7,2376.75,3,4,4,344,Loyal Customers
12394.0,64,2,1272.48,3,2,4,324,Lost Customers
12395.0,16,18,4700.82,5,5,5,555,Champions
12396.0,674,1,931.43,1,1,3,113,Lost Customers
12397.0,36,2,2409.9,4,2,4,424,Recent Customers
12398.0,46,1,1635.6599999999999,4,1,4,414,Recent Customers
12399.0,119,7,1962.3,3,4,4,344,Loyal Customers
12400.0,414,1,205.25,2,1,1,211,Lost Customers
12401.0,303,1,84.3,2,1,1,211,Lost Customers
12402.0,323,7,1244.15,2,4,4,244,At Risk
12403.0,50,3,1001.36,4,2,3,423,Recent Customers
12404.0,682,1,63.24,1,1,1,111,Lost Customers
12405.0,149,1,1710.39,3,1,4,314,Lost Customers
12406.0,22,7,6072.21,4,4,5,445,Champions
12407.0,50,5,1708.1200000000001,4,3,4,434,Loyal Customers
12408.0,33,14,4279.64,4,5,5,455,Champions
12409.0,79,13,23090.47,3,5,5,355,Loyal Customers
12410.0,301,4,1001.46,2,3,3,233,At Risk
12411.0,410,1,346.9,2,1,2,212,Lost Customers
12412.0,75,8,2581.03,3,4,4,344,Loyal Customers
12413.0,67,6,935.5,3,4,3,343,Loyal Customers
12414.0,217,8,692.41,2,4,3,243,At Risk
12415.0,24,33,143269.29,4,5,5,455,Champions
12416.0,657,1,202.56,1,1,1,111,Lost Customers
12417.0,3,27,6688.71,5,5,5,555,Champions
12418.0,113,5,2016.95,3,3,4,334,Loyal Customers
12419.0,386,2,503.01,2,2,2,222,Lost Customers
12420.0,64,1,600.39,3,1,3,313,Lost Customers
12421.0,16,8,1092.83,5,4,3,543,Loyal Customers
12422.0,96,21,4119.35,3,5,5,355,Loyal Customers
12423.0,1,11,2612.19,5,5,4,554,Champions
12424.0,163,7,3289.78,3,4,5,345,Loyal Customers
12425.0,78,3,1680.81,3,2,4,324,Lost Customers
12426.0,195,3,1311.41,2,2,4,224,Lost Customers
12427.0,12,5,708.37,5,3,3,533,Loyal Customers
12428.0,26,12,7877.2,4,5,5,455,Champions
12429.0,9,9,6154.01,5,4,5,545,Champions
12430.0,43,1,256.4,4,1,2,412,Recent Customers
12431.0,36,33,10293.66,4,5,5,455,Champions
12432.0,43,5,5059.32,4,3,5,435,Loyal Customers
12433.0,1,11,16641.74,5,5,5,555,Champions
12434.0,85,5,1062.48,3,3,3,333,Loyal Customers
12435.0,80,6,13925.93,3,4,5,345,Loyal Customers
12436.0,100,1,509.01,3,1,2,312,Lost Customers
12437.0,2,47,12394.85,5,5,5,555,Champions
12438.0,14,2,2906.85,5,2,5,525,Recent Customers
12439.0,683,3,1089.18,1,2,3,123,Lost Customers
12440.0,457,3,768.15,1,2,3,123,Lost Customers
12441.0,367,1,173.55,2,1,1,211,Lost Customers
12442.0,3,1,172.06,5,1,1,511,Recent Customers
12443.0,732,1,485.31,1,1,2,112,Lost Customers
12444.0,21,5,5005.46,4,3,5,435,Loyal Customers
12445.0,22,3,426.48,4,2,2,422,Recent Customers
12446.0,58,1,1002.3100000000001,4,1,3,413,Recent Customers
12447.0,243,1,476.49,2,1,2,212,Lost Customers
12448.0,44,1,449.45,4,1,2,412,Recent Customers
12449.0,22,6,4835.89,4,4,5,445,Champions
12450.0,156,7,666.95,3,4,3,343,Loyal Customers
12451.0,11,10,12546.53,5,4,5,545,Champions
12452.0,17,3,428.57,5,2,2,522,Recent Customers
12453.0,134,1,707.09,3,1,3,313,Lost Customers
12454.0,53,9,4292.71,4,4,5,445,Champions
12455.0,73,10,5879.95,3,4,5,345,Loyal Customers
12456.0,44,4,3153.89,4,3,5,435,Loyal Customers
12457.0,58,14,2472.31,4,5,4,454,Champions
12458.0,71,4,1777.49,3,3,4,334,Loyal Customers
12459.0,605,1,454.36,1,1,2,112,Lost Customers
12460.0,456,1,326.65,1,1,2,112,Lost Customers
12461.0,94,2,826.88,3,2,3,323,Lost Customers
12462.0,2,4,1124.01,5,3,3,533,Loyal Customers
12463.0,46,7,1303.63,4,4,4,444,Champions
12464.0,10,8,1212.05,5,4,4,544,Champions
12465.0,8,3,733.89,5,2,3,523,Recent Customers
12466.0,682,1,56.73,1,1,1,111,Lost Customers
12467.0,386,2,0.0,2,2,1,221,Lost Customers
12468.0,143,10,3624.55,3,4,5,345,Loyal Customers
12469.0,523,2,3070.54,1,2,5,125,Lost Customers
12470.0,690,1,211.95,1,1,1,111,Lost Customers
12471.0,2,129,37920.01,5,5,5,555,Champions
12472.0,31,37,15447.69,4,5,5,455,Champions
12473.0,29,9,2837.73,4,4,5,445,Champions
12474.0,17,54,11948.75,5,5,5,555,Champions
12475.0,54,2,1149.64,4,2,3,423,Recent Customers
12476.0,1,38,13684.12,5,5,5,555,Champions
12477.0,23,12,20173.64,4,5,5,455,Champions
12478.0,4,1,680.99,5,1,3,513,Recent Customers
12479.0,4,3,477.3,5,2,2,522,Recent Customers
12480.0,28,8,5435.1,4,4,5,445,Champions
12481.0,23,18,12041.15,4,5,5,455,Champions
12482.0,450,32,21893.53,1,5,5,155,At Risk
12483.0,17,27,4823.47,5,5,5,555,Champions
12484.0,33,16,6287.8,4,5,5,455,Champions
12485.0,529,1,708.1,1,1,3,113,Lost Customers
12486.0,432,1,1037.28,1,1,3,113,Lost Customers
12487.0,731,2,259.79999999999995,1,2,2,122,Lost Customers
12488.0,10,3,1298.66,5,2,4,524,Recent Customers
12489.0,336,1,334.93,2,1,2,212,Lost Customers
12490.0,5,22,9818.64,5,5,5,555,Champions
12491.0,39,1,460.40000000000003,4,1,2,412,Recent Customers
12492.0,63,3,715.21,3,2,3,323,Lost Customers
12493.0,166,3,416.79,3,2,2,322,Lost Customers
12494.0,10,17,1685.92,5,5,4,554,Champions
12495.0,635,2,323.4,1,2,2,122,Lost Customers
12496.0,620,2,45.34,1,2,1,121,Lost Customers
12497.0,82,4,6211.75,3,3,5,335,Loyal Customers
12498.0,21,3,403.70000000000005,4,2,2,422,Recent Customers
12499.0,560,1,393.72,1,1,2,112,Lost Customers
12500.0,23,25,5872.31,4,5,5,455,Champions
12501.0,315,2,2089.68,2,2,4,224,Lost Customers
12502.0,96,5,3723.87,3,3,5,335,Loyal Customers
12503.0,338,2,0.0,2,2,1,221,Lost Customers
12504.0,18,6,411.0,5,4,2,542,Loyal Customers
12505.0,301,3,908.0,2,2,3,223,Lost Customers
12506.0,233,1,73.5,2,1,1,211,Lost Customers
12507.0,134,5,1797.31,3,3,4,334,Loyal Customers
12508.0,26,2,397.88,4,2,2,422,Recent Customers
12509.0,284,1,176.5,2,1,1,211,Lost Customers
12510.0,143,16,3689.33,3,5,5,355,Loyal Customers
12511.0,415,2,3065.77,1,2,5,125,Lost Customers
12512.0,66,2,132.18,3,2,1,321,Lost Customers
12513.0,85,2,586.79,3,2,3,323,Lost Customers
12514.0,267,2,1597.76,2,2,4,224,Lost Customers
12515.0,353,1,383.7,2,1,2,212,Lost Customers
12516.0,78,4,2648.62,3,3,4,334,Loyal Customers
12517.0,28,6,2443.65,4,4,4,444,Champions
12518.0,1,5,2056.89,5,3,4,534,Loyal Customers
12519.0,64,3,685.19,3,2,3,323,Lost Customers
12520.0,79,6,2582.51,3,4,4,344,Loyal Customers
12521.0,143,1,599.68,3,1,3,313,Lost Customers
12522.0,39,2,192.72,4,2,1,421,Recent Customers
12523.0,2,30,4201.05,5,5,5,555,Champions
12524.0,9,18,11091.36,5,5,5,555,Champions
12525.0,491,8,835.1800000000001,1,4,3,143,At Risk
12526.0,1,3,1316.66,5,2,4,524,Recent Customers
12527.0,82,5,735.51,3,3,3,333,Loyal Customers
12528.0,9,8,1922.28,5,4,4,544,Champions
12529.0,523,2,311.78000000000003,1,2,2,122,Lost Customers
12530.0,60,12,3689.86,3,5,5,355,Loyal Customers
12531.0,15,3,1899.05,5,2,4,524,Recent Customers
12532.0,30,1,349.83000000000004,4,1,2,412,Recent Customers
12533.0,619,6,1149.99,1,4,3,143,At Risk
12534.0,131,1,1089.18,3,1,3,313,Lost Customers
12535.0,92,2,716.35,3,2,3,323,Lost Customers
12536.0,8,5,4106.82,5,3,5,535,Loyal Customers
12537.0,409,1,732.94,2,1,3,213,Lost Customers
12538.0,29,2,640.45,4,2,3,423,Recent Customers
12539.0,22,8,9498.9,4,4,5,445,Champions
12540.0,20,36,22107.29,4,5,5,455,Champions
12541.0,30,3,981.18,4,2,3,423,Recent Customers
12542.0,484,4,423.38,1,3,2,132,At Risk
12543.0,448,1,980.25,1,1,3,113,Lost Customers
12544.0,30,2,355.7,4,2,2,422,Recent Customers
12545.0,75,2,1000.39,3,2,3,323,Lost Customers
12546.0,47,3,1141.5,4,2,3,423,Recent Customers
12547.0,198,3,383.58,2,2,2,222,Lost Customers
12548.0,166,1,95.19999999999999,3,1,1,311,Lost Customers
12549.0,576,6,1575.68,1,4,4,144,At Risk
12550.0,79,1,964.83,3,1,3,313,Lost Customers
12551.0,358,1,168.0,2,1,1,211,Lost Customers
12552.0,39,2,437.82,4,2,2,422,Recent Customers
12553.0,8,17,4548.82,5,5,5,555,Champions
12554.0,449,1,468.5,1,1,2,112,Lost Customers
12555.0,682,1,129.23,1,1,1,111,Lost Customers
12556.0,50,2,599.56,4,2,3,423,Recent Customers
12557.0,16,8,18096.14,5,4,5,545,Champions
12558.0,2,2,1.0658141036401503e-14,5,2,1,521,Recent Customers
12559.0,311,3,536.21,2,2,2,222,Lost Customers
12560.0,5,4,2101.39,5,3,4,534,Loyal Customers
12561.0,303,1,238.85,2,1,1,211,Lost Customers
12562.0,8,9,4966.92,5,4,5,545,Champions
12563.0,409,1,249.24,2,1,1,211,Lost Customers
12564.0,261,1,456.9,2,1,2,212,Lost Customers
12565.0,282,2,131.17,2,2,1,221,Lost Customers
12566.0,73,2,346.7,3,2,2,322,Lost Customers
12567.0,23,17,11451.44,4,5,5,455,Champions
12568.0,645,1,70.0,1,1,1,111,Lost Customers
12569.0,2,35,4064.9900000000002,5,5,5,555,Champions
12570.0,682,1,77.52,1,1,1,111,Lost Customers
12571.0,40,2,519.61,4,2,2,422,Recent Customers
12572.0,9,3,1004.72,5,2,3,523,Recent Customers
12573.0,227,5,717.41,2,3,3,233,At Risk
12574.0,316,1,218.45,2,1,1,211,Lost Customers
12575.0,457,2,622.8199999999999,1,2,3,123,Lost Customers
12576.0,36,11,2083.87,4,5,4,454,Champions
12577.0,35,9,1554.7,4,4,4,444,Champions
12578.0,21,7,4572.45,4,4,5,445,Champions
12579.0,73,3,410.72,3,2,2,322,Lost Customers
12580.0,247,2,1052.9,2,2,3,223,Lost Customers
12581.0,40,1,197.71,4,1,1,411,Recent Customers
12582.0,239,4,1980.4,2,3,4,234,At Risk
12583.0,3,31,13489.039999999999,5,5,5,555,Champions
12584.0,4,18,1893.95,5,5,4,554,Champions
12585.0,234,4,1982.81,2,3,4,234,At Risk
12586.0,17,5,2045.67,5,3,4,534,Loyal Customers
12587.0,8,1,144.0,5,1,1,511,Recent Customers
12588.0,39,5,938.98,4,3,3,433,Loyal Customers
12589.0,29,11,3094.17,4,5,5,455,Champions
12590.0,190,5,9853.48,3,3,5,335,Loyal Customers
12591.0,317,3,1338.95,2,2,4,224,Lost Customers
12592.0,92,8,1152.62,3,4,3,343,Loyal Customers
12593.0,109,3,418.09999999999997,3,2,2,322,Lost Customers
12594.0,38,17,5044.51,4,5,5,455,Champions
12595.0,505,1,299.02,1,1,2,112,Lost Customers
12596.0,51,2,618.27,4,2,3,423,Recent Customers
12597.0,19,5,3683.13,4,3,5,435,Loyal Customers
12598.0,10,15,4414.67,5,5,5,555,Champions
12599.0,29,13,2296.72,4,5,4,454,Champions
12600.0,29,26,4879.29,4,5,5,455,Champions
12601.0,190,7,673.76,3,4,3,343,Loyal Customers
12602.0,59,1,153.12,3,1,1,311,Lost Customers
12603.0,22,1,739.1999999999999,4,1,3,413,Recent Customers
12604.0,79,2,254.18,3,2,1,321,Lost Customers
12605.0,365,5,1225.45,2,3,4,234,At Risk
12606.0,682,1,21.0,1,1,1,111,Lost Customers
12607.0,58,2,3.552713678800501e-15,4,2,1,421,Recent Customers
12608.0,405,1,415.79,2,1,2,212,Lost Customers
12609.0,78,10,3417.86,3,4,5,345,Loyal Customers
12610.0,23,7,2057.99,4,4,4,444,Champions
12611.0,52,1,1193.32,4,1,4,414,Recent Customers
12612.0,58,2,643.59,4,2,3,423,Recent Customers
12613.0,31,13,6573.82,4,5,5,455,Champions
12614.0,278,1,315.6,2,1,2,212,Lost Customers
12615.0,2,11,5564.88,5,5,5,555,Champions
12616.0,85,7,1045.35,3,4,3,343,Loyal Customers
12617.0,29,1,352.98,4,1,2,412,Recent Customers
12618.0,22,1,177.31,4,1,1,411,Recent Customers
12619.0,16,14,3354.95,5,5,5,555,Champions
12620.0,15,3,1339.41,5,2,4,524,Recent Customers
12621.0,2,44,24114.7,5,5,5,555,Champions
12622.0,232,1,180.1,2,1,1,211,Lost Customers
12623.0,276,9,3639.84,2,4,5,245,At Risk
12624.0,106,2,641.13,3,2,3,323,Lost Customers
12625.0,212,5,5095.38,2,3,5,235,At Risk
12626.0,23,13,6388.35,4,5,5,455,Champions
12627.0,11,7,4478.53,5,4,5,545,Champions
12628.0,4,4,769.61,5,3,3,533,Loyal Customers
12629.0,386,2,1558.22,2,2,4,224,Lost Customers
12630.0,10,2,1270.88,5,2,4,524,Recent Customers
12631.0,57,7,3452.27,4,4,5,445,Champions
12632.0,521,4,738.88,1,3,3,133,At Risk
12633.0,59,10,5595.21,3,4,5,345,Loyal Customers
12634.0,536,2,490.0,1,2,2,122,Lost Customers
12635.0,90,4,2930.41,3,3,5,335,Loyal Customers
12636.0,739,1,141.0,1,1,1,111,Lost Customers
12637.0,67,14,8215.16,3,5,5,355,Loyal Customers
12638.0,33,2,921.49,4,2,3,423,Recent Customers
12639.0,239,3,1312.37,2,2,4,224,Lost Customers
12640.0,24,3,1174.58,4,2,4,424,Recent Customers
12641.0,115,1,185.9,3,1,1,311,Lost Customers
12642.0,25,3,1013.26,4,2,3,423,Recent Customers
12643.0,128,14,7835.3,3,5,5,355,Loyal Customers
12644.0,130,6,1815.54,3,4,4,344,Loyal Customers
12645.0,34,10,3499.1,4,4,5,445,Champions
12646.0,5,2,1346.97,5,2,4,524,Recent Customers
12647.0,22,45,16713.99,4,5,5,455,Champions
12648.0,155,5,1097.0,3,3,3,333,Loyal Customers
12649.0,107,10,2258.5,3,4,4,344,Loyal Customers
12650.0,3,1,314.44,5,1,2,512,Recent Customers
12651.0,335,5,365.3,2,3,2,232,At Risk
12652.0,322,3,1011.58,2,2,3,223,Lost Customers
12653.0,149,3,4160.83,3,2,5,325,Lost Customers
12654.0,11,5,601.98,5,3,3,533,Loyal Customers
12655.0,424,1,261.35,1,1,2,112,Lost Customers
12656.0,17,12,6320.78,5,5,5,555,Champions
12657.0,11,5,1152.06,5,3,3,533,Loyal Customers
12658.0,19,1,686.05,4,1,3,413,Recent Customers
12659.0,30,1,91.68,4,1,1,411,Recent Customers
12660.0,11,1,245.1,5,1,1,511,Recent Customers
12661.0,436,1,162.0,1,1,1,111,Lost Customers
12662.0,1,22,6687.6900000000005,5,5,5,555,Champions
12663.0,625,3,204.0,1,2,1,121,Lost Customers
12664.0,8,12,6052.04,5,5,5,555,Champions
12665.0,325,5,301.45,2,3,2,232,At Risk
12666.0,359,2,1020.98,2,2,3,223,Lost Customers
12667.0,58,1,620.13,4,1,3,413,Recent Customers
12668.0,7,12,11319.06,5,5,5,555,Champions
12669.0,151,4,1607.73,3,3,4,334,Loyal Customers
12670.0,10,8,3750.39,5,4,5,545,Champions
12671.0,606,1,2622.481,1,1,4,114,Lost Customers
12672.0,330,3,410.5,2,2,2,222,Lost Customers
12673.0,5,3,1230.02,5,2,4,524,Recent Customers
12674.0,12,7,1922.26,5,4,4,544,Champions
12675.0,554,4,933.55,1,3,3,133,At Risk
12676.0,25,12,2773.09,4,5,4,454,Champions
12677.0,555,3,389.3,1,2,2,122,Lost Customers
12678.0,42,23,33851.13,4,5,5,455,Champions
12679.0,52,9,1058.67,4,4,3,443,Loyal Customers
12680.0,1,4,880.81,5,3,3,533,Loyal Customers
12681.0,15,56,29518.24,5,5,5,555,Champions
12682.0,4,53,22862.12,5,5,5,555,Champions
12683.0,4,27,11355.52,5,5,5,555,Champions
12684.0,8,7,2283.63,5,4,4,544,Champions
12685.0,28,6,2863.08,4,4,5,445,Champions
12686.0,372,1,89.14,2,1,1,211,Lost Customers
12687.0,481,2,2138.91,1,2,4,124,Lost Customers
12688.0,114,1,4873.8099999999995,3,1,5,315,Lost Customers
12689.0,26,2,1247.61,4,2,4,424,Recent Customers
12690.0,206,1,389.01,2,1,2,212,Lost Customers
12691.0,28,7,1170.4,4,4,4,444,Champions
12692.0,637,1,110.95,1,1,1,111,Lost Customers
12693.0,121,11,1640.42,3,5,4,354,Loyal Customers
12694.0,70,4,1839.45,3,3,4,334,Loyal Customers
12695.0,7,7,1407.1200000000001,5,4,4,544,Champions
12696.0,435,3,801.15,1,3,3,133,At Risk
12697.0,21,5,939.02,4,3,3,433,Loyal Customers
12698.0,590,1,339.75,1,1,2,112,Lost Customers
12699.0,418,1,638.11,1,1,3,113,Lost Customers
12700.0,8,6,4867.99,5,4,5,545,Champions
12701.0,80,6,2446.41,3,4,4,344,Loyal Customers
12702.0,20,1,219.0,4,1,1,411,Recent Customers
12703.0,64,7,892.18,3,4,3,343,Loyal Customers
12704.0,7,10,2220.84,5,4,4,544,Champions
12705.0,15,22,11554.0,5,5,5,555,Champions
12706.0,682,1,-91.89,1,1,1,111,Lost Customers
12707.0,292,1,603.42,2,1,3,213,Lost Customers
12708.0,30,30,4921.72,4,5,5,455,Champions
12709.0,3,55,29511.03,5,5,5,555,Champions
12710.0,97,4,1130.57,3,3,3,333,Loyal Customers
12711.0,612,2,1339.05,1,2,4,124,Lost Customers
12712.0,23,28,6521.78,4,5,5,455,Champions
12713.0,1,1,848.55,5,1,3,513,Recent Customers
12714.0,9,12,14093.71,5,5,5,555,Champions
12715.0,106,1,343.36,3,1,2,312,Lost Customers
12716.0,4,2,1053.49,5,2,3,523,Recent Customers
12717.0,151,4,1258.91,3,3,4,334,Loyal Customers
12718.0,71,1,238.25,3,1,1,311,Lost Customers
12719.0,5,3,608.1,5,3,3,533,Loyal Customers
12720.0,3,41,7574.49,5,5,5,555,Champions
12721.0,32,10,3933.83,4,4,5,445,Champions
12722.0,85,6,904.33,3,4,3,343,Loyal Customers
12723.0,4,5,725.07,5,3,3,533,Loyal Customers
12724.0,5,7,2317.52,5,4,4,544,Champions
12725.0,371,4,2266.76,2,3,4,234,At Risk
12726.0,28,11,4014.6,4,5,5,455,Champions
12727.0,11,12,5646.53,5,5,5,555,Champions
12728.0,71,5,1070.17,3,3,3,333,Loyal Customers
12729.0,114,1,453.01,3,1,2,312,Lost Customers
12730.0,522,1,829.25,1,1,3,113,Lost Customers
12731.0,24,19,25673.21,4,5,5,455,Champions
12732.0,180,1,236.26000000000002,3,1,1,311,Lost Customers
12733.0,234,6,2326.82,2,4,4,244,At Risk
12734.0,353,3,639.65,2,3,3,233,At Risk
12735.0,315,2,779.5699999999999,2,2,3,223,Lost Customers
12736.0,333,1,234.0,2,1,1,211,Lost Customers
12737.0,499,2,3710.5,1,2,5,125,Lost Customers
12738.0,372,1,155.35,2,1,1,211,Lost Customers
12739.0,78,4,2726.73,3,3,4,334,Loyal Customers
12740.0,64,1,427.6,3,1,2,312,Lost Customers
12741.0,529,2,406.07,1,2,2,122,Lost Customers
12742.0,600,2,1185.02,1,2,4,124,Lost Customers
12743.0,134,2,540.13,3,2,2,322,Lost Customers
12744.0,52,14,13158.16,4,5,5,455,Champions
12745.0,487,3,925.41,1,3,3,133,At Risk
12746.0,528,3,230.85000000000002,1,3,1,131,At Risk
12747.0,2,32,8786.53,5,5,5,555,Champions
12748.0,1,364,46933.33,5,5,5,555,Champions
12749.0,4,16,6328.49,5,5,5,555,Champions
12750.0,129,1,275.88,3,1,2,312,Lost Customers
12751.0,445,1,268.27,1,1,2,112,Lost Customers
12752.0,81,1,4366.78,3,1,5,315,Lost Customers
12753.0,4,11,21024.01,5,5,5,555,Champions
12754.0,236,5,2949.12,2,3,5,235,At Risk
12755.0,250,22,2611.95,2,5,4,254,At Risk
12756.0,87,1,112.07999999999998,3,1,1,311,Lost Customers
12757.0,16,19,4205.25,5,5,5,555,Champions
12758.0,117,8,9779.0,3,4,5,345,Loyal Customers
12759.0,52,8,5020.74,4,4,5,445,Champions
12760.0,456,1,347.8,1,1,2,112,Lost Customers
12761.0,458,2,782.95,1,2,3,123,Lost Customers
12762.0,8,2,1898.52,5,2,4,524,Recent Customers
12763.0,138,2,494.08,3,2,2,322,Lost Customers
12764.0,317,1,1693.88,2,1,4,214,Lost Customers
12765.0,472,6,1404.58,1,4,4,144,At Risk
12766.0,4,11,8877.14,5,5,5,555,Champions
12767.0,376,1,949.82,2,1,3,213,Lost Customers
12768.0,432,2,3.552713678800501e-15,1,2,1,121,Lost Customers
12769.0,239,1,1143.6,2,1,3,213,Lost Customers
12770.0,211,7,2975.95,2,4,5,245,At Risk
12771.0,465,2,262.5,1,2,2,122,Lost Customers
12772.0,60,1,892.47,3,1,3,313,Lost Customers
12773.0,564,2,1.7763568394002505e-15,1,2,1,121,Lost Customers
12774.0,536,1,98.7,1,1,1,111,Lost Customers
12775.0,17,8,1651.32,5,4,4,544,Champions
12776.0,668,1,55.5,1,1,1,111,Lost Customers
12777.0,458,1,519.45,1,1,2,112,Lost Customers
12778.0,20,10,1757.68,4,4,4,444,Champions
12779.0,21,21,6158.6,4,5,5,455,Champions
12780.0,599,1,337.4,1,1,2,112,Lost Customers
12781.0,21,5,707.72,4,3,3,433,Loyal Customers
12782.0,5,14,4526.04,5,5,5,555,Champions
12783.0,2,8,1603.87,5,4,4,544,Champions
12784.0,9,3,1763.15,5,3,4,534,Loyal Customers
12785.0,3,5,1079.31,5,3,3,533,Loyal Customers
12786.0,610,1,728.5,1,1,3,113,Lost Customers
12787.0,10,5,859.18,5,3,3,533,Loyal Customers
12788.0,463,4,444.9,1,3,2,132,At Risk
12789.0,65,3,273.35,3,3,2,332,Loyal Customers
12790.0,192,3,563.45,2,3,2,232,At Risk
12791.0,374,8,585.15,2,4,3,243,At Risk
12792.0,257,3,813.88,2,3,3,233,At Risk
12793.0,335,3,885.53,2,3,3,233,At Risk
12794.0,53,2,860.41,4,2,3,423,Recent Customers
12795.0,19,1,430.48,4,1,2,412,Recent Customers
12796.0,628,1,381.0,1,1,2,112,Lost Customers
12797.0,360,6,471.43,2,4,2,242,At Risk
12798.0,10,4,8510.93,5,3,5,535,Loyal Customers
12799.0,529,1,219.35,1,1,1,111,Lost Customers
12800.0,470,3,584.25,1,3,3,133,At Risk
12801.0,478,2,1031.87,1,2,3,123,Lost Customers
12802.0,184,9,2350.42,3,4,4,344,Loyal Customers
12803.0,393,1,1092.81,2,1,3,213,Lost Customers
12804.0,466,2,325.37,1,2,2,122,Lost Customers
12805.0,382,4,1434.95,2,3,4,234,At Risk
12806.0,435,4,2878.96,1,3,5,135,At Risk
12807.0,383,3,269.95,2,3,2,232,At Risk
12808.0,37,5,776.7,4,3,3,433,Loyal Customers
12809.0,168,8,1705.34,3,4,4,344,Loyal Customers
12810.0,535,2,534.99,1,2,2,122,Lost Customers
12811.0,261,5,1033.9,2,3,3,233,At Risk
12812.0,45,1,229.64000000000001,4,1,1,411,Recent Customers
12813.0,502,3,1687.8,1,3,4,134,At Risk
12814.0,102,1,125.92,3,1,1,311,Lost Customers
12815.0,148,2,1063.46,3,2,3,323,Lost Customers
12816.0,96,2,572.2,3,2,2,322,Lost Customers
12817.0,281,3,690.98,2,3,3,233,At Risk
12818.0,178,2,1517.88,3,2,4,324,Lost Customers
12819.0,458,1,540.52,1,1,2,112,Lost Customers
12820.0,3,13,2647.94,5,5,4,554,Champions
12821.0,214,2,220.8,2,2,1,221,Lost Customers
12822.0,71,3,918.98,3,3,3,333,Loyal Customers
12823.0,75,18,6501.5,3,5,5,355,Loyal Customers
12824.0,60,1,397.12,3,1,2,312,Lost Customers
12825.0,521,2,518.63,1,2,2,122,Lost Customers
12826.0,3,15,2773.69,5,5,4,554,Champions
12827.0,6,3,430.15000000000003,5,3,2,532,Loyal Customers
12828.0,3,6,1018.71,5,4,3,543,Loyal Customers
12829.0,322,4,345.35,2,3,2,232,At Risk
12830.0,38,7,6748.4,4,4,5,445,Champions
12831.0,262,3,451.11,2,3,2,232,At Risk
12832.0,32,2,383.03,4,2,2,422,Recent Customers
12833.0,145,1,417.38,3,1,2,312,Lost Customers
12834.0,283,1,312.38,2,1,2,212,Lost Customers
12835.0,418,49,5972.19,1,5,5,155,At Risk
12836.0,59,17,6520.58,3,5,5,355,Loyal Customers
12837.0,173,2,662.66,3,2,3,323,Lost Customers
12838.0,34,12,2953.46,4,5,5,455,Champions
12839.0,3,31,9525.22,5,5,5,555,Champions
12840.0,144,11,4013.87,3,5,5,355,Loyal Customers
12841.0,5,42,6808.0,5,5,5,555,Champions
12842.0,70,4,1917.99,3,3,4,334,Loyal Customers
12843.0,66,34,6340.56,3,5,5,355,Loyal Customers
12844.0,29,4,648.6,4,3,3,433,Loyal Customers
12845.0,267,4,354.09,2,3,2,232,At Risk
12846.0,682,1,15.58,1,1,1,111,Lost Customers
12847.0,22,2,1609.0,4,2,4,424,Recent Customers
12848.0,676,1,208.0,1,1,1,111,Lost Customers
12849.0,31,6,3042.47,4,4,5,445,Champions
12850.0,446,1,330.0,1,1,2,112,Lost Customers
12851.0,97,2,280.76,3,2,2,322,Lost Customers
12852.0,290,2,299.75,2,2,2,222,Lost Customers
12853.0,108,16,3728.5,3,5,5,355,Loyal Customers
12854.0,79,11,2899.32,3,5,5,355,Loyal Customers
12855.0,373,4,612.84,2,3,3,233,At Risk
12856.0,8,8,2153.53,5,4,4,544,Champions
12857.0,211,7,3684.25,2,4,5,245,At Risk
12858.0,383,2,121.08,2,2,1,221,Lost Customers
12859.0,459,1,575.1,1,1,3,113,Lost Customers
12860.0,693,1,54.22,1,1,1,111,Lost Customers
12861.0,620,1,68.25,1,1,1,111,Lost Customers
12862.0,426,2,984.62,1,2,3,123,Lost Customers
12863.0,52,7,2775.5499999999997,4,4,4,444,Champions
12864.0,138,2,299.57,3,2,2,322,Lost Customers
12865.0,26,5,3303.31,4,3,5,435,Loyal Customers
12866.0,283,3,1227.35,2,3,4,234,At Risk
12867.0,26,16,7778.66,4,5,5,455,Champions
12868.0,186,8,2043.76,3,4,4,344,Loyal Customers
12869.0,682,1,337.66999999999996,1,1,2,112,Lost Customers
12870.0,366,4,1662.05,2,3,4,234,At Risk
12871.0,84,3,744.02,3,3,3,333,Loyal Customers
12872.0,327,13,3276.81,2,5,5,255,At Risk
12873.0,282,3,2027.3,2,3,4,234,At Risk
12874.0,385,3,933.42,2,3,3,233,At Risk
12875.0,143,5,1356.99,3,3,4,334,Loyal Customers
12876.0,58,5,4068.59,4,3,5,435,Loyal Customers
12877.0,4,20,2942.14,5,5,5,555,Champions
12878.0,18,3,841.64,5,3,3,533,Loyal Customers
12879.0,45,4,552.5699999999999,4,3,2,432,Loyal Customers
12880.0,382,2,640.13,2,2,3,223,Lost Customers
12881.0,276,1,298.0,2,1,2,212,Lost Customers
12882.0,9,2,1463.04,5,2,4,524,Recent Customers
12883.0,25,4,703.47,4,3,3,433,Loyal Customers
12884.0,88,1,309.05,3,1,2,312,Lost Customers
12885.0,63,4,1158.27,3,3,3,333,Loyal Customers
12886.0,68,3,1351.09,3,3,4,334,Loyal Customers
12887.0,384,1,222.4,2,1,1,211,Lost Customers
12888.0,214,4,313.77,2,3,2,232,At Risk
12889.0,381,6,365.66,2,4,2,242,At Risk
12890.0,24,2,706.02,4,2,3,423,Recent Customers
12891.0,186,12,819.5,3,5,3,353,Loyal Customers
12892.0,397,1,263.38,2,1,2,212,Lost Customers
12893.0,31,1,176.55,4,1,1,411,Recent Customers
12894.0,575,1,157.35,1,1,1,111,Lost Customers
12895.0,42,3,347.3,4,3,2,432,Loyal Customers
12896.0,731,1,-29.75,1,1,1,111,Lost Customers
12897.0,205,4,514.25,2,3,2,232,At Risk
12898.0,464,2,296.21000000000004,1,2,2,122,Lost Customers
12899.0,414,1,366.4,2,1,2,212,Lost Customers
12900.0,422,1,340.33,1,1,2,112,Lost Customers
12901.0,9,36,16293.1,5,5,5,555,Champions
12902.0,265,1,138.68,2,1,1,211,Lost Customers
12903.0,429,1,833.53,1,1,3,113,Lost Customers
12904.0,18,2,496.06,5,2,2,522,Recent Customers
12905.0,577,3,1011.82,1,3,3,133,At Risk
12906.0,12,5,2919.81,5,3,5,535,Loyal Customers
12907.0,396,3,440.36,2,3,2,232,At Risk
12908.0,59,7,1272.0,3,4,4,344,Loyal Customers
12909.0,40,13,3034.77,4,5,5,455,Champions
12910.0,23,14,5747.02,4,5,5,455,Champions
12911.0,552,1,1651.72,1,1,4,114,Lost Customers
12912.0,3,5,1662.3,5,3,4,534,Loyal Customers
12913.0,5,13,6283.24,5,5,5,555,Champions
12914.0,401,1,223.98,2,1,1,211,Lost Customers
12915.0,149,8,885.2,3,4,3,343,Loyal Customers
12916.0,139,8,4455.93,3,4,5,345,Loyal Customers
12917.0,128,8,4329.5,3,4,5,345,Loyal Customers
12918.0,626,3,-10953.5,1,3,1,131,At Risk
12919.0,8,8,1301.44,5,4,4,544,Champions
12920.0,17,4,486.64,5,3,2,532,Loyal Customers
12921.0,4,103,33951.65,5,5,5,555,Champions
12922.0,161,1,405.38,3,1,2,312,Lost Customers
12923.0,64,3,770.42,3,3,3,333,Loyal Customers
12924.0,88,14,2423.15,3,5,4,354,Loyal Customers
12925.0,5,3,729.3299999999999,5,3,3,533,Loyal Customers
12926.0,411,4,1523.97,2,3,4,234,At Risk
12927.0,395,1,197.31,2,1,1,211,Lost Customers
12928.0,35,12,4304.89,4,5,5,455,Champions
12929.0,122,2,105.1,3,2,1,321,Lost Customers
12930.0,78,4,409.9,3,3,2,332,Loyal Customers
12931.0,22,71,71299.67,4,5,5,455,Champions
12932.0,539,8,1698.56,1,4,4,144,At Risk
12933.0,24,11,1576.8799999999999,4,5,4,454,Champions
12934.0,737,1,181.65,1,1,1,111,Lost Customers
12935.0,2,19,4182.01,5,5,5,555,Champions
12936.0,17,5,1012.9,5,3,3,533,Loyal Customers
12937.0,15,9,3097.61,5,4,5,545,Champions
12938.0,26,1,114.14,4,1,1,411,Recent Customers
12939.0,64,20,25264.8,3,5,5,355,Loyal Customers
12940.0,46,4,862.44,4,3,3,433,Loyal Customers
12941.0,724,1,377.49,1,1,2,112,Lost Customers
12942.0,131,3,675.6,3,3,3,333,Loyal Customers
12943.0,301,4,489.0,2,3,2,232,At Risk
12944.0,36,2,604.51,4,2,3,423,Recent Customers
12945.0,288,2,900.11,2,2,3,223,Lost Customers
12946.0,437,1,324.45,1,1,2,112,Lost Customers
12947.0,144,11,1407.29,3,5,4,354,Loyal Customers
12948.0,16,10,2306.18,5,4,4,544,Champions
12949.0,31,28,15391.0,4,5,5,455,Champions
12950.0,2,3,1843.0,5,3,4,534,Loyal Customers
12951.0,9,20,3164.42,5,5,5,555,Champions
12952.0,6,5,1382.8400000000001,5,3,4,534,Loyal Customers
12953.0,10,2,828.8100000000001,5,2,3,523,Recent Customers
12954.0,639,1,162.45,1,1,1,111,Lost Customers
12955.0,1,14,4734.26,5,5,5,555,Champions
12956.0,306,4,521.89,2,3,2,232,At Risk
12957.0,4,21,8628.42,5,5,5,555,Champions
12958.0,400,2,467.34,2,2,2,222,Lost Customers
12959.0,484,2,133.35,1,2,1,121,Lost Customers
12960.0,414,4,1322.07,2,3,4,234,At Risk
12961.0,379,1,211.99,2,1,1,211,Lost Customers
12962.0,7,2,266.39,5,2,2,522,Recent Customers
12963.0,8,14,3146.9900000000002,5,5,5,555,Champions
12964.0,437,1,132.24,1,1,1,111,Lost Customers
12965.0,89,1,769.8100000000001,3,1,3,313,Lost Customers
12966.0,10,1,160.18,5,1,1,511,Recent Customers
12967.0,3,5,2472.37,5,3,4,534,Loyal Customers
12968.0,112,1,135.95,3,1,1,311,Lost Customers
12969.0,603,1,122.45,1,1,1,111,Lost Customers
12970.0,7,10,1453.6,5,4,4,544,Champions
12971.0,4,120,15214.550000000001,5,5,5,555,Champions
12972.0,414,6,1115.95,2,4,3,243,At Risk
12973.0,414,1,385.55,1,1,2,112,Lost Customers
12974.0,198,2,408.95,2,2,2,222,Lost Customers
12975.0,430,8,1993.99,1,4,4,144,At Risk
12976.0,212,8,3156.38,2,4,5,245,At Risk
12977.0,156,4,513.88,3,3,2,332,Loyal Customers
12978.0,385,6,2496.07,2,4,4,244,At Risk
12979.0,729,2,479.53999999999996,1,2,2,122,Lost Customers
12980.0,156,26,15909.390000000001,3,5,5,355,Loyal Customers
12981.0,30,2,372.21999999999997,4,2,2,422,Recent Customers
12982.0,240,17,2562.12,2,5,4,254,At Risk
12983.0,598,1,490.08000000000004,1,1,2,112,Lost Customers
12984.0,19,1,97.5,4,1,1,411,Recent Customers
12985.0,1,3,1215.6200000000001,5,3,4,534,Loyal Customers
12986.0,403,12,1998.3400000000001,2,5,4,254,At Risk
12987.0,74,6,1298.51,3,4,4,344,Loyal Customers
12988.0,292,1,505.82,2,1,2,212,Lost Customers
12989.0,3,39,12846.8,5,5,5,555,Champions
12990.0,31,7,955.5,4,4,3,443,Loyal Customers
12991.0,23,3,764.82,4,3,3,433,Loyal Customers
12992.0,725,1,93.35000000000001,1,1,1,111,Lost Customers
12993.0,23,10,1191.26,4,4,4,444,Champions
12994.0,4,5,902.22,5,3,3,533,Loyal Customers
12995.0,78,2,200.72,3,2,1,321,Lost Customers
12996.0,376,1,355.5,2,1,2,212,Lost Customers
12997.0,22,16,2065.11,4,5,4,454,Champions
12998.0,493,4,897.38,1,3,3,133,At Risk
12999.0,196,3,455.88,2,3,2,232,At Risk
13000.0,107,5,965.0,3,3,3,333,Loyal Customers
13001.0,4,37,24006.600000000002,5,5,5,555,Champions
13002.0,318,3,414.13,2,3,2,232,At Risk
13003.0,106,3,149.05,3,3,1,331,Loyal Customers
13004.0,12,46,11143.99,5,5,5,555,Champions
13005.0,174,6,935.03,3,4,3,343,Loyal Customers
13006.0,56,1,81.57,4,1,1,411,Recent Customers
13007.0,580,1,175.25,1,1,1,111,Lost Customers
13008.0,323,7,543.28,2,4,2,242,At Risk
13009.0,673,1,234.0,1,1,1,111,Lost Customers
13010.0,374,2,330.12,2,2,2,222,Lost Customers
13011.0,372,1,50.550000000000004,2,1,1,211,Lost Customers
13012.0,9,15,2576.1800000000003,5,5,4,554,Champions
13013.0,1,31,11073.48,5,5,5,555,Champions
13014.0,3,18,5220.83,5,5,5,555,Champions
13015.0,53,14,6459.08,4,5,5,455,Champions
13016.0,73,3,789.89,3,3,3,333,Loyal Customers
13017.0,7,1,204.0,5,1,1,511,Recent Customers
13018.0,16,37,9742.81,5,5,5,555,Champions
13019.0,379,8,1212.95,2,4,4,244,At Risk
13020.0,548,5,606.96,1,3,3,133,At Risk
13021.0,4,24,4806.66,5,5,5,555,Champions
13022.0,430,1,65.3,1,1,1,111,Lost Customers
13023.0,64,3,1449.03,3,3,4,334,Loyal Customers
13024.0,464,3,535.42,1,3,2,132,At Risk
13025.0,732,1,323.39,1,1,2,112,Lost Customers
13026.0,1,13,1690.12,5,5,4,554,Champions
13027.0,114,23,17052.0,3,5,5,355,Loyal Customers
13028.0,23,3,659.68,4,3,3,433,Loyal Customers
13029.0,31,5,1927.3,4,3,4,434,Loyal Customers
13030.0,11,2,752.4399999999999,5,2,3,523,Recent Customers
13031.0,407,5,3292.84,2,3,5,235,At Risk
13032.0,39,11,2790.0,4,5,4,454,Champions
13033.0,357,2,220.55,2,2,1,221,Lost Customers
13034.0,55,3,756.82,4,3,3,433,Loyal Customers
13035.0,58,4,1328.95,4,3,4,434,Loyal Customers
13036.0,685,1,307.1,1,1,2,112,Lost Customers
13037.0,138,16,3842.55,3,5,5,355,Loyal Customers
13038.0,80,3,908.46,3,3,3,333,Loyal Customers
13039.0,584,4,1010.73,1,3,3,133,At Risk
13040.0,9,2,676.99,5,2,3,523,Recent Customers
13041.0,451,4,799.13,1,3,3,133,At Risk
13042.0,584,4,1454.84,1,3,4,134,At Risk
13043.0,254,2,471.57,2,2,2,222,Lost Customers
13044.0,291,13,4818.35,2,5,5,255,At Risk
13045.0,99,3,808.92,3,3,3,333,Loyal Customers
13046.0,31,3,949.25,4,3,3,433,Loyal Customers
13047.0,32,42,8100.09,4,5,5,455,Champions
13048.0,14,13,4000.08,5,5,5,555,Champions
13049.0,64,5,1384.14,3,3,4,334,Loyal Customers
13050.0,9,57,11464.43,5,5,5,555,Champions
13051.0,579,2,155.8,1,2,1,121,Lost Customers
13052.0,212,7,3119.33,2,4,5,245,At Risk
13053.0,622,1,127.65,1,1,1,111,Lost Customers
13054.0,682,1,-14.0,1,1,1,111,Lost Customers
13055.0,64,6,2292.5099999999998,3,4,4,344,Loyal Customers
13056.0,551,1,209.48,1,1,1,111,Lost Customers
13057.0,530,4,528.24,1,3,2,132,At Risk
13058.0,25,3,271.40000000000003,4,3,2,432,Loyal Customers
13059.0,250,12,2261.2200000000003,2,5,4,254,At Risk
13060.0,254,1,307.53,2,1,2,212,Lost Customers
13061.0,72,1,248.61,3,1,1,311,Lost Customers
13062.0,191,1,346.98,2,1,2,212,Lost Customers
13063.0,481,1,188.4,1,1,1,111,Lost Customers
13064.0,13,6,1666.8400000000001,5,4,4,544,Champions
13065.0,373,6,1050.1000000000001,2,4,3,243,At Risk
13066.0,24,3,430.9,4,3,2,432,Loyal Customers
13067.0,82,3,508.51,3,3,2,332,Loyal Customers
13068.0,10,2,344.0,5,2,2,522,Recent Customers
13069.0,1,42,8348.79,5,5,5,555,Champions
13070.0,192,5,743.9,2,3,3,233,At Risk
13071.0,612,1,129.22,1,1,1,111,Lost Customers
13072.0,267,1,177.15,2,1,1,211,Lost Customers
13073.0,411,2,418.08,2,2,2,222,Lost Customers
13074.0,511,5,1362.8400000000001,1,3,4,134,At Risk
13075.0,130,1,919.61,3,1,3,313,Lost Customers
13076.0,458,1,135.4,1,1,1,111,Lost Customers
13077.0,1,14,2716.15,5,5,4,554,Champions
13078.0,1,95,28369.440000000002,5,5,5,555,Champions
13079.0,4,6,419.18,5,4,2,542,Loyal Customers
13080.0,179,5,260.83,3,3,2,332,Loyal Customers
13081.0,1,44,55961.37,5,5,5,555,Champions
13082.0,126,25,7268.92,3,5,5,355,Loyal Customers
13083.0,4,3,395.43,5,3,2,532,Loyal Customers
13084.0,488,2,116.44999999999999,1,2,1,121,Lost Customers
13085.0,158,10,1459.46,3,4,4,344,Loyal Customers
13086.0,383,1,439.33000000000004,2,1,2,212,Lost Customers
13087.0,726,1,313.64,1,1,2,112,Lost Customers
13088.0,417,1,236.11,1,1,1,111,Lost Customers
13089.0,3,247,109893.24,5,5,5,555,Champions
13090.0,9,30,12759.93,5,5,5,555,Champions
13091.0,21,6,-130.21999999999997,4,4,1,441,Loyal Customers
13092.0,71,15,2007.33,3,5,4,354,Loyal Customers
13093.0,267,88,53274.33,2,5,5,255,At Risk
13094.0,21,17,1990.9800000000002,4,5,4,454,Champions
13095.0,71,1,74.39999999999999,3,1,1,311,Lost Customers
13096.0,394,1,419.70000000000005,2,1,2,212,Lost Customers
13097.0,33,40,12796.61,4,5,5,455,Champions
13098.0,1,41,28658.88,5,5,5,555,Champions
13099.0,99,1,207.35999999999999,3,1,1,311,Lost Customers
13100.0,625,1,-1598.67,1,1,1,111,Lost Customers
13101.0,234,4,695.4,2,3,3,233,At Risk
13102.0,1,42,11123.3,5,5,5,555,Champions
13103.0,40,3,709.64,4,3,3,433,Loyal Customers
13104.0,3,9,1709.1,5,4,4,544,Champions
13105.0,436,1,72.0,1,1,1,111,Lost Customers
13106.0,129,3,586.46,3,3,3,333,Loyal Customers
13107.0,44,15,5109.62,4,5,5,455,Champions
13108.0,373,2,748.46,2,2,3,223,Lost Customers
13109.0,3,7,1107.58,5,4,3,543,Loyal Customers
13110.0,31,14,2896.17,4,5,5,455,Champions
13111.0,719,1,321.88000000000005,1,1,2,112,Lost Customers
13112.0,541,3,-5.44,1,3,1,131,At Risk
13113.0,1,60,16236.44,5,5,5,555,Champions
13114.0,731,1,234.38,1,1,1,111,Lost Customers
13115.0,9,23,5379.45,5,5,5,555,Champions
13116.0,117,2,485.19,3,2,2,322,Lost Customers
13117.0,22,19,2253.96,4,5,4,454,Champions
13118.0,20,12,2334.1,4,5,4,454,Champions
13119.0,669,1,134.9,1,1,1,111,Lost Customers
13120.0,239,1,30.599999999999998,2,1,1,211,Lost Customers
13121.0,269,2,254.73,2,2,1,221,Lost Customers
13122.0,94,2,922.39,3,2,3,323,Lost Customers
13123.0,473,2,506.75,1,2,2,122,Lost Customers
13124.0,90,4,4641.66,3,3,5,335,Loyal Customers
13125.0,524,1,148.62,1,1,1,111,Lost Customers
13126.0,5,19,3679.03,5,5,5,555,Champions
13127.0,78,1,259.17,3,1,2,312,Lost Customers
13128.0,631,1,263.5,1,1,2,112,Lost Customers
13129.0,452,2,233.25,1,2,1,121,Lost Customers
13130.0,94,1,64.0,3,1,1,311,Lost Customers
13131.0,23,8,3279.77,4,4,5,445,Champions
13132.0,262,1,77.3,2,1,1,211,Lost Customers
13133.0,274,3,200.45000000000002,2,3,1,231,At Risk
13134.0,73,9,2422.28,3,4,4,344,Loyal Customers
13135.0,197,2,3371.45,2,2,5,225,Lost Customers
13136.0,50,24,6097.900000000001,4,5,5,455,Champions
13137.0,11,17,7541.61,5,5,5,555,Champions
13138.0,22,8,1261.26,4,4,4,444,Champions
13139.0,16,9,8193.83,5,4,5,545,Champions
13140.0,108,5,1054.92,3,3,3,333,Loyal Customers
13141.0,85,21,7524.13,3,5,5,355,Loyal Customers
13142.0,19,1,307.09,4,1,2,412,Recent Customers
13143.0,582,2,399.2,1,2,2,122,Lost Customers
13144.0,333,2,135.35,2,2,1,221,Lost Customers
13145.0,40,8,1124.77,4,4,3,443,Loyal Customers
13146.0,26,1,228.91,4,1,1,411,Recent Customers
13147.0,10,4,712.8000000000001,5,3,3,533,Loyal Customers
13148.0,29,36,7999.610000000001,4,5,5,455,Champions
13149.0,14,4,1676.06,5,3,4,534,Loyal Customers
13150.0,471,4,435.02,1,3,2,132,At Risk
13151.0,203,5,2396.16,2,3,4,234,At Risk
13152.0,417,9,2114.98,1,4,4,144,At Risk
13153.0,6,1,486.22,5,1,2,512,Recent Customers
13154.0,144,5,997.4300000000001,3,3,3,333,Loyal Customers
13155.0,33,6,1370.48,4,4,4,444,Champions
13156.0,385,3,1586.54,2,3,4,234,At Risk
13157.0,49,10,5667.71,4,4,5,445,Champions
13158.0,95,5,1508.18,3,3,4,334,Loyal Customers
13159.0,9,5,1371.25,5,3,4,534,Loyal Customers
13160.0,22,1,91.8,4,1,1,411,Recent Customers
13161.0,313,2,472.13,2,2,2,222,Lost Customers
13162.0,122,19,9116.94,3,5,5,355,Loyal Customers
13163.0,610,2,0.0,1,2,1,121,Lost Customers
13164.0,569,3,297.46000000000004,1,3,2,132,At Risk
13165.0,46,3,1451.16,4,3,4,434,Loyal Customers
13166.0,282,3,873.43,2,3,3,233,At Risk
13167.0,19,5,1125.15,4,3,3,433,Loyal Customers
13168.0,36,6,1831.68,4,4,4,444,Champions
13169.0,64,3,840.08,3,3,3,333,Loyal Customers
13170.0,27,1,108.81,4,1,1,411,Recent Customers
13171.0,8,5,426.81,5,3,2,532,Loyal Customers
13172.0,400,1,69.6,2,1,1,211,Lost Customers
13173.0,4,13,2380.9700000000003,5,5,4,554,Champions
13174.0,16,12,7995.36,5,5,5,555,Champions
13175.0,554,4,793.1,1,3,3,133,At Risk
13176.0,46,1,481.49,4,1,2,412,Recent Customers
13177.0,65,2,512.2,3,2,2,322,Lost Customers
13178.0,26,25,13997.89,4,5,5,455,Champions
13179.0,619,1,572.3100000000001,1,1,3,113,Lost Customers
13180.0,607,1,86.10000000000001,1,1,1,111,Lost Customers
13181.0,381,1,359.69,2,1,2,212,Lost Customers
13182.0,45,1,121.18,4,1,1,411,Recent Customers
13183.0,8,18,7010.88,5,5,5,555,Champions
13184.0,15,12,1616.45,5,5,4,554,Champions
13185.0,268,1,71.4,2,1,1,211,Lost Customers
13186.0,40,5,1539.69,4,3,4,434,Loyal Customers
13187.0,337,5,322.65999999999997,2,3,2,232,At Risk
13188.0,11,1,114.60000000000001,5,1,1,511,Recent Customers
13189.0,19,2,260.68,4,2,2,422,Recent Customers
13190.0,544,4,518.76,1,3,2,132,At Risk
13191.0,658,1,164.69,1,1,1,111,Lost Customers
13192.0,95,8,2544.53,3,4,4,344,Loyal Customers
13193.0,61,1,112.08,3,1,1,311,Lost Customers
13194.0,136,2,472.78,3,2,2,322,Lost Customers
13195.0,414,1,136.73,1,1,1,111,Lost Customers
13196.0,11,8,3059.64,5,4,5,545,Champions
13197.0,610,1,373.01000000000005,1,1,2,112,Lost Customers
13198.0,10,12,4912.28,5,5,5,555,Champions
13199.0,4,69,15936.3,5,5,5,555,Champions
13200.0,19,4,870.09,4,3,3,433,Loyal Customers
13201.0,502,4,1233.06,1,3,4,134,At Risk
13202.0,379,8,1571.35,2,4,4,244,At Risk
13203.0,10,11,2630.55,5,5,4,554,Champions
13204.0,731,1,966.6600000000001,1,1,3,113,Lost Customers
13205.0,443,1,2803.2,1,1,5,115,Lost Customers
13206.0,400,15,8211.0,2,5,5,255,At Risk
13207.0,15,4,535.86,5,3,2,532,Loyal Customers
13208.0,59,10,1958.3,3,4,4,344,Loyal Customers
13209.0,30,16,8438.06,4,5,5,455,Champions
13210.0,94,1,353.48,3,1,2,312,Lost Customers
13211.0,10,12,2596.32,5,5,4,554,Champions
13212.0,9,4,779.33,5,3,3,533,Loyal Customers
13213.0,57,14,3834.62,4,5,5,455,Champions
13214.0,418,7,3264.23,1,4,5,145,At Risk
13215.0,402,1,81.6,2,1,1,211,Lost Customers
13216.0,268,1,333.74,2,1,2,212,Lost Customers
13217.0,122,6,266.12,3,4,2,342,Loyal Customers
13218.0,127,1,62.63999999999999,3,1,1,311,Lost Customers
13219.0,618,1,76.23,1,1,1,111,Lost Customers
13220.0,78,5,1336.0900000000001,3,3,4,334,Loyal Customers
13221.0,240,2,847.41,2,2,3,223,Lost Customers
13222.0,577,1,88.5,1,1,1,111,Lost Customers
13223.0,200,6,969.1200000000001,2,4,3,243,At Risk
13224.0,60,3,2150.85,3,3,4,334,Loyal Customers
13225.0,3,17,15879.27,5,5,5,555,Champions
13226.0,273,2,312.46,2,2,2,222,Lost Customers
13227.0,202,1,257.7,2,1,2,212,Lost Customers
13228.0,81,1,358.0,3,1,2,312,Lost Customers
13229.0,226,1,160.95,2,1,1,211,Lost Customers
13230.0,4,31,6076.45,5,5,5,555,Champions
13231.0,546,1,-355.2,1,1,1,111,Lost Customers
13232.0,13,7,1328.35,5,4,4,544,Champions
13233.0,74,4,1176.46,3,3,4,334,Loyal Customers
13234.0,673,2,346.5,1,2,2,122,Lost Customers
13235.0,212,2,101.17000000000007,2,2,1,221,Lost Customers
13236.0,25,3,727.27,4,3,3,433,Loyal Customers
13237.0,388,1,643.0,2,1,3,213,Lost Customers
13238.0,11,7,986.73,5,4,3,543,Loyal Customers
13239.0,262,6,1579.84,2,4,4,244,At Risk
13240.0,96,9,1398.44,3,4,4,344,Loyal Customers
13241.0,412,1,112.53,2,1,1,211,Lost Customers
13242.0,112,7,699.4,3,4,3,343,Loyal Customers
13243.0,203,5,1220.38,2,3,4,234,At Risk
13244.0,93,1,121.74000000000001,3,1,1,311,Lost Customers
13245.0,51,2,989.22,4,2,3,423,Recent Customers
13246.0,18,14,3242.0,5,5,5,555,Champions
13247.0,18,4,501.12,5,3,2,532,Loyal Customers
13248.0,125,2,465.68,3,2,2,322,Lost Customers
13249.0,92,9,1608.93,3,4,4,344,Loyal Customers
13250.0,453,3,245.59,1,3,1,131,At Risk
13251.0,402,1,252.68,2,1,1,211,Lost Customers
13252.0,394,3,341.3,2,3,2,232,At Risk
13253.0,157,4,2951.11,3,3,5,335,Loyal Customers
13254.0,376,1,51.410000000000004,2,1,1,211,Lost Customers
13255.0,4,4,669.91,5,3,3,533,Loyal Customers
13257.0,428,3,117.95,1,3,1,131,At Risk
13258.0,12,5,1009.43,5,3,3,533,Loyal Customers
13259.0,62,9,1402.54,3,4,4,344,Loyal Customers
13260.0,61,1,557.62,3,1,2,312,Lost Customers
13261.0,269,2,944.1,2,2,3,223,Lost Customers
13262.0,263,3,573.45,2,3,3,233,At Risk
13263.0,1,39,8676.2,5,5,5,555,Champions
13264.0,443,1,722.5600000000001,1,1,3,113,Lost Customers
13265.0,53,5,2092.66,4,3,4,434,Loyal Customers
13266.0,11,30,5965.3,5,5,5,555,Champions
13267.0,3,50,9197.66,5,5,5,555,Champions
13268.0,18,15,3127.7,5,5,5,555,Champions
13269.0,1,30,8507.01,5,5,5,555,Champions
13270.0,366,1,590.0,2,1,3,213,Lost Customers
13271.0,37,2,172.37,4,2,1,421,Recent Customers
13272.0,31,2,276.56,4,2,2,422,Recent Customers
13273.0,113,1,138.98,3,1,1,311,Lost Customers
13274.0,409,1,360.85,2,1,2,212,Lost Customers
13275.0,384,2,238.86,2,2,1,221,Lost Customers
13276.0,64,7,1871.21,3,4,4,344,Loyal Customers
13277.0,16,7,523.3,5,4,2,542,Loyal Customers
13278.0,41,5,1428.2,4,3,4,434,Loyal Customers
13279.0,64,2,126.30000000000001,3,2,1,321,Lost Customers
13280.0,122,8,2267.83,3,4,4,344,Loyal Customers
13281.0,437,3,306.45,1,3,2,132,At Risk
13282.0,18,7,1228.89,5,4,4,544,Champions
13283.0,60,4,373.36,3,3,2,332,Loyal Customers
13284.0,323,2,196.15,2,2,1,221,Lost Customers
13285.0,23,6,3364.59,4,4,5,445,Champions
13286.0,600,1,734.91,1,1,3,113,Lost Customers
13287.0,583,7,519.67,1,4,2,142,At Risk
13288.0,443,6,892.16,1,4,3,143,At Risk
13289.0,724,1,307.95,1,1,2,112,Lost Customers
13290.0,431,3,-208.63,1,3,1,131,At Risk
13291.0,156,11,3270.79,3,5,5,355,Loyal Customers
13292.0,39,6,987.79,4,4,3,443,Loyal Customers
13293.0,392,7,1180.34,2,4,4,244,At Risk
13294.0,190,3,1689.53,3,3,4,334,Loyal Customers
13295.0,360,9,1061.27,2,4,3,243,At Risk
13296.0,137,6,792.51,3,4,3,343,Loyal Customers
13297.0,8,8,4352.67,5,4,5,545,Champions
13298.0,1,1,360.0,5,1,2,512,Recent Customers
13299.0,268,5,1173.3,2,3,4,234,At Risk
13300.0,165,5,1267.21,3,3,4,334,Loyal Customers
13301.0,104,4,618.09,3,3,3,333,Loyal Customers
13302.0,155,2,159.2,3,2,1,321,Lost Customers
13303.0,400,1,61.72,2,1,1,211,Lost Customers
13304.0,351,7,1120.79,2,4,3,243,At Risk
13305.0,4,16,3616.41,5,5,5,555,Champions
13306.0,430,1,53.65,1,1,1,111,Lost Customers
13307.0,120,3,273.34,3,3,2,332,Loyal Customers
13308.0,23,5,1652.47,4,3,4,434,Loyal Customers
13309.0,7,6,1706.3700000000001,5,4,4,544,Champions
13310.0,9,8,1492.8,5,4,4,544,Champions
13311.0,4,2,598.57,5,2,3,523,Recent Customers
13312.0,451,1,124.75,1,1,1,111,Lost Customers
13313.0,22,15,3423.27,4,5,5,455,Champions
13314.0,2,4,593.51,5,3,3,533,Loyal Customers
13315.0,689,1,310.26,1,1,2,112,Lost Customers
13316.0,37,12,12656.18,4,5,5,455,Champions
13317.0,64,31,6068.531,3,5,5,355,Loyal Customers
13318.0,1,3,640.76,5,3,3,533,Loyal Customers
13319.0,5,78,20974.96,5,5,5,555,Champions
13320.0,70,9,2144.45,3,4,4,344,Loyal Customers
13321.0,72,2,567.36,3,2,2,322,Lost Customers
13322.0,17,1,199.48000000000002,5,1,1,511,Recent Customers
13323.0,3,5,787.85,5,3,3,533,Loyal Customers
13324.0,32,23,10421.369999999999,4,5,5,455,Champions
13325.0,82,1,675.3,3,1,3,313,Lost Customers
13326.0,432,1,281.76,1,1,2,112,Lost Customers
13327.0,39,22,8996.03,4,5,5,455,Champions
13328.0,316,1,1308.48,2,1,4,214,Lost Customers
13329.0,32,14,4672.82,4,5,5,455,Champions
13330.0,93,6,2796.1,3,4,5,345,Loyal Customers
13331.0,402,1,262.4,2,1,2,212,Lost Customers
13332.0,14,1,350.9,5,1,2,512,Recent Customers
13333.0,411,3,1015.74,2,3,3,233,At Risk
13334.0,82,6,6195.05,3,4,5,345,Loyal Customers
13335.0,540,1,-955.06,1,1,1,111,Lost Customers
13336.0,77,1,795.12,3,1,3,313,Lost Customers
13337.0,519,2,1548.55,1,2,4,124,Lost Customers
13338.0,154,10,2223.62,3,4,4,344,Loyal Customers
13339.0,201,1,860.12,2,1,3,213,Lost Customers
13340.0,45,12,22100.56,4,5,5,455,Champions
13341.0,261,1,775.85,2,1,3,213,Lost Customers
13342.0,582,1,-14.100000000000001,1,1,1,111,Lost Customers
13343.0,173,2,303.93,3,2,2,322,Lost Customers
13344.0,68,3,2511.69,3,3,4,334,Loyal Customers
13345.0,277,2,377.6,2,2,2,222,Lost Customers
13346.0,463,6,299.4,1,4,2,142,At Risk
13347.0,70,1,341.36,3,1,2,312,Lost Customers
13348.0,64,1,233.76,3,1,1,311,Lost Customers
13349.0,11,1,247.32,5,1,1,511,Recent Customers
13350.0,16,3,910.72,5,3,3,533,Loyal Customers
13351.0,66,1,373.94,3,1,2,312,Lost Customers
13352.0,8,2,389.28,5,2,2,522,Recent Customers
13353.0,389,1,-28.849999999999998,2,1,1,211,Lost Customers
13354.0,71,1,743.53,3,1,3,313,Lost Customers
13355.0,122,1,674.7,3,1,3,313,Lost Customers
13356.0,80,1,768.24,3,1,3,313,Lost Customers
13357.0,257,5,3805.5099999999998,2,3,5,235,At Risk
13358.0,269,1,439.03,2,1,2,212,Lost Customers
13359.0,59,4,1001.96,3,3,3,333,Loyal Customers
13360.0,428,7,1464.1,1,4,4,144,At Risk
13361.0,472,2,1450.5,1,2,4,124,Lost Customers
13362.0,3,10,5357.57,5,4,5,545,Champions
13363.0,18,3,1723.86,5,3,4,534,Loyal Customers
13364.0,67,2,0.0,3,2,1,321,Lost Customers
13365.0,9,4,2164.32,5,3,4,534,Loyal Customers
13366.0,50,1,56.160000000000004,4,1,1,411,Recent Customers
13367.0,432,1,510.20000000000005,1,1,2,112,Lost Customers
13368.0,257,5,1086.1,2,3,3,233,At Risk
13369.0,354,2,263.75,2,2,2,222,Lost Customers
13370.0,366,2,721.32,2,2,3,223,Lost Customers
13371.0,499,4,2271.46,1,3,4,134,At Risk
13372.0,90,1,378.64,3,1,2,312,Lost Customers
13373.0,61,6,7587.1900000000005,3,4,5,345,Loyal Customers
13374.0,415,2,422.8,1,2,2,122,Lost Customers
13375.0,81,3,1786.48,3,3,4,334,Loyal Customers
13376.0,99,3,1019.76,3,3,3,333,Loyal Customers
13377.0,397,4,1495.43,2,3,4,234,At Risk
13378.0,423,1,-756.4,1,1,1,111,Lost Customers
13379.0,26,3,572.56,4,3,3,433,Loyal Customers
13380.0,433,1,62.4,1,1,1,111,Lost Customers
13381.0,21,15,8185.02,4,5,5,455,Champions
13382.0,281,5,1387.58,2,3,4,234,At Risk
13383.0,544,1,305.28000000000003,1,1,2,112,Lost Customers
13384.0,31,15,6635.09,4,5,5,455,Champions
13385.0,330,1,534.57,2,1,2,212,Lost Customers
13386.0,414,2,835.46,1,2,3,123,Lost Customers
13387.0,417,1,186.94,1,1,1,111,Lost Customers
13388.0,121,4,1135.7,3,3,3,333,Loyal Customers
13389.0,11,3,797.96,5,3,3,533,Loyal Customers
13390.0,75,1,544.08,3,1,2,312,Lost Customers
13391.0,204,1,59.8,2,1,1,211,Lost Customers
13392.0,677,1,91.14,1,1,1,111,Lost Customers
13393.0,584,6,1105.85,1,4,3,143,At Risk
13394.0,2,24,6323.88,5,5,5,555,Champions
13395.0,185,3,1180.23,3,3,4,334,Loyal Customers
13396.0,22,4,1325.29,4,3,4,434,Loyal Customers
13397.0,73,13,3094.11,3,5,5,355,Loyal Customers
13398.0,192,2,670.34,2,2,3,223,Lost Customers
13399.0,464,3,275.4,1,3,2,132,At Risk
13400.0,574,2,300.93,1,2,2,122,Lost Customers
13401.0,624,1,-1834.14,1,1,1,111,Lost Customers
13402.0,127,4,1226.8500000000001,3,3,4,334,Loyal Customers
13403.0,18,3,229.5,5,3,1,531,Loyal Customers
13404.0,1,2,252.49,5,2,1,521,Recent Customers
13405.0,74,9,1196.561,3,4,4,344,Loyal Customers
13406.0,427,3,557.22,1,3,2,132,At Risk
13407.0,579,6,2111.89,1,4,4,144,At Risk
13408.0,2,135,49315.022,5,5,5,555,Champions
13409.0,624,1,-525.65,1,1,1,111,Lost Customers
13410.0,9,12,2172.51,5,5,4,554,Champions
13411.0,107,1,213.55,3,1,1,311,Lost Customers
13412.0,620,1,487.34999999999997,1,1,2,112,Lost Customers
13413.0,640,8,345.8,1,4,2,142,At Risk
13414.0,134,7,2482.24,3,4,4,344,Loyal Customers
13415.0,473,5,665.42,1,3,3,133,At Risk
13416.0,44,3,940.8000000000001,4,3,3,433,Loyal Customers
13417.0,5,7,1593.89,5,4,4,544,Champions
13418.0,12,37,11242.22,5,5,5,555,Champions
13419.0,64,1,221.06,3,1,1,311,Lost Customers
13420.0,135,4,140.35,3,3,1,331,Loyal Customers
13421.0,40,11,4044.45,4,5,5,455,Champions
13422.0,51,2,2601.55,4,2,4,424,Recent Customers
13423.0,429,1,217.03,1,1,1,111,Lost Customers
13424.0,444,2,557.92,1,2,2,122,Lost Customers
13425.0,108,8,3362.73,3,4,5,345,Loyal Customers
13426.0,1,24,8076.76,5,5,5,555,Champions
13427.0,19,6,1006.53,4,4,3,443,Loyal Customers
13428.0,10,3,478.54,5,3,2,532,Loyal Customers
13429.0,11,4,1006.8,5,3,3,533,Loyal Customers
13430.0,19,4,648.6899999999999,4,3,3,433,Loyal Customers
13431.0,67,9,3289.24,3,4,5,345,Loyal Customers
13432.0,571,2,439.1,1,2,2,122,Lost Customers
13433.0,437,5,656.87,1,3,3,133,At Risk
13434.0,74,5,1666.8600000000001,3,3,4,334,Loyal Customers
13435.0,5,11,4431.93,5,5,5,555,Champions
13436.0,2,1,196.89,5,1,1,511,Recent Customers
13437.0,14,7,3408.06,5,4,5,545,Champions
13438.0,547,1,46.5,1,1,1,111,Lost Customers
13439.0,255,3,986.61,2,3,3,233,At Risk
13440.0,423,10,1213.95,1,4,4,144,At Risk
13441.0,92,2,720.9,3,2,3,323,Lost Customers
13442.0,667,3,419.87,1,3,2,132,At Risk
13443.0,449,7,1240.71,1,4,4,144,At Risk
13444.0,374,2,619.08,2,2,3,223,Lost Customers
13445.0,626,1,241.89999999999998,1,1,1,111,Lost Customers
13446.0,420,18,3608.86,1,5,5,155,At Risk
13447.0,23,4,1104.23,4,3,3,433,Loyal Customers
13448.0,17,19,7952.81,5,5,5,555,Champions
13449.0,24,1,291.88,4,1,2,412,Recent Customers
13450.0,27,14,4117.54,4,5,5,455,Champions
13451.0,26,13,7019.11,4,5,5,455,Champions
13452.0,259,3,729.8,2,3,3,233,At Risk
13453.0,166,5,758.99,3,3,3,333,Loyal Customers
13454.0,641,1,219.87,1,1,1,111,Lost Customers
13455.0,25,11,2080.88,4,5,4,454,Champions
13456.0,18,7,1737.8200000000002,5,4,4,544,Champions
13457.0,689,4,143.27,1,3,1,131,At Risk
13458.0,7,24,11850.62,5,5,5,555,Champions
13459.0,625,2,1160.4099999999999,1,2,3,123,Lost Customers
13460.0,29,2,183.44,4,2,1,421,Recent Customers
13461.0,39,8,4138.5,4,4,5,445,Champions
13462.0,183,6,1145.6,3,4,3,343,Loyal Customers
13463.0,420,1,-158.65,1,1,1,111,Lost Customers
13464.0,58,7,3083.89,4,4,5,445,Champions
13465.0,446,2,931.12,1,2,3,123,Lost Customers
13466.0,100,7,952.25,3,4,3,343,Loyal Customers
13467.0,11,2,1071.91,5,2,3,523,Recent Customers
13468.0,2,87,12494.38,5,5,5,555,Champions
13469.0,653,1,82.4,1,1,1,111,Lost Customers
13470.0,99,2,165.0,3,2,1,321,Lost Customers
13471.0,1,4,2501.84,5,3,4,534,Loyal Customers
13472.0,464,2,592.24,1,2,3,123,Lost Customers
13473.0,61,10,2410.98,3,4,4,344,Loyal Customers
13474.0,236,3,646.59,2,3,3,233,At Risk
13475.0,191,4,1431.78,2,3,4,234,At Risk
13476.0,179,7,1915.77,3,4,4,344,Loyal Customers
13477.0,38,13,2806.12,4,5,5,455,Champions
13478.0,469,7,2068.03,1,4,4,144,At Risk
13479.0,198,7,808.5,2,4,3,243,At Risk
13480.0,417,2,627.82,1,2,3,123,Lost Customers
13481.0,46,14,3803.09,4,5,5,455,Champions
13482.0,232,2,336.09,2,2,2,222,Lost Customers
13483.0,66,1,140.34,3,1,1,311,Lost Customers
13484.0,241,4,767.32,2,3,3,233,At Risk
13485.0,233,15,2957.92,2,5,5,255,At Risk
13486.0,78,3,1122.41,3,3,3,333,Loyal Customers
13487.0,58,5,846.87,4,3,3,433,Loyal Customers
13488.0,17,29,14131.81,5,5,5,555,Champions
13489.0,105,4,449.52,3,3,2,332,Loyal Customers
13490.0,654,1,154.25,1,1,1,111,Lost Customers
13491.0,52,27,4467.66,4,5,5,455,Champions
13492.0,136,3,1269.84,3,3,4,334,Loyal Customers
13493.0,275,2,618.63,2,2,3,223,Lost Customers
13494.0,312,1,316.26000000000005,2,1,2,212,Lost Customers
13495.0,8,13,4790.41,5,5,5,555,Champions
13496.0,11,3,617.93,5,3,3,533,Loyal Customers
13497.0,283,7,1139.83,2,4,3,243,At Risk
13498.0,730,1,327.38,1,1,2,112,Lost Customers
13499.0,18,7,1146.96,5,4,3,543,Loyal Customers
13500.0,23,5,1436.3,4,3,4,434,Loyal Customers
13501.0,243,5,2840.26,2,3,5,235,At Risk
13502.0,17,6,774.6,5,4,3,543,Loyal Customers
13503.0,71,12,1747.39,3,5,4,354,Loyal Customers
13504.0,64,1,295.93,3,1,2,312,Lost Customers
13505.0,68,8,4282.88,3,4,5,345,Loyal Customers
13506.0,312,8,1308.53,2,4,4,244,At Risk
13507.0,3,4,2479.16,5,3,4,534,Loyal Customers
13508.0,244,2,287.05,2,2,2,222,Lost Customers
13509.0,9,8,1114.72,5,4,3,543,Loyal Customers
13510.0,1,17,4488.39,5,5,5,555,Champions
13511.0,484,2,244.61,1,2,1,121,Lost Customers
13512.0,261,4,713.39,2,3,3,233,At Risk
13513.0,127,4,796.99,3,3,3,333,Loyal Customers
13514.0,74,4,815.9000000000001,3,3,3,333,Loyal Customers
13515.0,73,6,1265.82,3,4,4,344,Loyal Customers
13516.0,21,4,1685.26,4,3,4,434,Loyal Customers
13517.0,60,5,2109.07,3,3,4,334,Loyal Customers
13518.0,86,1,627.16,3,1,3,313,Lost Customers
13519.0,50,3,331.26,4,3,2,432,Loyal Customers
13520.0,59,15,6377.25,3,5,5,355,Loyal Customers
13521.0,1,3,1071.73,5,3,3,533,Loyal Customers
13522.0,30,1,125.80000000000001,4,1,1,411,Recent Customers
13523.0,33,7,4325.07,4,4,5,445,Champions
13524.0,41,5,680.1800000000001,4,3,3,433,Loyal Customers
13525.0,15,2,628.78,5,2,3,523,Recent Customers
13526.0,738,4,942.5999999999999,1,3,3,133,At Risk
13527.0,34,14,4507.59,4,5,5,455,Champions
13528.0,682,1,-40.0,1,1,1,111,Lost Customers
13529.0,79,2,307.76,3,2,2,322,Lost Customers
13530.0,634,1,402.97999999999996,1,1,2,112,Lost Customers
13531.0,205,6,1433.07,2,4,4,244,At Risk
13532.0,34,1,210.31,4,1,1,411,Recent Customers
13533.0,183,3,269.09,3,3,2,332,Loyal Customers
13534.0,2,60,7324.5,5,5,5,555,Champions
13535.0,403,1,89.5,2,1,1,211,Lost Customers
13536.0,1,7,3444.39,5,4,5,545,Champions
13537.0,426,2,717.85,1,2,3,123,Lost Customers
13538.0,43,12,3103.13,4,5,5,455,Champions
13539.0,86,9,1531.26,3,4,4,344,Loyal Customers
13540.0,467,3,632.39,1,3,3,133,At Risk
13541.0,423,3,717.9,1,3,3,133,At Risk
13542.0,377,18,3924.09,2,5,5,255,At Risk
13543.0,634,2,1439.6100000000001,1,2,4,124,Lost Customers
13544.0,40,7,781.7,4,4,3,443,Loyal Customers
13545.0,391,3,337.64,2,3,2,232,At Risk
13546.0,12,5,1086.24,5,3,3,533,Loyal Customers
13547.0,408,1,167.08,2,1,1,211,Lost Customers
13548.0,96,3,901.44,3,3,3,333,Loyal Customers
13549.0,26,9,1003.72,4,4,3,443,Loyal Customers
13550.0,383,1,342.55,2,1,2,212,Lost Customers
13551.0,319,2,244.2,2,2,1,221,Lost Customers
13552.0,66,32,6588.63,3,5,5,355,Loyal Customers
13553.0,675,1,499.6,1,1,2,112,Lost Customers
13554.0,380,10,1547.46,2,4,4,244,At Risk
13555.0,74,16,8798.99,3,5,5,355,Loyal Customers
13556.0,429,2,200.82,1,2,1,121,Lost Customers
13557.0,28,16,2980.08,4,5,5,455,Champions
13558.0,6,4,594.52,5,3,3,533,Loyal Customers
13559.0,513,2,990.0,1,2,3,123,Lost Customers
13560.0,7,1,171.42000000000002,5,1,1,511,Recent Customers
13561.0,216,11,1803.4,2,5,4,254,At Risk
13562.0,82,8,4838.18,3,4,5,345,Loyal Customers
13563.0,84,2,777.53,3,2,3,323,Lost Customers
13564.0,144,54,15036.14,3,5,5,355,Loyal Customers
13565.0,19,3,414.8,4,3,2,432,Loyal Customers
13566.0,41,5,1688.6,4,3,4,434,Loyal Customers
13567.0,428,5,1074.19,1,3,3,133,At Risk
13568.0,173,1,187.05,3,1,1,311,Lost Customers
13569.0,17,4,726.54,5,3,3,533,Loyal Customers
13570.0,243,1,239.49,2,1,1,211,Lost Customers
13571.0,13,26,4537.26,5,5,5,555,Champions
13572.0,206,1,1384.25,2,1,4,214,Lost Customers
13573.0,50,6,904.52,4,4,3,443,Loyal Customers
13574.0,411,1,404.45,2,1,2,212,Lost Customers
13575.0,23,5,732.0699999999999,4,3,3,433,Loyal Customers
13576.0,10,32,11167.0,5,5,5,555,Champions
13577.0,25,14,3346.62,4,5,5,455,Champions
13578.0,409,1,147.66,2,1,1,211,Lost Customers
13579.0,15,6,1371.14,5,4,4,544,Champions
13580.0,406,1,107.75,2,1,1,211,Lost Customers
13581.0,309,2,280.53000000000003,2,2,2,222,Lost Customers
13582.0,390,2,241.68,2,2,1,221,Lost Customers
13583.0,156,2,1445.031,3,2,4,324,Lost Customers
13584.0,307,5,340.4,2,3,2,232,At Risk
13585.0,531,4,674.46,1,3,3,133,At Risk
13586.0,541,1,127.28,1,1,1,111,Lost Customers
13587.0,32,6,1308.1,4,4,4,444,Champions
13588.0,16,13,2445.12,5,5,4,554,Champions
13589.0,15,6,1120.74,5,4,3,543,Loyal Customers
13590.0,11,21,6284.74,5,5,5,555,Champions
13591.0,65,8,2081.19,3,4,4,344,Loyal Customers
13592.0,36,4,247.95999999999998,4,3,1,431,Loyal Customers
13593.0,108,16,5444.81,3,5,5,355,Loyal Customers
13594.0,53,3,508.42,4,3,2,432,Loyal Customers
13595.0,517,3,784.48,1,3,3,133,At Risk
13596.0,6,2,664.11,5,2,3,523,Recent Customers
13597.0,388,3,372.21,2,3,2,232,At Risk
13598.0,47,6,749.21,4,4,3,443,Loyal Customers
13599.0,1,52,9433.75,5,5,5,555,Champions
13600.0,312,2,518.42,2,2,2,222,Lost Customers
13601.0,45,4,1159.99,4,3,3,433,Loyal Customers
13602.0,65,4,1025.17,3,3,3,333,Loyal Customers
13603.0,26,1,164.34,4,1,1,411,Recent Customers
13604.0,652,2,713.39,1,2,3,123,Lost Customers
13605.0,387,2,522.67,2,2,2,222,Lost Customers
13606.0,29,3,276.75,4,3,2,432,Loyal Customers
13607.0,40,3,1058.1100000000001,4,3,3,433,Loyal Customers
13608.0,541,1,232.05,1,1,1,111,Lost Customers
13609.0,593,1,167.35,1,1,1,111,Lost Customers
13610.0,12,17,2071.96,5,5,4,554,Champions
13611.0,89,14,3259.4300000000003,3,5,5,355,Loyal Customers
13612.0,518,2,777.79,1,2,3,123,Lost Customers
13613.0,453,5,1039.8500000000001,1,3,3,133,At Risk
13614.0,24,6,2332.74,4,4,4,444,Champions
13615.0,313,12,6212.2300000000005,2,5,5,255,At Risk
13616.0,568,2,283.85,1,2,2,122,Lost Customers
13617.0,40,9,1263.8,4,4,4,444,Champions
13618.0,174,1,177.34,3,1,1,311,Lost Customers
13619.0,545,2,224.94,1,2,1,121,Lost Customers
13620.0,528,1,112.34,1,1,1,111,Lost Customers
13621.0,117,1,213.85,3,1,1,311,Lost Customers
13622.0,689,2,651.45,1,2,3,123,Lost Customers
13623.0,31,15,2412.93,4,5,4,454,Champions
13624.0,381,2,427.18,2,2,2,222,Lost Customers
13625.0,597,1,301.26,1,1,2,112,Lost Customers
13626.0,253,3,689.49,2,3,3,233,At Risk
13627.0,59,10,2217.55,3,4,4,344,Loyal Customers
13628.0,676,1,310.14,1,1,2,112,Lost Customers
13629.0,23,19,13370.86,4,5,5,455,Champions
13630.0,5,11,1995.68,5,5,4,554,Champions
13631.0,100,12,3021.77,3,5,5,355,Loyal Customers
13632.0,25,10,3632.36,4,4,5,445,Champions
13633.0,603,1,-306.66,1,1,1,111,Lost Customers
13634.0,33,17,4479.85,4,5,5,455,Champions
13635.0,68,6,2948.22,3,4,5,345,Loyal Customers
13636.0,37,6,941.62,4,4,3,443,Loyal Customers
13637.0,52,3,804.3,4,3,3,433,Loyal Customers
13638.0,16,1,122.64,5,1,1,511,Recent Customers
13639.0,74,2,1346.27,3,2,4,324,Lost Customers
13640.0,611,1,405.0,1,1,2,112,Lost Customers
13641.0,641,7,921.82,1,4,3,143,At Risk
13642.0,216,5,459.45,2,3,2,232,At Risk
13643.0,31,15,2112.17,4,5,4,454,Champions
13644.0,9,5,2597.52,5,3,4,534,Loyal Customers
13645.0,120,1,252.1,3,1,1,311,Lost Customers
13646.0,400,3,323.3,2,3,2,232,At Risk
13647.0,10,9,3033.78,5,4,5,545,Champions
13648.0,400,11,1679.01,2,5,4,254,At Risk
13649.0,257,6,1453.68,2,4,4,244,At Risk
13650.0,17,16,3098.5,5,5,5,555,Champions
13651.0,35,4,208.95,4,3,1,431,Loyal Customers
13652.0,46,5,2262.05,4,3,4,434,Loyal Customers
13653.0,488,1,152.2,1,1,1,111,Lost Customers
13654.0,43,11,6308.0,4,5,5,455,Champions
13655.0,114,8,2259.3,3,4,4,344,Loyal Customers
13656.0,165,7,1053.35,3,4,3,343,Loyal Customers
13657.0,11,2,382.14,5,2,2,522,Recent Customers
13658.0,10,13,5772.07,5,5,5,555,Champions
13659.0,197,17,4706.43,2,5,5,255,At Risk
13660.0,396,2,295.74,2,2,2,222,Lost Customers
13661.0,603,1,325.24,1,1,2,112,Lost Customers
13662.0,86,17,2166.63,3,5,4,354,Loyal Customers
13663.0,179,6,2013.6100000000001,3,4,4,344,Loyal Customers
13664.0,682,1,-13.14,1,1,1,111,Lost Customers
13665.0,386,3,1711.6599999999999,2,3,4,234,At Risk
13666.0,60,5,127.89999999999999,3,3,1,331,Loyal Customers
13667.0,149,1,299.05,3,1,2,312,Lost Customers
13668.0,3,47,12607.68,5,5,5,555,Champions
13669.0,51,3,413.55,4,3,2,432,Loyal Customers
13670.0,75,1,349.7,3,1,2,312,Lost Customers
13671.0,395,1,172.6,2,1,1,211,Lost Customers
13672.0,301,7,162.07000000000002,2,4,1,241,At Risk
13673.0,19,2,387.44,4,2,2,422,Recent Customers
13674.0,430,2,215.88,1,2,1,121,Lost Customers
13675.0,151,2,486.82000000000005,3,2,2,322,Lost Customers
13676.0,539,3,153.15,1,3,1,131,At Risk
13677.0,405,2,551.24,2,2,2,222,Lost Customers
13678.0,152,1,232.6,3,1,1,311,Lost Customers
13679.0,494,3,281.26,1,3,2,132,At Risk
13680.0,1,13,9899.56,5,5,5,555,Champions
13681.0,18,4,827.83,5,3,3,533,Loyal Customers
13682.0,187,1,59.5,3,1,1,311,Lost Customers
13683.0,458,1,258.6,1,1,2,112,Lost Customers
13684.0,286,6,544.42,2,4,2,242,At Risk
13685.0,3,7,3119.44,5,4,5,545,Champions
13686.0,183,3,409.04,3,3,2,332,Loyal Customers
13687.0,438,1,11880.84,1,1,5,115,Lost Customers
13688.0,635,1,375.5,1,1,2,112,Lost Customers
13689.0,63,2,1259.5,3,2,4,324,Lost Customers
13690.0,59,1,172.25,3,1,1,311,Lost Customers
13691.0,396,1,212.78,2,1,1,211,Lost Customers
13692.0,25,8,3016.4500000000003,4,4,5,445,Champions
13693.0,325,13,1948.32,2,5,4,254,At Risk
13694.0,4,164,190020.84,5,5,5,555,Champions
13695.0,31,16,2770.73,4,5,4,454,Champions
13696.0,422,4,2008.7,1,3,4,134,At Risk
13697.0,39,1,151.29999999999998,4,1,1,411,Recent Customers
13698.0,597,2,451.73,1,2,2,122,Lost Customers
13699.0,155,3,711.4,3,3,3,333,Loyal Customers
13700.0,26,14,2569.7200000000003,4,5,4,454,Champions
13701.0,437,2,159.55,1,2,1,121,Lost Customers
13702.0,446,1,135.18,1,1,1,111,Lost Customers
13703.0,318,3,99.5,2,3,1,231,At Risk
13704.0,5,10,2295.31,5,4,4,544,Champions
13705.0,8,7,1717.19,5,4,4,544,Champions
13706.0,303,2,631.17,2,2,3,223,Lost Customers
13707.0,267,5,3365.86,2,3,5,235,At Risk
13708.0,271,1,285.33,2,1,2,212,Lost Customers
13709.0,4,22,7492.41,5,5,5,555,Champions
13710.0,32,3,509.52,4,3,2,432,Loyal Customers
13711.0,219,15,1632.6100000000001,2,5,4,254,At Risk
13712.0,247,2,766.42,2,2,3,223,Lost Customers
13713.0,408,3,740.76,2,3,3,233,At Risk
13714.0,465,1,161.35,1,1,1,111,Lost Customers
13715.0,281,21,8108.09,2,5,5,255,At Risk
13716.0,269,1,138.28,2,1,1,211,Lost Customers
13717.0,32,11,1748.05,4,5,4,454,Champions
13718.0,246,2,306.55,2,2,2,222,Lost Customers
13719.0,15,11,2783.08,5,5,4,554,Champions
13720.0,117,4,799.9,3,3,3,333,Loyal Customers
13721.0,36,2,741.54,4,2,3,423,Recent Customers
13722.0,120,11,5629.16,3,5,5,355,Loyal Customers
13723.0,217,6,1194.08,2,4,4,244,At Risk
13724.0,637,1,213.01,1,1,1,111,Lost Customers
13725.0,50,11,1809.81,4,5,4,454,Champions
13726.0,39,2,1079.6599999999999,4,2,3,423,Recent Customers
13727.0,29,9,1061.4,4,4,3,443,Loyal Customers
13728.0,37,16,2855.17,4,5,5,455,Champions
13729.0,436,5,676.4300000000001,1,3,3,133,At Risk
13730.0,136,2,752.6,3,2,3,323,Lost Customers
13731.0,219,2,610.59,2,2,3,223,Lost Customers
13732.0,28,1,491.86,4,1,2,412,Recent Customers
13733.0,411,3,484.53000000000003,2,3,2,232,At Risk
13734.0,509,6,3445.34,1,4,5,145,At Risk
13735.0,25,22,9422.36,4,5,5,455,Champions
13736.0,5,12,2701.27,5,5,4,554,Champions
13737.0,200,1,339.59999999999997,2,1,2,212,Lost Customers
13738.0,396,1,434.78000000000003,2,1,2,212,Lost Customers
13739.0,18,2,292.2,5,2,2,522,Recent Customers
13740.0,241,5,1582.77,2,3,4,234,At Risk
13741.0,72,4,666.33,3,3,3,333,Loyal Customers
13742.0,17,14,3079.27,5,5,5,555,Champions
13743.0,3,8,1340.1499999999999,5,4,4,544,Champions
13744.0,95,2,1080.52,3,2,3,323,Lost Customers
13745.0,151,4,761.27,3,3,3,333,Loyal Customers
13746.0,414,1,176.69,1,1,1,111,Lost Customers
13747.0,374,2,169.79999999999998,2,2,1,221,Lost Customers
13748.0,96,9,2064.35,3,4,4,344,Loyal Customers
13749.0,701,1,-10.25,1,1,1,111,Lost Customers
13750.0,54,13,3563.6,4,5,5,455,Champions
13751.0,288,1,296.25,2,1,2,212,Lost Customers
13752.0,124,7,1579.8300000000002,3,4,4,344,Loyal Customers
13753.0,288,4,2094.57,2,3,4,234,At Risk
13754.0,152,3,447.05,3,3,2,332,Loyal Customers
13755.0,4,10,2101.39,5,4,4,544,Champions
13756.0,2,25,8595.65,5,5,5,555,Champions
13757.0,675,1,195.55,1,1,1,111,Lost Customers
13758.0,12,19,8544.29,5,5,5,555,Champions
13759.0,33,2,659.4100000000001,4,2,3,423,Recent Customers
13760.0,54,6,1358.6399999999999,4,4,4,444,Champions
13761.0,50,6,1952.17,4,4,4,444,Champions
13762.0,204,6,2165.76,2,4,4,244,At Risk
13763.0,63,6,5181.99,3,4,5,345,Loyal Customers
13764.0,71,6,2919.62,3,4,5,345,Loyal Customers
13765.0,653,1,352.821,1,1,2,112,Lost Customers
13766.0,495,1,190.35,1,1,1,111,Lost Customers
13767.0,2,96,33480.82,5,5,5,555,Champions
13768.0,564,8,758.07,1,4,3,143,At Risk
13769.0,2,29,5444.33,5,5,5,555,Champions
13770.0,422,4,785.37,1,3,3,133,At Risk
13771.0,64,10,5726.07,3,4,5,345,Loyal Customers
13772.0,34,9,3080.52,4,4,5,445,Champions
13773.0,397,2,301.54,2,2,2,222,Lost Customers
13774.0,82,1,345.0,3,1,2,312,Lost Customers
13775.0,591,1,1049.66,1,1,3,113,Lost Customers
13776.0,428,8,-340.17,1,4,1,141,At Risk
13777.0,1,73,49218.41,5,5,5,555,Champions
13778.0,103,5,1116.54,3,3,3,333,Loyal Customers
13779.0,516,1,161.13,1,1,1,111,Lost Customers
13780.0,7,3,732.07,5,3,3,533,Loyal Customers
13781.0,251,4,770.88,2,3,3,233,At Risk
13782.0,13,14,1778.1299999999999,5,5,4,554,Champions
13783.0,488,4,1542.09,1,3,4,134,At Risk
13784.0,10,15,2897.18,5,5,5,555,Champions
13785.0,429,4,542.49,1,3,2,132,At Risk
13786.0,367,8,2505.46,2,4,4,244,At Risk
13787.0,76,9,1173.7,3,4,4,344,Loyal Customers
13788.0,505,1,3.75,1,1,1,111,Lost Customers
13789.0,388,1,239.45999999999998,2,1,1,211,Lost Customers
13790.0,4,1,348.8,5,1,2,512,Recent Customers
13791.0,43,3,1047.68,4,3,3,433,Loyal Customers
13792.0,66,3,383.95,3,3,2,332,Loyal Customers
13793.0,647,1,96.0,1,1,1,111,Lost Customers
13794.0,547,1,126.03,1,1,1,111,Lost Customers
13795.0,388,4,836.3,2,3,3,233,At Risk
13796.0,499,1,289.7,1,1,2,112,Lost Customers
13797.0,437,4,1168.45,1,3,4,134,At Risk
13798.0,1,125,73166.92,5,5,5,555,Champions
13799.0,117,13,2039.82,3,5,4,354,Loyal Customers
13800.0,310,3,1679.56,2,3,4,234,At Risk
13801.0,67,1,324.8,3,1,2,312,Lost Customers
13802.0,138,24,25491.56,3,5,5,355,Loyal Customers
13803.0,255,4,1319.1100000000001,2,3,4,234,At Risk
13804.0,31,9,3161.12,4,4,5,445,Champions
13805.0,52,2,924.6,4,2,3,423,Recent Customers
13806.0,64,1,256.38,3,1,1,311,Lost Customers
13807.0,367,4,397.3,2,3,2,232,At Risk
13808.0,6,5,1747.66,5,3,4,534,Loyal Customers
13809.0,305,3,679.7,2,3,3,233,At Risk
13810.0,29,4,899.51,4,3,3,433,Loyal Customers
13811.0,184,4,591.75,3,3,3,333,Loyal Customers
13812.0,42,3,539.0,4,3,2,432,Loyal Customers
13813.0,40,12,2686.42,4,5,4,454,Champions
13814.0,56,5,2239.07,4,3,4,434,Loyal Customers
13815.0,22,10,7285.79,4,4,5,445,Champions
13816.0,24,4,555.04,4,3,2,432,Loyal Customers
13817.0,29,2,382.98,4,2,2,422,Recent Customers
13818.0,430,1,61.28,1,1,1,111,Lost Customers
13819.0,302,7,2631.1,2,4,4,244,At Risk
13820.0,418,5,632.5,1,3,3,133,At Risk
13821.0,145,7,1355.38,3,4,4,344,Loyal Customers
13822.0,6,2,632.0,5,2,3,523,Recent Customers
13823.0,19,8,3358.55,4,4,5,445,Champions
13824.0,33,14,3273.36,4,5,5,455,Champions
13825.0,622,2,255.59,1,2,1,121,Lost Customers
13826.0,158,2,174.65,3,2,1,321,Lost Customers
13827.0,58,3,409.8,4,3,2,432,Loyal Customers
13828.0,22,1,209.49,4,1,1,411,Recent Customers
13829.0,359,2,0.0,2,2,1,221,Lost Customers
13830.0,574,2,135.95000000000002,1,2,1,121,Lost Customers
13831.0,16,20,6571.139999999999,5,5,5,555,Champions
13832.0,18,3,598.64,5,3,3,533,Loyal Customers
13833.0,159,2,700.41,3,2,3,323,Lost Customers
13834.0,577,3,247.89,1,3,1,131,At Risk
13835.0,25,8,1044.82,4,4,3,443,Loyal Customers
13836.0,399,3,602.52,2,3,3,233,At Risk
13837.0,212,2,266.59000000000003,2,2,2,222,Lost Customers
13838.0,6,10,1690.07,5,4,4,544,Champions
13839.0,486,1,139.95000000000002,1,1,1,111,Lost Customers
13840.0,416,1,651.4,1,1,3,113,Lost Customers
13841.0,253,1,85.0,2,1,1,211,Lost Customers
13842.0,59,19,5294.39,3,5,5,355,Loyal Customers
13843.0,381,1,319.75,2,1,2,212,Lost Customers
13844.0,11,1,361.62,5,1,2,512,Recent Customers
13845.0,65,1,312.98,3,1,2,312,Lost Customers
13846.0,25,5,1290.34,4,3,4,434,Loyal Customers
13847.0,720,1,310.72,1,1,2,112,Lost Customers
13848.0,92,8,3015.0,3,4,5,345,Loyal Customers
13849.0,52,6,3443.8,4,4,5,445,Champions
13850.0,88,2,1586.81,3,2,4,324,Lost Customers
13851.0,96,9,4516.76,3,4,5,345,Loyal Customers
13852.0,607,2,170.45000000000002,1,2,1,121,Lost Customers
13853.0,9,2,1056.94,5,2,3,523,Recent Customers
13854.0,9,45,11848.81,5,5,5,555,Champions
13855.0,501,5,1253.94,1,3,4,134,At Risk
13856.0,169,15,1058.88,3,5,3,353,Loyal Customers
13857.0,393,7,997.11,2,4,3,243,At Risk
13858.0,57,1,216.17,4,1,1,411,Recent Customers
13859.0,326,2,515.86,2,2,2,222,Lost Customers
13860.0,1,6,1240.0,5,4,4,544,Champions
13861.0,429,3,251.31,1,3,1,131,At Risk
13862.0,18,11,2534.04,5,5,4,554,Champions
13863.0,245,6,1217.63,2,4,4,244,At Risk
13864.0,387,1,662.4000000000001,2,1,3,213,Lost Customers
13865.0,58,4,501.56,4,3,2,432,Loyal Customers
13866.0,74,1,145.67000000000002,3,1,1,311,Lost Customers
13867.0,31,3,1005.09,4,3,3,433,Loyal Customers
13868.0,7,2,3192.54,5,2,5,525,Recent Customers
13869.0,123,10,7996.87,3,4,5,345,Loyal Customers
13870.0,2,18,5689.84,5,5,5,555,Champions
13871.0,23,21,7804.95,4,5,5,455,Champions
13872.0,513,6,891.32,1,4,3,143,At Risk
13873.0,120,9,1031.02,3,4,3,343,Loyal Customers
13874.0,358,10,1989.2,2,4,4,244,At Risk
13875.0,54,14,4814.37,4,5,5,455,Champions
13876.0,64,1,122.7,3,1,1,311,Lost Customers
13877.0,86,5,446.33,3,3,2,332,Loyal Customers
13878.0,55,4,2416.9,4,3,4,434,Loyal Customers
13879.0,646,1,395.5,1,1,2,112,Lost Customers
13880.0,21,17,4293.86,4,5,5,455,Champions
13881.0,4,51,44392.5,5,5,5,555,Champions
13882.0,3,6,1131.28,5,4,3,543,Loyal Customers
13883.0,1,26,6342.74,5,5,5,555,Champions
13884.0,7,14,1788.93,5,5,4,554,Champions
13885.0,189,2,506.8,3,2,2,322,Lost Customers
13886.0,71,1,243.56,3,1,1,311,Lost Customers
13887.0,204,1,349.55,2,1,2,212,Lost Customers
13888.0,120,7,2001.59,3,4,4,344,Loyal Customers
13889.0,93,8,1855.73,3,4,4,344,Loyal Customers
13890.0,1,22,2858.73,5,5,5,555,Champions
13891.0,378,3,859.21,2,3,3,233,At Risk
13892.0,27,6,1267.6499999999999,4,4,4,444,Champions
13893.0,298,1,821.1,2,1,3,213,Lost Customers
13894.0,22,5,535.97,4,3,2,432,Loyal Customers
13895.0,21,8,3923.62,4,4,5,445,Champions
13896.0,626,1,388.55,1,1,2,112,Lost Customers
13897.0,50,3,1160.72,4,3,3,433,Loyal Customers
13898.0,326,2,686.4,2,2,3,223,Lost Customers
13899.0,16,2,388.52,5,2,2,522,Recent Customers
13900.0,183,7,1608.09,3,4,4,344,Loyal Customers
13901.0,72,20,5599.34,3,5,5,355,Loyal Customers
13902.0,632,8,30411.26,1,4,5,145,At Risk
13903.0,400,1,165.45000000000002,2,1,1,211,Lost Customers
13904.0,37,2,332.64,4,2,2,422,Recent Customers
13905.0,571,3,244.45,1,3,1,131,At Risk
13906.0,409,1,42.0,2,1,1,211,Lost Customers
13907.0,692,1,136.8,1,1,1,111,Lost Customers
13908.0,80,5,2347.05,3,3,4,334,Loyal Customers
13909.0,423,2,282.85,1,2,2,122,Lost Customers
13910.0,443,1,-127.66,1,1,1,111,Lost Customers
13911.0,57,22,4200.04,4,5,5,455,Champions
13912.0,424,1,124.95,1,1,1,111,Lost Customers
13913.0,507,1,42.22,1,1,1,111,Lost Customers
13914.0,4,3,613.95,5,3,3,533,Loyal Customers
13915.0,394,2,31.200000000000003,2,2,1,221,Lost Customers
13916.0,464,5,1260.51,1,3,4,134,At Risk
13917.0,50,2,272.04,4,2,2,422,Recent Customers
13918.0,50,2,1212.8400000000001,4,2,4,424,Recent Customers
13919.0,53,5,1326.03,4,3,4,434,Loyal Customers
13920.0,432,5,1734.88,1,3,4,134,At Risk
13921.0,399,5,720.75,2,3,3,233,At Risk
13922.0,352,5,824.7,2,3,3,233,At Risk
13923.0,54,1,351.13,4,1,2,412,Recent Customers
13924.0,2,11,1682.08,5,5,4,554,Champions
13925.0,36,6,616.65,4,4,3,443,Loyal Customers
13926.0,23,1,223.85000000000002,4,1,1,411,Recent Customers
13927.0,75,3,689.96,3,3,3,333,Loyal Customers
13928.0,11,4,464.57,5,3,2,532,Loyal Customers
13929.0,169,14,3318.1,3,5,5,355,Loyal Customers
13930.0,58,2,337.34,4,2,2,422,Recent Customers
13931.0,86,12,5250.78,3,5,5,355,Loyal Customers
13932.0,295,1,307.4,2,1,2,212,Lost Customers
13933.0,109,2,608.7900000000001,3,2,3,323,Lost Customers
13934.0,264,1,922.1,2,1,3,213,Lost Customers
13935.0,597,3,6116.92,1,3,5,135,At Risk
13936.0,171,4,924.36,3,3,3,333,Loyal Customers
13937.0,169,3,867.38,3,3,3,333,Loyal Customers
13938.0,35,1,71.66,4,1,1,411,Recent Customers
13939.0,23,10,1533.66,4,4,4,444,Champions
13940.0,17,4,839.14,5,3,3,533,Loyal Customers
13941.0,22,17,9826.630000000001,4,5,5,455,Champions
13942.0,535,1,320.0,1,1,2,112,Lost Customers
13943.0,578,1,246.54,1,1,1,111,Lost Customers
13944.0,653,1,200.43,1,1,1,111,Lost Customers
13945.0,395,2,854.15,2,2,3,223,Lost Customers
13946.0,79,7,1745.43,3,4,4,344,Loyal Customers
13947.0,65,1,90.6,3,1,1,311,Lost Customers
13948.0,361,5,536.86,2,3,2,232,At Risk
13949.0,3,6,2427.32,5,4,4,544,Champions
13950.0,11,5,728.56,5,3,3,533,Loyal Customers
13951.0,176,3,674.45,3,3,3,333,Loyal Customers
13952.0,211,17,12790.891,2,5,5,255,At Risk
13953.0,7,12,6640.68,5,5,5,555,Champions
13954.0,2,3,378.59,5,3,2,532,Loyal Customers
13955.0,154,3,544.0699999999999,3,3,2,332,Loyal Customers
13956.0,5,5,1019.27,5,3,3,533,Loyal Customers
13957.0,418,3,458.25,1,3,2,132,At Risk
13958.0,372,12,4504.78,2,5,5,255,At Risk
13959.0,79,6,1064.77,3,4,3,343,Loyal Customers
13960.0,21,2,230.22,4,2,1,421,Recent Customers
13961.0,385,2,498.7,2,2,2,222,Lost Customers
13962.0,22,3,362.8,4,3,2,432,Loyal Customers
13963.0,308,18,2748.32,2,5,4,254,At Risk
13964.0,387,3,421.9,2,3,2,232,At Risk
13965.0,455,5,777.6600000000001,1,3,3,133,At Risk
13966.0,435,1,384.26,1,1,2,112,Lost Customers
13967.0,146,2,166.3,3,2,1,321,Lost Customers
13968.0,423,1,123.66,1,1,1,111,Lost Customers
13969.0,7,39,12820.36,5,5,5,555,Champions
13970.0,386,2,846.55,2,2,3,223,Lost Customers
13971.0,9,18,4593.83,5,5,5,555,Champions
13972.0,71,2,190.25,3,2,1,321,Lost Customers
13973.0,287,1,264.7,2,1,2,212,Lost Customers
13974.0,49,4,663.52,4,3,3,433,Loyal Customers
13975.0,31,14,5224.85,4,5,5,455,Champions
13976.0,207,4,1192.36,2,3,4,234,At Risk
13977.0,411,1,519.8100000000001,2,1,2,212,Lost Customers
13978.0,15,2,196.79000000000002,5,2,1,521,Recent Customers
13979.0,73,11,3290.53,3,5,5,355,Loyal Customers
13980.0,60,9,722.02,3,4,3,343,Loyal Customers
13981.0,401,2,327.39,2,2,2,222,Lost Customers
13982.0,39,13,3927.49,4,5,5,455,Champions
13983.0,30,30,6638.85,4,5,5,455,Champions
13984.0,27,13,1461.32,4,5,4,454,Champions
13985.0,4,24,9982.31,5,5,5,555,Champions
13986.0,17,1,320.46,5,1,2,512,Recent Customers
13987.0,380,2,682.54,2,2,3,223,Lost Customers
13988.0,20,11,4708.64,4,5,5,455,Champions
13989.0,66,5,2026.06,3,3,4,334,Loyal Customers
13990.0,213,1,311.3,2,1,2,212,Lost Customers
13991.0,12,7,847.54,5,4,3,543,Loyal Customers
13992.0,30,3,219.5,4,3,1,431,Loyal Customers
13993.0,32,24,6690.36,4,5,5,455,Champions
13994.0,4,6,2274.14,5,4,4,544,Champions
13995.0,15,18,3836.26,5,5,5,555,Champions
13996.0,386,2,895.76,2,2,3,223,Lost Customers
13997.0,519,3,376.46,1,3,2,132,At Risk
13998.0,447,3,566.7,1,3,2,132,At Risk
13999.0,10,36,9438.01,5,5,5,555,Champions
14000.0,206,8,1877.5900000000001,2,4,4,244,At Risk
14001.0,46,10,4216.1,4,4,5,445,Champions
14002.0,134,2,529.73,3,2,2,322,Lost Customers
14003.0,733,1,209.41,1,1,1,111,Lost Customers
14004.0,43,11,6258.45,4,5,5,455,Champions
14005.0,10,5,2874.72,5,3,5,535,Loyal Customers
14006.0,116,7,2196.67,3,4,4,344,Loyal Customers
14007.0,513,1,79.48,1,1,1,111,Lost Customers
14008.0,375,2,493.74,2,2,2,222,Lost Customers
14009.0,198,4,1090.23,2,3,3,233,At Risk
14010.0,565,3,288.09999999999997,1,3,2,132,At Risk
14011.0,480,3,451.91999999999996,1,3,2,132,At Risk
14012.0,278,1,328.8,2,1,2,212,Lost Customers
14013.0,110,6,1006.22,3,4,3,343,Loyal Customers
14014.0,77,3,1948.21,3,3,4,334,Loyal Customers
14015.0,53,1,917.34,4,1,3,413,Recent Customers
14016.0,154,13,11379.71,3,5,5,355,Loyal Customers
14017.0,571,1,229.75,1,1,1,111,Lost Customers
14018.0,645,1,367.15000000000003,1,1,2,112,Lost Customers
14019.0,47,4,1398.96,4,3,4,434,Loyal Customers
14020.0,17,5,1213.26,5,3,4,534,Loyal Customers
14021.0,155,7,1716.58,3,4,4,344,Loyal Customers
14022.0,225,2,792.15,2,2,3,223,Lost Customers
14023.0,7,2,584.07,5,2,3,523,Recent Customers
14024.0,122,3,645.74,3,3,3,333,Loyal Customers
14025.0,465,10,3969.1,1,4,5,145,At Risk
14026.0,471,2,713.11,1,2,3,123,Lost Customers
14027.0,61,1,104.82,3,1,1,311,Lost Customers
14028.0,499,5,3175.5,1,3,5,135,At Risk
14029.0,63,2,467.66,3,2,2,322,Lost Customers
14030.0,18,22,7405.1,5,5,5,555,Champions
14031.0,7,55,36048.26,5,5,5,555,Champions
14032.0,2,25,4482.21,5,5,5,555,Champions
14033.0,555,1,109.44,1,1,1,111,Lost Customers
14034.0,22,4,509.09,4,3,2,432,Loyal Customers
14035.0,29,11,2790.5,4,5,5,455,Champions
14036.0,285,1,626.65,2,1,3,213,Lost Customers
14037.0,176,7,755.95,3,4,3,343,Loyal Customers
14038.0,78,8,3000.93,3,4,5,345,Loyal Customers
14039.0,33,2,267.28000000000003,4,2,2,422,Recent Customers
14040.0,41,42,12336.08,4,5,5,455,Champions
14041.0,266,1,141.41,2,1,1,211,Lost Customers
14042.0,725,1,431.98,1,1,2,112,Lost Customers
14043.0,491,3,299.65,1,3,2,132,At Risk
14044.0,27,11,3060.75,4,5,5,455,Champions
14045.0,109,19,9334.23,3,5,5,355,Loyal Customers
14046.0,284,1,154.99,2,1,1,211,Lost Customers
14047.0,9,19,3881.11,5,5,5,555,Champions
14048.0,277,4,713.89,2,3,3,233,At Risk
14049.0,17,18,12848.4,5,5,5,555,Champions
14050.0,32,2,746.36,4,2,3,423,Recent Customers
14051.0,1,42,21441.48,5,5,5,555,Champions
14052.0,20,2,466.66,4,2,2,422,Recent Customers
14053.0,124,4,572.3,3,3,2,332,Loyal Customers
14054.0,65,1,92.46,3,1,1,311,Lost Customers
14055.0,106,3,1520.96,3,3,4,334,Loyal Customers
14056.0,1,29,8062.46,5,5,5,555,Champions
14057.0,24,23,8276.1,4,5,5,455,Champions
14058.0,463,2,469.19,1,2,2,122,Lost Customers
14059.0,267,1,183.6,2,1,1,211,Lost Customers
14060.0,5,32,8882.3,5,5,5,555,Champions
14061.0,507,3,917.4300000000001,1,3,3,133,At Risk
14062.0,10,27,25416.28,5,5,5,555,Champions
14063.0,431,13,-3767.1999999999994,1,5,1,151,At Risk
14064.0,29,21,2967.57,4,5,5,455,Champions
14065.0,389,4,889.37,2,3,3,233,At Risk
14066.0,267,1,152.55,2,1,1,211,Lost Customers
14067.0,64,2,374.7,3,2,2,322,Lost Customers
14068.0,320,5,1493.32,2,3,4,234,At Risk
14069.0,515,2,225.81,1,2,1,121,Lost Customers
14070.0,685,1,321.6,1,1,2,112,Lost Customers
14071.0,4,9,1306.16,5,4,4,544,Champions
14072.0,667,1,390.85,1,1,2,112,Lost Customers
14073.0,21,2,139.54,4,2,1,421,Recent Customers
14074.0,623,1,219.39999999999998,1,1,1,111,Lost Customers
14075.0,5,6,1734.87,5,4,4,544,Champions
14076.0,129,1,118.67,3,1,1,311,Lost Customers
14077.0,41,6,615.0799999999999,4,4,3,443,Loyal Customers
14078.0,102,9,1553.47,3,4,4,344,Loyal Customers
14079.0,125,2,618.73,3,2,3,323,Lost Customers
14080.0,33,6,1075.73,4,4,3,443,Loyal Customers
14081.0,267,16,4747.52,2,5,5,255,At Risk
14082.0,365,2,413.36,2,2,2,222,Lost Customers
14083.0,4,11,1082.19,5,5,3,553,Loyal Customers
14084.0,512,1,150.5,1,1,1,111,Lost Customers
14085.0,2,34,9707.92,5,5,5,555,Champions
14086.0,463,1,39.95,1,1,1,111,Lost Customers
14087.0,3,5,786.72,5,3,3,533,Loyal Customers
14088.0,10,20,62400.02,5,5,5,555,Champions
14089.0,57,1,158.75,4,1,1,411,Recent Customers
14090.0,325,1,76.32000000000001,2,1,1,211,Lost Customers
14091.0,654,2,9530.08,1,2,5,125,Lost Customers
14092.0,8,27,7215.64,5,5,5,555,Champions
14093.0,12,1,433.86,5,1,2,512,Recent Customers
14094.0,440,2,310.82,1,2,2,122,Lost Customers
14095.0,723,1,2.95,1,1,1,111,Lost Customers
14096.0,4,34,57120.909999999996,5,5,5,555,Champions
14097.0,481,2,422.85999999999996,1,2,2,122,Lost Customers
14098.0,37,1,147.35,4,1,1,411,Recent Customers
14099.0,16,22,5685.71,5,5,5,555,Champions
14100.0,138,1,191.95000000000002,3,1,1,311,Lost Customers
14101.0,74,14,9942.13,3,5,5,355,Loyal Customers
14102.0,5,8,1060.33,5,4,3,543,Loyal Customers
14104.0,155,5,743.53,3,3,3,333,Loyal Customers
14105.0,85,9,5703.9800000000005,3,4,5,345,Loyal Customers
14106.0,737,1,214.79999999999998,1,1,1,111,Lost Customers
14107.0,52,13,4853.7,4,5,5,455,Champions
14108.0,31,5,1041.21,4,3,3,433,Loyal Customers
14109.0,23,2,80.2,4,2,1,421,Recent Customers
14110.0,4,35,12957.6,5,5,5,555,Champions
14111.0,14,5,688.6,5,3,3,533,Loyal Customers
14112.0,23,27,5524.51,4,5,5,455,Champions
14113.0,4,31,6156.75,5,5,5,555,Champions
14114.0,274,7,1364.09,2,4,4,244,At Risk
14115.0,502,2,622.6700000000001,1,2,3,123,Lost Customers
14116.0,20,5,1382.74,4,3,4,434,Loyal Customers
14117.0,144,1,90.0,3,1,1,311,Lost Customers
14118.0,429,1,458.45,1,1,2,112,Lost Customers
14119.0,354,3,163.47,2,3,1,231,At Risk
14120.0,430,1,-23.8,1,1,1,111,Lost Customers
14121.0,4,6,2740.3,5,4,4,544,Champions
14122.0,395,5,309.77,2,3,2,232,At Risk
14123.0,733,1,436.18,1,1,2,112,Lost Customers
14124.0,84,1,419.58000000000004,3,1,2,312,Lost Customers
14125.0,11,3,2720.63,5,3,4,534,Loyal Customers
14126.0,8,5,1109.96,5,4,3,543,Loyal Customers
14127.0,123,6,1900.0800000000002,3,4,4,344,Loyal Customers
14128.0,61,4,909.36,3,3,3,333,Loyal Customers
14129.0,2,9,2591.34,5,4,4,544,Champions
14130.0,319,4,1858.77,2,3,4,234,At Risk
14131.0,649,1,168.22,1,1,1,111,Lost Customers
14132.0,2,12,3580.13,5,5,5,555,Champions
14133.0,130,6,895.8399999999999,3,4,3,343,Loyal Customers
14134.0,383,15,11123.35,2,5,5,255,At Risk
14135.0,2,25,8800.8,5,5,5,555,Champions
14136.0,401,7,1553.96,2,4,4,244,At Risk
14137.0,682,2,294.1,1,2,2,122,Lost Customers
14138.0,2,2,965.8800000000001,5,2,3,523,Recent Customers
14139.0,46,4,1086.8,4,3,3,433,Loyal Customers
14140.0,4,3,920.05,5,3,3,533,Loyal Customers
14141.0,3,6,879.0300000000001,5,4,3,543,Loyal Customers
14142.0,373,4,655.94,2,3,3,233,At Risk
14143.0,134,1,115.8,3,1,1,311,Lost Customers
14144.0,486,1,30.599999999999998,1,1,1,111,Lost Customers
14145.0,47,8,7006.05,4,4,5,445,Champions
14146.0,9,13,8208.87,5,5,5,555,Champions
14147.0,49,12,2019.3,4,5,4,454,Champions
14148.0,234,2,466.29,2,2,2,222,Lost Customers
14149.0,213,3,259.43,2,3,2,232,At Risk
14150.0,36,2,658.64,4,2,3,423,Recent Customers
14151.0,673,3,666.7,1,3,3,133,At Risk
14152.0,75,9,1975.44,3,4,4,344,Loyal Customers
14153.0,483,1,233.4,1,1,1,111,Lost Customers
14154.0,239,10,6263.6,2,4,5,245,At Risk
14155.0,266,1,118.75,2,1,1,211,Lost Customers
14156.0,10,202,296063.44,5,5,5,555,Champions
14157.0,20,6,946.24,4,4,3,443,Loyal Customers
14158.0,40,1,507.66,4,1,2,412,Recent Customers
14159.0,20,25,7494.67,4,5,5,455,Champions
14160.0,610,7,8421.47,1,4,5,145,At Risk
14161.0,216,7,2996.93,2,4,5,245,At Risk
14162.0,174,2,289.36,3,2,2,322,Lost Customers
14163.0,87,5,2594.62,3,4,4,344,Loyal Customers
14164.0,71,2,1631.77,3,2,4,324,Lost Customers
14165.0,276,1,120.44,2,1,1,211,Lost Customers
14166.0,505,2,251.15,1,2,1,121,Lost Customers
14167.0,39,8,1274.29,4,4,4,444,Champions
14168.0,421,3,305.9,1,3,2,132,At Risk
14169.0,431,2,621.51,1,2,3,123,Lost Customers
14170.0,375,3,570.18,2,3,2,232,At Risk
14171.0,98,2,498.79,3,2,2,322,Lost Customers
14172.0,605,4,356.27,1,3,2,132,At Risk
14173.0,11,7,566.95,5,4,2,542,Loyal Customers
14174.0,33,1,134.46,4,1,1,411,Recent Customers
14175.0,51,17,7350.44,4,5,5,455,Champions
14176.0,297,6,753.5600000000001,2,4,3,243,At Risk
14177.0,85,14,2204.74,3,5,4,354,Loyal Customers
14178.0,9,7,1600.26,5,4,4,544,Champions
14179.0,41,2,701.57,4,2,3,423,Recent Customers
14180.0,11,42,5909.0,5,5,5,555,Champions
14181.0,411,2,308.35,2,2,2,222,Lost Customers
14182.0,444,5,660.07,1,4,3,143,At Risk
14183.0,411,2,278.34000000000003,2,2,2,222,Lost Customers
14184.0,67,1,452.89,3,1,2,312,Lost Customers
14185.0,331,1,197.65,2,1,1,211,Lost Customers
14186.0,427,5,1550.63,1,4,4,144,At Risk
14187.0,474,1,123.5,1,1,1,111,Lost Customers
14188.0,9,10,2018.91,5,4,4,544,Champions
14189.0,2,25,5453.38,5,5,5,555,Champions
14190.0,666,1,79.9,1,1,1,111,Lost Customers
14191.0,2,17,4713.41,5,5,5,555,Champions
14192.0,388,1,293.74,2,1,2,212,Lost Customers
14193.0,68,3,1210.19,3,3,4,334,Loyal Customers
14194.0,5,54,18442.87,5,5,5,555,Champions
14195.0,202,10,2381.24,2,4,4,244,At Risk
14196.0,107,1,335.52,3,1,2,312,Lost Customers
14197.0,411,1,390.05,2,1,2,212,Lost Customers
14198.0,4,13,1527.58,5,5,4,554,Champions
14199.0,218,6,916.4999999999999,2,4,3,243,At Risk
14200.0,617,1,379.2,1,1,2,112,Lost Customers
14201.0,60,12,1134.14,3,5,3,353,Loyal Customers
14202.0,381,3,847.76,2,3,3,233,At Risk
14203.0,397,1,339.34,2,1,2,212,Lost Customers
14204.0,2,4,1024.83,5,3,3,533,Loyal Customers
14205.0,11,12,2146.58,5,5,4,554,Champions
14206.0,239,5,1145.21,2,4,3,243,At Risk
14207.0,688,1,157.8,1,1,1,111,Lost Customers
14208.0,95,2,567.05,3,2,2,322,Lost Customers
14209.0,11,19,4937.37,5,5,5,555,Champions
14210.0,91,21,5509.37,3,5,5,355,Loyal Customers
14211.0,53,26,4301.69,4,5,5,455,Champions
14212.0,90,2,2190.14,3,2,4,324,Lost Customers
14213.0,372,2,-1.4210854715202004e-14,2,2,1,221,Lost Customers
14214.0,31,7,1000.23,4,4,3,443,Loyal Customers
14215.0,12,10,3238.53,5,4,5,545,Champions
14216.0,3,6,2142.39,5,4,4,544,Champions
14217.0,2,33,3105.52,5,5,5,555,Champions
14218.0,43,1,169.48000000000002,4,1,1,411,Recent Customers
14219.0,4,3,633.83,5,3,3,533,Loyal Customers
14220.0,247,4,1515.0,2,3,4,234,At Risk
14221.0,42,19,6506.59,4,5,5,455,Champions
14222.0,177,1,683.17,3,1,3,313,Lost Customers
14223.0,92,4,975.23,3,3,3,333,Loyal Customers
14224.0,110,9,1841.71,3,4,4,344,Loyal Customers
14225.0,435,5,2009.17,1,4,4,144,At Risk
14226.0,29,9,2950.38,4,4,5,445,Champions
14227.0,26,22,6327.31,4,5,5,455,Champions
14228.0,438,3,745.5,1,3,3,133,At Risk
14229.0,52,11,2468.99,4,5,4,454,Champions
14230.0,436,3,979.8000000000001,1,3,3,133,At Risk
14231.0,179,6,1131.97,3,4,3,343,Loyal Customers
14232.0,32,8,2043.93,4,4,4,444,Champions
14233.0,44,10,2766.96,4,4,4,444,Champions
14234.0,22,4,754.12,4,3,3,433,Loyal Customers
14235.0,10,10,4666.99,5,4,5,545,Champions
14236.0,81,7,1543.44,3,4,4,344,Loyal Customers
14237.0,373,3,466.04,2,3,2,232,At Risk
14238.0,326,3,434.23,2,3,2,232,At Risk
14239.0,43,24,4203.72,4,5,5,455,Champions
14240.0,30,3,1247.49,4,3,4,434,Loyal Customers
14241.0,184,2,333.70000000000005,3,2,2,322,Lost Customers
14242.0,235,2,280.55,2,2,2,222,Lost Customers
14243.0,9,23,7152.06,5,5,5,555,Champions
14244.0,659,2,354.82,1,2,2,122,Lost Customers
14245.0,176,5,1677.48,3,4,4,344,Loyal Customers
14246.0,111,3,1474.06,3,3,4,334,Loyal Customers
14247.0,278,6,750.61,2,4,3,243,At Risk
14248.0,318,3,1032.95,2,3,3,233,At Risk
14249.0,411,12,5400.461,2,5,5,255,At Risk
14250.0,7,3,1904.05,5,3,4,534,Loyal Customers
14251.0,2,5,2879.7000000000003,5,4,5,545,Champions
14252.0,381,1,350.99,2,1,2,212,Lost Customers
14253.0,493,2,363.40000000000003,1,2,2,122,Lost Customers
14254.0,433,1,601.03,1,1,3,113,Lost Customers
14255.0,546,4,-1441.6,1,3,1,131,At Risk
14256.0,254,9,2384.14,2,4,4,244,At Risk
14257.0,51,10,5942.0,4,4,5,445,Champions
14258.0,9,32,31027.35,5,5,5,555,Champions
14259.0,142,1,120.0,3,1,1,311,Lost Customers
14260.0,471,3,824.28,1,3,3,133,At Risk
14261.0,51,2,1163.45,4,2,4,424,Recent Customers
14262.0,8,8,2618.23,5,4,4,544,Champions
14263.0,423,1,322.93,1,1,2,112,Lost Customers
14264.0,155,8,1475.8600000000001,3,4,4,344,Loyal Customers
14265.0,109,4,1373.35,3,3,4,334,Loyal Customers
14266.0,428,1,40.56,1,1,1,111,Lost Customers
14267.0,151,9,1259.19,3,4,4,344,Loyal Customers
14268.0,471,1,354.85,1,1,2,112,Lost Customers
14269.0,435,2,261.68,1,2,2,122,Lost Customers
14270.0,332,1,492.65000000000003,2,1,2,212,Lost Customers
14271.0,226,2,214.18,2,2,1,221,Lost Customers
14272.0,74,4,920.81,3,3,3,333,Loyal Customers
14273.0,51,4,559.97,4,3,2,432,Loyal Customers
14274.0,686,1,256.6,1,1,2,112,Lost Customers
14275.0,396,6,1189.3799999999999,2,4,4,244,At Risk
14276.0,88,13,1929.32,3,5,4,354,Loyal Customers
14277.0,15,14,4296.2699999999995,5,5,5,555,Champions
14278.0,410,1,205.83,2,1,1,211,Lost Customers
14279.0,521,2,191.86,1,2,1,121,Lost Customers
14280.0,197,1,134.04,2,1,1,211,Lost Customers
14281.0,408,1,245.15,2,1,1,211,Lost Customers
14282.0,3,26,7245.76,5,5,5,555,Champions
14283.0,463,4,628.4399999999999,1,3,3,133,At Risk
14284.0,31,4,1282.85,4,3,4,434,Loyal Customers
14285.0,21,9,3158.64,4,4,5,445,Champions
14286.0,24,12,8396.7,4,5,5,455,Champions
14287.0,8,4,151.23000000000002,5,3,1,531,Loyal Customers
14288.0,212,2,413.85,2,2,2,222,Lost Customers
14289.0,9,6,911.26,5,4,3,543,Loyal Customers
14290.0,11,14,4208.93,5,5,5,555,Champions
14291.0,2,25,7844.4,5,5,5,555,Champions
14292.0,8,27,8887.9,5,5,5,555,Champions
14293.0,3,10,2809.41,5,4,5,545,Champions
14294.0,407,1,375.34,2,1,2,212,Lost Customers
14295.0,40,8,2316.06,4,4,4,444,Champions
14296.0,414,3,448.45,1,3,2,132,At Risk
14297.0,18,6,1284.06,5,4,4,544,Champions
14298.0,3,84,90489.31,5,5,5,555,Champions
14299.0,8,41,12607.53,5,5,5,555,Champions
14300.0,19,1,43.2,4,1,1,411,Recent Customers
14301.0,108,7,1956.23,3,4,4,344,Loyal Customers
14302.0,431,3,742.9000000000001,1,3,3,133,At Risk
14303.0,407,2,277.94,2,2,2,222,Lost Customers
14304.0,223,5,1523.81,2,4,4,244,At Risk
14305.0,71,5,1803.76,3,4,4,344,Loyal Customers
14306.0,51,7,3141.5,4,4,5,445,Champions
14307.0,89,11,4279.97,3,5,5,355,Loyal Customers
14308.0,549,5,-849.45,1,4,1,141,At Risk
14309.0,8,12,3747.96,5,5,5,555,Champions
14310.0,433,1,492.1,1,1,2,112,Lost Customers
14311.0,225,3,435.90000000000003,2,3,2,232,At Risk
14312.0,47,11,3090.29,4,5,5,455,Champions
14313.0,624,1,-302.31,1,1,1,111,Lost Customers
14314.0,107,3,221.9,3,3,1,331,Loyal Customers
14315.0,21,10,3168.72,4,4,5,445,Champions
14316.0,422,6,1355.34,1,4,4,144,At Risk
14317.0,65,1,508.58000000000004,3,1,2,312,Lost Customers
14318.0,460,1,158.02,1,1,1,111,Lost Customers
14319.0,424,2,476.95000000000005,1,2,2,122,Lost Customers
14320.0,207,7,1204.1200000000001,2,4,4,244,At Risk
14321.0,11,8,2198.58,5,4,4,544,Champions
14322.0,427,6,384.3,1,4,2,142,At Risk
14323.0,115,4,574.26,3,3,3,333,Loyal Customers
14324.0,410,2,701.61,2,2,3,223,Lost Customers
14325.0,570,1,245.48000000000002,1,1,1,111,Lost Customers
14326.0,235,4,923.98,2,3,3,233,At Risk
14327.0,163,6,1894.93,3,4,4,344,Loyal Customers
14328.0,431,3,-445.06,1,3,1,131,At Risk
14329.0,9,28,9695.92,5,5,5,555,Champions
14330.0,624,1,200.63,1,1,1,111,Lost Customers
14331.0,124,2,462.65999999999997,3,2,2,322,Lost Customers
14332.0,23,5,1917.41,4,4,4,444,Champions
14333.0,64,2,351.45,3,2,2,322,Lost Customers
14334.0,17,14,4292.98,5,5,5,555,Champions
14335.0,16,2,454.86,5,2,2,522,Recent Customers
14336.0,17,4,1614.91,5,3,4,534,Loyal Customers
14337.0,731,1,-658.63,1,1,1,111,Lost Customers
14338.0,158,5,894.1,3,4,3,343,Loyal Customers
14339.0,235,5,600.66,2,4,3,243,At Risk
14340.0,219,1,134.7,2,1,1,211,Lost Customers
14341.0,45,20,4428.17,4,5,5,455,Champions
14342.0,21,9,842.74,4,4,3,443,Loyal Customers
14343.0,421,4,1079.66,1,3,3,133,At Risk
14344.0,127,20,2993.05,3,5,5,355,Loyal Customers
14345.0,39,1,108.97999999999999,4,1,1,411,Recent Customers
14346.0,121,5,2315.75,3,4,4,344,Loyal Customers
14347.0,737,1,82.6,1,1,1,111,Lost Customers
14348.0,260,1,409.57,2,1,2,212,Lost Customers
14349.0,10,1,133.5,5,1,1,511,Recent Customers
14350.0,271,4,947.8,2,3,3,233,At Risk
14351.0,165,1,51.0,3,1,1,311,Lost Customers
14352.0,157,4,1078.96,3,3,3,333,Loyal Customers
14353.0,215,3,376.5,2,3,2,232,At Risk
14354.0,6,2,163.62,5,2,1,521,Recent Customers
14355.0,366,3,840.0500000000001,2,3,3,233,At Risk
14356.0,60,4,666.9399999999999,3,3,3,333,Loyal Customers
14357.0,43,1,225.12,4,1,1,411,Recent Customers
14358.0,389,3,384.29999999999995,2,3,2,232,At Risk
14359.0,19,6,882.58,4,4,3,443,Loyal Customers
14360.0,32,4,2118.03,4,3,4,434,Loyal Customers
14361.0,579,1,214.70999999999998,1,1,1,111,Lost Customers
14362.0,22,1,151.5,4,1,1,411,Recent Customers
14363.0,402,2,227.47000000000003,2,2,1,221,Lost Customers
14364.0,109,8,3717.35,3,4,5,345,Loyal Customers
14365.0,395,2,634.68,2,2,3,223,Lost Customers
14366.0,525,1,136.0,1,1,1,111,Lost Customers
14367.0,8,19,9134.12,5,5,5,555,Champions
14368.0,320,1,155.0,2,1,1,211,Lost Customers
14369.0,642,2,469.13,1,2,2,122,Lost Customers
14370.0,451,9,1092.13,1,4,3,143,At Risk
14371.0,295,1,100.5,2,1,1,211,Lost Customers
14372.0,443,3,830.1800000000001,1,3,3,133,At Risk
14373.0,358,1,76.55,2,1,1,211,Lost Customers
14374.0,541,1,108.0,1,1,1,111,Lost Customers
14375.0,185,3,1106.82,3,3,3,333,Loyal Customers
14376.0,683,1,215.46,1,1,1,111,Lost Customers
14377.0,191,2,617.05,2,2,3,223,Lost Customers
14378.0,622,1,131.25,1,1,1,111,Lost Customers
14379.0,44,4,1265.16,4,3,4,434,Loyal Customers
14380.0,603,2,-99.72999999999999,1,2,1,121,Lost Customers
14381.0,52,2,625.9399999999999,4,2,3,423,Recent Customers
14382.0,26,3,1187.68,4,3,4,434,Loyal Customers
14383.0,38,3,1247.69,4,3,4,434,Loyal Customers
14384.0,501,1,58.5,1,1,1,111,Lost Customers
14385.0,9,3,202.11,5,3,1,531,Loyal Customers
14386.0,297,1,142.4,2,1,1,211,Lost Customers
14387.0,33,3,1727.6,4,3,4,434,Loyal Customers
14388.0,9,20,6289.95,5,5,5,555,Champions
14389.0,9,11,1821.07,5,5,4,554,Champions
14390.0,10,18,6079.4800000000005,5,5,5,555,Champions
14391.0,577,1,135.6,1,1,1,111,Lost Customers
14392.0,432,1,266.4,1,1,2,112,Lost Customers
14393.0,218,1,67.95,2,1,1,211,Lost Customers
14394.0,565,1,93.8,1,1,1,111,Lost Customers
14395.0,2,24,7754.7300000000005,5,5,5,555,Champions
14396.0,65,7,1969.38,3,4,4,344,Loyal Customers
14397.0,1,23,2556.68,5,5,4,554,Champions
14398.0,401,2,707.79,2,2,3,223,Lost Customers
14399.0,394,9,2093.21,2,4,4,244,At Risk
14400.0,141,5,1703.0,3,4,4,344,Loyal Customers
14401.0,4,25,6703.4,5,5,5,555,Champions
14402.0,652,1,285.6,1,1,2,112,Lost Customers
14403.0,130,9,1822.76,3,4,4,344,Loyal Customers
14404.0,34,15,2625.13,4,5,4,454,Champions
14405.0,387,1,195.0,2,1,1,211,Lost Customers
14406.0,119,1,156.75,3,1,1,311,Lost Customers
14407.0,107,9,2111.08,3,4,4,344,Loyal Customers
14408.0,11,11,4102.27,5,5,5,555,Champions
14409.0,71,10,3276.09,3,4,5,345,Loyal Customers
14410.0,16,17,2105.08,5,5,4,554,Champions
14411.0,311,1,1063.0,2,1,3,213,Lost Customers
14412.0,35,4,1417.49,4,3,4,434,Loyal Customers
14413.0,362,4,764.52,2,3,3,233,At Risk
14414.0,92,9,2387.48,3,4,4,344,Loyal Customers
14415.0,1,32,11803.62,5,5,5,555,Champions
14416.0,22,2,490.22,4,2,2,422,Recent Customers
14417.0,388,1,524.65,2,1,2,212,Lost Customers
14418.0,4,3,1937.25,5,3,4,534,Loyal Customers
14419.0,11,7,1254.64,5,4,4,544,Champions
14420.0,85,7,1627.72,3,4,4,344,Loyal Customers
14421.0,57,7,2456.62,4,4,4,444,Champions
14422.0,1,21,10200.92,5,5,5,555,Champions
14423.0,218,4,914.9599999999999,2,3,3,233,At Risk
14424.0,18,1,322.08,5,1,2,512,Recent Customers
14425.0,427,5,635.89,1,4,3,143,At Risk
14426.0,19,27,11103.97,4,5,5,455,Champions
14427.0,50,4,1263.52,4,3,4,434,Loyal Customers
14428.0,7,7,1209.3700000000001,5,4,4,544,Champions
14429.0,404,1,516.28,2,1,2,212,Lost Customers
14430.0,512,5,956.4000000000001,1,4,3,143,At Risk
14431.0,299,5,2567.1,2,4,4,244,At Risk
14432.0,10,6,2248.5,5,4,4,544,Champions
14433.0,466,1,280.7,1,1,2,112,Lost Customers
14434.0,22,6,1372.8,4,4,4,444,Champions
14435.0,502,1,90.42,1,1,1,111,Lost Customers
14436.0,99,2,271.70000000000005,3,2,2,322,Lost Customers
14437.0,143,7,744.44,3,4,3,343,Loyal Customers
14438.0,306,1,131.9,2,1,1,211,Lost Customers
14439.0,320,5,9443.04,2,4,5,245,At Risk
14440.0,8,15,5870.13,5,5,5,555,Champions
14441.0,1,19,4370.09,5,5,5,555,Champions
14442.0,2,12,5272.02,5,5,5,555,Champions
14443.0,54,8,2063.65,4,4,4,444,Champions
14444.0,456,1,120.44,1,1,1,111,Lost Customers
14445.0,456,1,221.65,1,1,1,111,Lost Customers
14446.0,1,5,1200.28,5,4,4,544,Champions
14447.0,19,6,1711.73,4,4,4,444,Champions
14448.0,9,2,375.35,5,2,2,522,Recent Customers
14449.0,19,8,2230.96,4,4,4,444,Champions
14450.0,181,7,1128.44,3,4,3,343,Loyal Customers
14451.0,60,18,3215.5,3,5,5,355,Loyal Customers
14452.0,11,4,658.95,5,3,3,533,Loyal Customers
14453.0,190,1,119.93,3,1,1,311,Lost Customers
14454.0,376,6,970.7,2,4,3,243,At Risk
14455.0,432,5,584.37,1,4,3,143,At Risk
14456.0,5,14,3002.5099999999998,5,5,5,555,Champions
14457.0,311,1,113.64,2,1,1,211,Lost Customers
14458.0,381,1,228.07,2,1,1,211,Lost Customers
14459.0,155,3,5339.1410000000005,3,3,5,335,Loyal Customers
14460.0,110,12,919.6,3,5,3,353,Loyal Customers
14461.0,148,14,6661.01,3,5,5,355,Loyal Customers
14462.0,64,16,2204.69,3,5,4,354,Loyal Customers
14463.0,98,4,786.5699999999999,3,3,3,333,Loyal Customers
14464.0,568,2,111.0,1,2,1,121,Lost Customers
14465.0,247,11,3925.85,2,5,5,255,At Risk
14466.0,29,13,4267.15,4,5,5,455,Champions
14467.0,18,12,2203.2400000000002,5,5,4,554,Champions
14468.0,734,1,204.24,1,1,1,111,Lost Customers
14469.0,416,4,2093.46,1,3,4,134,At Risk
14470.0,12,3,712.04,5,3,3,533,Loyal Customers
14471.0,591,2,400.95,1,2,2,122,Lost Customers
14472.0,104,9,2118.72,3,4,4,344,Loyal Customers
14473.0,74,2,234.34000000000003,3,2,1,321,Lost Customers
14474.0,43,3,1248.94,4,3,4,434,Loyal Customers
14475.0,72,7,1025.1200000000001,3,4,3,343,Loyal Customers
14476.0,257,1,193.0,2,1,1,211,Lost Customers
14477.0,20,10,1960.61,4,4,4,444,Champions
14478.0,382,4,1276.66,2,3,4,234,At Risk
14479.0,254,4,1124.71,2,3,3,233,At Risk
14480.0,11,5,1295.27,5,4,4,544,Champions
14481.0,165,6,1908.52,3,4,4,344,Loyal Customers
14482.0,18,14,4141.06,5,5,5,555,Champions
14483.0,150,3,249.2,3,3,1,331,Loyal Customers
14484.0,50,4,1070.98,4,3,3,433,Loyal Customers
14485.0,39,1,162.8,4,1,1,411,Recent Customers
14486.0,512,2,175.5,1,2,1,121,Lost Customers
14487.0,27,8,1253.52,4,4,4,444,Champions
14488.0,51,2,1047.43,4,2,3,423,Recent Customers
14489.0,207,4,1574.93,2,3,4,234,At Risk
14490.0,406,2,1273.47,2,2,4,224,Lost Customers
14491.0,175,2,340.93,3,2,2,322,Lost Customers
14492.0,430,10,1574.3600000000001,1,4,4,144,At Risk
14493.0,7,14,4993.76,5,5,5,555,Champions
14494.0,26,3,401.46,4,3,2,432,Loyal Customers
14495.0,51,4,166.3,4,3,1,431,Loyal Customers
14496.0,312,10,2341.54,2,4,4,244,At Risk
14497.0,301,3,679.16,2,3,3,233,At Risk
14498.0,43,10,3900.83,4,4,5,445,Champions
14499.0,26,10,2083.44,4,4,4,444,Champions
14500.0,88,3,356.85,3,3,2,332,Loyal Customers
14501.0,64,3,190.31,3,3,1,331,Loyal Customers
14502.0,20,14,2310.18,4,5,4,454,Champions
14503.0,3,6,3543.26,5,4,5,545,Champions
14504.0,47,4,673.26,4,3,3,433,Loyal Customers
14505.0,17,27,11596.04,5,5,5,555,Champions
14506.0,17,7,2960.25,5,4,5,545,Champions
14507.0,24,14,3104.8,4,5,5,455,Champions
14508.0,22,6,804.07,4,4,3,443,Loyal Customers
14509.0,534,1,110.95,1,1,1,111,Lost Customers
14510.0,376,4,964.55,2,3,3,233,At Risk
14511.0,11,6,1267.4099999999999,5,4,4,544,Champions
14512.0,188,7,1215.97,3,4,4,344,Loyal Customers
14513.0,101,7,770.9100000000001,3,4,3,343,Loyal Customers
14514.0,61,10,4375.79,3,4,5,345,Loyal Customers
14515.0,18,15,3693.7,5,5,5,555,Champions
14516.0,516,1,151.17,1,1,1,111,Lost Customers
14517.0,33,2,330.45,4,2,2,422,Recent Customers
14518.0,64,1,174.37,3,1,1,311,Lost Customers
14519.0,684,2,203.14,1,2,1,121,Lost Customers
14520.0,2,2,270.6,5,2,2,522,Recent Customers
14521.0,477,2,167.65,1,2,1,121,Lost Customers
14522.0,24,8,1748.42,4,4,4,444,Champions
14523.0,108,1,241.09,3,1,1,311,Lost Customers
14524.0,32,13,2909.86,4,5,5,455,Champions
14525.0,9,21,7915.71,5,5,5,555,Champions
14526.0,389,1,258.65,2,1,2,212,Lost Customers
14527.0,3,190,25285.91,5,5,5,555,Champions
14528.0,37,1,364.21999999999997,4,1,2,412,Recent Customers
14529.0,60,3,578.61,3,3,3,333,Loyal Customers
14530.0,26,19,5968.62,4,5,5,455,Champions
14531.0,480,1,376.34,1,1,2,112,Lost Customers
14532.0,236,12,3833.03,2,5,5,255,At Risk
14533.0,25,15,3185.12,4,5,5,455,Champions
14534.0,3,38,5702.97,5,5,5,555,Champions
14535.0,59,11,5815.13,3,5,5,355,Loyal Customers
14536.0,260,1,170.95,2,1,1,211,Lost Customers
14537.0,58,3,635.45,4,3,3,433,Loyal Customers
14538.0,65,5,1370.8400000000001,3,4,4,344,Loyal Customers
14539.0,16,2,537.48,5,2,2,522,Recent Customers
14540.0,10,12,3699.7400000000002,5,5,5,555,Champions
14541.0,59,14,2491.38,3,5,4,354,Loyal Customers
14542.0,186,1,103.25,3,1,1,311,Lost Customers
14543.0,4,50,11905.710000000001,5,5,5,555,Champions
14544.0,24,3,2938.53,4,3,5,435,Loyal Customers
14545.0,674,1,349.25,1,1,2,112,Lost Customers
14546.0,4,20,4987.97,5,5,5,555,Champions
14547.0,4,9,3953.9500000000003,5,4,5,545,Champions
14548.0,151,9,2541.29,3,4,4,344,Loyal Customers
14549.0,311,4,913.6,2,3,3,233,At Risk
14550.0,11,4,1345.06,5,3,4,534,Loyal Customers
14551.0,18,9,856.64,5,4,3,543,Loyal Customers
14552.0,152,3,507.93,3,3,2,332,Loyal Customers
14553.0,19,10,1793.1,4,4,4,444,Champions
14554.0,10,4,2279.4900000000002,5,3,4,534,Loyal Customers
14555.0,57,7,2294.88,4,4,4,444,Champions
14556.0,596,3,815.69,1,3,3,133,At Risk
14557.0,64,2,0.0,3,2,1,321,Lost Customers
14558.0,653,5,614.1,1,4,3,143,At Risk
14559.0,390,1,75.6,2,1,1,211,Lost Customers
14560.0,7,46,6050.44,5,5,5,555,Champions
14561.0,76,3,1080.76,3,3,3,333,Loyal Customers
14562.0,4,30,6308.0,5,5,5,555,Champions
14563.0,510,2,640.54,1,2,3,123,Lost Customers
14564.0,427,5,2519.32,1,4,4,144,At Risk
14565.0,96,7,3833.87,3,4,5,345,Loyal Customers
14566.0,111,4,4092.0,3,3,5,335,Loyal Customers
14567.0,35,3,1524.46,4,3,4,434,Loyal Customers
14568.0,424,2,909.5,1,2,3,123,Lost Customers
14569.0,1,4,597.3299999999999,5,3,3,533,Loyal Customers
14570.0,281,3,613.75,2,3,3,233,At Risk
14571.0,425,1,160.0,1,1,1,111,Lost Customers
14572.0,3,15,5484.9800000000005,5,5,5,555,Champions
14573.0,180,17,2113.42,3,5,4,354,Loyal Customers
14574.0,733,1,143.70000000000002,1,1,1,111,Lost Customers
14575.0,488,1,420.22,1,1,2,112,Lost Customers
14576.0,372,1,35.400000000000006,2,1,1,211,Lost Customers
14577.0,13,7,1364.15,5,4,4,544,Champions
14578.0,3,1,168.63,5,1,1,511,Recent Customers
14579.0,432,1,105.56,1,1,1,111,Lost Customers
14580.0,518,1,14.850000000000001,1,1,1,111,Lost Customers
14581.0,17,2,409.65,5,2,2,522,Recent Customers
14582.0,41,1,114.11,4,1,1,411,Recent Customers
14583.0,6,8,1660.29,5,4,4,544,Champions
14584.0,169,9,1725.16,3,4,4,344,Loyal Customers
14585.0,50,5,1143.27,4,4,3,443,Loyal Customers
14586.0,227,3,134.16,2,3,1,231,At Risk
14587.0,19,10,1577.39,4,4,4,444,Champions
14588.0,578,1,135.39,1,1,1,111,Lost Customers
14589.0,372,1,39.75,2,1,1,211,Lost Customers
14590.0,425,28,2871.04,1,5,5,155,At Risk
14591.0,15,4,1320.21,5,3,4,534,Loyal Customers
14592.0,35,3,557.94,4,3,2,432,Loyal Customers
14593.0,22,18,3568.69,4,5,5,455,Champions
14594.0,7,2,363.33,5,2,2,522,Recent Customers
14595.0,20,8,2164.45,4,4,4,444,Champions
14596.0,627,1,222.22000000000003,1,1,1,111,Lost Customers
14597.0,11,6,2184.63,5,4,4,544,Champions
14598.0,44,3,221.97,4,3,1,431,Loyal Customers
14599.0,390,2,457.89,2,2,2,222,Lost Customers
14600.0,306,2,865.1700000000001,2,2,3,223,Lost Customers
14601.0,11,1,213.96,5,1,1,511,Recent Customers
14602.0,656,1,205.35999999999999,1,1,1,111,Lost Customers
14603.0,275,1,660.0,2,1,3,213,Lost Customers
14604.0,633,1,143.85999999999999,1,1,1,111,Lost Customers
14605.0,374,4,921.5600000000001,2,3,3,233,At Risk
14606.0,1,259,29197.59,5,5,5,555,Champions
14607.0,16,27,18371.06,5,5,5,555,Champions
14608.0,4,12,3273.44,5,5,5,555,Champions
14609.0,72,11,1366.2,3,5,4,354,Loyal Customers
14610.0,396,2,24.35,2,2,1,221,Lost Customers
14611.0,439,3,599.38,1,3,3,133,At Risk
14612.0,415,1,877.7,1,1,3,113,Lost Customers
14613.0,680,1,76.32000000000001,1,1,1,111,Lost Customers
14614.0,386,1,295.13,2,1,2,212,Lost Customers
14615.0,394,6,934.26,2,4,3,243,At Risk
14616.0,243,5,527.78,2,4,2,242,At Risk
14617.0,403,2,190.47000000000003,2,2,1,221,Lost Customers
14618.0,9,9,1310.52,5,4,4,544,Champions
14619.0,239,3,1276.31,2,3,4,234,At Risk
14620.0,204,3,393.28000000000003,2,3,2,232,At Risk
14621.0,1,16,2878.27,5,5,5,555,Champions
14622.0,185,1,320.58000000000004,3,1,2,312,Lost Customers
14623.0,32,12,1988.23,4,5,4,454,Champions
14624.0,57,6,814.07,4,4,3,443,Loyal Customers
14625.0,185,18,4429.18,3,5,5,355,Loyal Customers
14626.0,9,15,5374.77,5,5,5,555,Champions
14627.0,312,3,406.40000000000003,2,3,2,232,At Risk
14628.0,91,5,1998.0,3,4,4,344,Loyal Customers
14629.0,4,3,935.46,5,3,3,533,Loyal Customers
14630.0,484,1,338.65,1,1,2,112,Lost Customers
14631.0,51,7,2023.17,4,4,4,444,Champions
14632.0,263,1,114.56,2,1,1,211,Lost Customers
14633.0,266,1,344.90000000000003,2,1,2,212,Lost Customers
14634.0,438,7,1971.82,1,4,4,144,At Risk
14635.0,454,1,215.22,1,1,1,111,Lost Customers
14636.0,36,2,609.85,4,2,3,423,Recent Customers
14637.0,677,1,106.67999999999999,1,1,1,111,Lost Customers
14638.0,51,1,443.6,4,1,2,412,Recent Customers
14639.0,52,11,4946.81,4,5,5,455,Champions
14640.0,16,16,3446.33,5,5,5,555,Champions
14641.0,22,1,110.46,4,1,1,411,Recent Customers
14642.0,59,1,96.12,3,1,1,311,Lost Customers
14643.0,170,6,1654.69,3,4,4,344,Loyal Customers
14644.0,9,12,2077.47,5,5,4,554,Champions
14645.0,157,4,840.24,3,3,3,333,Loyal Customers
14646.0,2,163,523342.07,5,5,5,555,Champions
14647.0,201,2,506.04,2,2,2,222,Lost Customers
14648.0,404,19,4378.0,2,5,5,255,At Risk
14649.0,5,11,3630.04,5,5,5,555,Champions
14650.0,589,1,62.5,1,1,1,111,Lost Customers
14651.0,67,9,2025.52,3,4,4,344,Loyal Customers
14652.0,77,1,114.18,3,1,1,311,Lost Customers
14653.0,1,12,3593.06,5,5,5,555,Champions
14654.0,738,1,246.86,1,1,1,111,Lost Customers
14655.0,4,12,3829.23,5,5,5,555,Champions
14656.0,169,5,790.0,3,4,3,343,Loyal Customers
14657.0,18,7,1440.24,5,4,4,544,Champions
14658.0,5,2,247.15,5,2,1,521,Recent Customers
14659.0,9,12,2456.53,5,5,4,554,Champions
14660.0,87,2,285.74,3,2,2,322,Lost Customers
14661.0,27,1,107.95,4,1,1,411,Recent Customers
14662.0,29,7,1376.43,4,4,4,444,Champions
14663.0,430,2,490.6,1,2,2,122,Lost Customers
14664.0,20,2,636.24,4,2,3,423,Recent Customers
14665.0,61,9,2172.33,3,4,4,344,Loyal Customers
14666.0,24,1,195.25,4,1,1,411,Recent Customers
14667.0,11,61,20188.79,5,5,5,555,Champions
14668.0,445,1,111.63,1,1,1,111,Lost Customers
14669.0,242,7,3216.78,2,4,5,245,At Risk
14670.0,280,3,583.33,2,3,3,233,At Risk
14671.0,549,2,1127.45,1,2,3,123,Lost Customers
14672.0,235,4,1113.14,2,3,3,233,At Risk
14673.0,3,7,3037.32,5,4,5,545,Champions
14674.0,509,1,173.66,1,1,1,111,Lost Customers
14675.0,16,2,1015.58,5,2,3,523,Recent Customers
14676.0,31,16,8285.49,4,5,5,455,Champions
14677.0,593,1,184.91,1,1,1,111,Lost Customers
14678.0,571,2,386.44,1,2,2,122,Lost Customers
14679.0,372,5,1272.95,2,4,4,244,At Risk
14680.0,25,87,53080.02,4,5,5,455,Champions
14681.0,71,6,875.1500000000001,3,4,3,343,Loyal Customers
14682.0,188,6,1514.81,3,4,4,344,Loyal Customers
14683.0,588,1,146.56,1,1,1,111,Lost Customers
14684.0,26,6,1430.03,4,4,4,444,Champions
14685.0,576,13,4241.16,1,5,5,155,At Risk
14686.0,414,6,844.58,1,4,3,143,At Risk
14687.0,107,3,1402.06,3,3,4,334,Loyal Customers
14688.0,8,34,6666.93,5,5,5,555,Champions
14689.0,209,1,112.8,2,1,1,211,Lost Customers
14690.0,44,5,764.59,4,4,3,443,Loyal Customers
14691.0,31,5,2114.33,4,4,4,444,Champions
14692.0,137,13,1705.6399999999999,3,5,4,354,Loyal Customers
14693.0,265,8,1139.86,2,4,3,243,At Risk
14694.0,617,1,244.31,1,1,1,111,Lost Customers
14695.0,519,4,1466.72,1,3,4,134,At Risk
14696.0,4,10,2465.3,5,4,4,544,Champions
14697.0,218,2,188.60999999999999,2,2,1,221,Lost Customers
14698.0,2,5,1217.27,5,4,4,544,Champions
14699.0,214,4,702.6,2,3,3,233,At Risk
14700.0,32,5,3076.06,4,4,5,445,Champions
14701.0,11,18,4423.96,5,5,5,555,Champions
14702.0,1,32,6310.28,5,5,5,555,Champions
14703.0,15,1,318.17,5,1,2,512,Recent Customers
14704.0,11,11,1752.92,5,5,4,554,Champions
14705.0,199,1,179.0,2,1,1,211,Lost Customers
14706.0,619,1,367.54,1,1,2,112,Lost Customers
14707.0,436,2,139.2,1,2,1,121,Lost Customers
14708.0,3,6,1763.52,5,4,4,544,Champions
14709.0,15,27,8866.48,5,5,5,555,Champions
14710.0,14,13,1899.79,5,5,4,554,Champions
14711.0,10,12,2809.02,5,5,5,555,Champions
14712.0,29,4,1328.0700000000002,4,3,4,434,Loyal Customers
14713.0,9,25,5069.36,5,5,5,555,Champions
14714.0,24,7,896.4,4,4,3,443,Loyal Customers
14715.0,25,8,1825.45,4,4,4,444,Champions
14716.0,43,3,543.28,4,3,2,432,Loyal Customers
14717.0,733,2,72.8,1,2,1,121,Lost Customers
14718.0,410,1,226.42,2,1,1,211,Lost Customers
14719.0,2,6,1571.89,5,4,4,544,Champions
14720.0,6,3,663.81,5,3,3,533,Loyal Customers
14721.0,379,1,109.07,2,1,1,211,Lost Customers
14722.0,147,3,489.52,3,3,2,332,Loyal Customers
14723.0,10,11,1803.06,5,5,4,554,Champions
14724.0,590,1,341.9,1,1,2,112,Lost Customers
14725.0,25,5,1202.34,4,4,4,444,Champions
14726.0,655,1,116.5,1,1,1,111,Lost Customers
14727.0,274,4,291.13,2,3,2,232,At Risk
14728.0,413,1,190.58,2,1,1,211,Lost Customers
14729.0,374,3,586.24,2,3,3,233,At Risk
14730.0,1,8,1897.57,5,4,4,544,Champions
14731.0,47,3,380.02,4,3,2,432,Loyal Customers
14732.0,8,24,5447.52,5,5,5,555,Champions
14733.0,9,18,14200.78,5,5,5,555,Champions
14734.0,416,5,1045.47,1,4,3,143,At Risk
14735.0,4,59,11909.710000000001,5,5,5,555,Champions
14736.0,485,2,374.05,1,2,2,122,Lost Customers
14737.0,4,4,3554.17,5,3,5,535,Loyal Customers
14738.0,39,12,1763.64,4,5,4,454,Champions
14739.0,2,28,11555.69,5,5,5,555,Champions
14740.0,191,13,4068.86,2,5,5,255,At Risk
14741.0,12,7,1713.09,5,4,4,544,Champions
14742.0,435,1,579.85,1,1,3,113,Lost Customers
14743.0,593,1,50.48,1,1,1,111,Lost Customers
14744.0,16,17,3596.02,5,5,5,555,Champions
14745.0,113,17,2471.06,3,5,4,354,Loyal Customers
14746.0,406,4,593.5,2,3,3,233,At Risk
14747.0,248,2,294.3,2,2,2,222,Lost Customers
14748.0,29,16,2201.83,4,5,4,454,Champions
14749.0,480,1,310.15,1,1,2,112,Lost Customers
14750.0,736,1,112.03,1,1,1,111,Lost Customers
14751.0,684,2,126.45,1,2,1,121,Lost Customers
14752.0,44,1,389.64,4,1,2,412,Recent Customers
14753.0,87,2,869.51,3,2,3,323,Lost Customers
14754.0,45,7,1543.73,4,4,4,444,Champions
14755.0,10,30,9851.45,5,5,5,555,Champions
14756.0,15,4,2613.46,5,3,4,534,Loyal Customers
14757.0,75,1,420.5,3,1,2,312,Lost Customers
14758.0,145,7,2864.97,3,4,5,345,Loyal Customers
14759.0,5,3,1625.97,5,3,4,534,Loyal Customers
14760.0,294,2,53.8,2,2,1,221,Lost Customers
14761.0,59,3,447.92,3,3,2,332,Loyal Customers
14762.0,264,2,417.57,2,2,2,222,Lost Customers
14763.0,732,1,-9.95,1,1,1,111,Lost Customers
14764.0,44,2,250.55,4,2,1,421,Recent Customers
14765.0,29,3,254.11,4,3,1,431,Loyal Customers
14766.0,8,14,6301.88,5,5,5,555,Champions
14767.0,474,1,382.81,1,1,2,112,Lost Customers
14768.0,17,3,139.5,5,3,1,531,Loyal Customers
14769.0,3,21,15438.9,5,5,5,555,Champions
14770.0,232,9,3624.89,2,4,5,245,At Risk
14771.0,606,3,579.92,1,3,3,133,At Risk
14772.0,112,1,139.26,3,1,1,311,Lost Customers
14773.0,589,2,125.7,1,2,1,121,Lost Customers
14774.0,529,1,241.45,1,1,1,111,Lost Customers
14775.0,58,3,1011.9,4,3,3,433,Loyal Customers
14776.0,51,19,3339.02,4,5,5,455,Champions
14777.0,4,4,239.26,5,3,1,531,Loyal Customers
14778.0,127,2,730.86,3,2,3,323,Lost Customers
14779.0,281,3,386.15,2,3,2,232,At Risk
14780.0,55,2,447.68,4,2,2,422,Recent Customers
14781.0,420,1,-530.31,1,1,1,111,Lost Customers
14782.0,320,1,200.10000000000002,2,1,1,211,Lost Customers
14783.0,655,2,305.35,1,2,2,122,Lost Customers
14784.0,26,3,449.93,4,3,2,432,Loyal Customers
14785.0,10,2,77.4,5,2,1,521,Recent Customers
14786.0,550,1,90.96,1,1,1,111,Lost Customers
14787.0,471,1,110.65,1,1,1,111,Lost Customers
14788.0,7,3,1156.32,5,3,3,533,Loyal Customers
14789.0,29,1,197.64,4,1,1,411,Recent Customers
14790.0,17,10,2526.62,5,4,4,544,Champions
14791.0,607,1,303.63,1,1,2,112,Lost Customers
14792.0,64,2,0.0,3,2,1,321,Lost Customers
14793.0,4,3,611.0500000000001,5,3,3,533,Loyal Customers
14794.0,3,13,1889.15,5,5,4,554,Champions
14795.0,166,1,131.45000000000002,3,1,1,311,Lost Customers
14796.0,1,39,9972.76,5,5,5,555,Champions
14797.0,507,1,300.31,1,1,2,112,Lost Customers
14798.0,53,9,715.11,4,4,3,443,Loyal Customers
14799.0,51,2,338.15,4,2,2,422,Recent Customers
14800.0,48,23,6832.6,4,5,5,455,Champions
14801.0,61,1,189.34,3,1,1,311,Lost Customers
14802.0,430,6,-1502.98,1,4,1,141,At Risk
14803.0,162,3,845.55,3,3,3,333,Loyal Customers
14804.0,9,1,353.27,5,1,2,512,Recent Customers
14805.0,15,7,1082.55,5,4,3,543,Loyal Customers
14806.0,75,2,303.43,3,2,2,322,Lost Customers
14807.0,391,2,504.14,2,2,2,222,Lost Customers
14808.0,40,15,2152.8,4,5,4,454,Champions
14809.0,621,2,686.76,1,2,3,123,Lost Customers
14810.0,41,13,2354.03,4,5,4,454,Champions
14811.0,387,1,170.5,2,1,1,211,Lost Customers
14812.0,599,1,178.85,1,1,1,111,Lost Customers
14813.0,370,4,888.91,2,3,3,233,At Risk
14814.0,581,1,154.21,1,1,1,111,Lost Customers
14815.0,37,2,778.5,4,2,3,423,Recent Customers
14816.0,197,1,271.85,2,1,2,212,Lost Customers
14817.0,200,9,3889.21,2,4,5,245,At Risk
14818.0,74,6,1153.56,3,4,3,343,Loyal Customers
14819.0,64,4,456.41,3,3,2,332,Loyal Customers
14820.0,21,9,1274.76,4,4,4,444,Champions
14821.0,367,7,1230.15,2,4,4,244,At Risk
14822.0,485,1,157.70000000000002,1,1,1,111,Lost Customers
14823.0,180,3,321.43,3,3,2,332,Loyal Customers
14824.0,10,12,3952.51,5,5,5,555,Champions
14825.0,4,27,4696.28,5,5,5,555,Champions
14826.0,582,2,385.2,1,2,2,122,Lost Customers
14828.0,197,14,9803.460000000001,2,5,5,255,At Risk
14829.0,29,9,1402.97,4,4,4,444,Champions
14830.0,53,1,188.88,4,1,1,411,Recent Customers
14831.0,574,7,1623.97,1,4,4,144,At Risk
14832.0,630,3,-274.63,1,3,1,131,At Risk
14833.0,499,1,94.8,1,1,1,111,Lost Customers
14834.0,18,9,2184.21,5,4,4,544,Champions
14835.0,527,3,293.09999999999997,1,3,2,132,At Risk
14836.0,10,3,102.44999999999999,5,3,1,531,Loyal Customers
14837.0,90,12,3445.82,3,5,5,355,Loyal Customers
14838.0,423,2,769.9200000000001,1,2,3,123,Lost Customers
14839.0,418,3,915.28,1,3,3,133,At Risk
14840.0,268,3,340.21,2,3,2,232,At Risk
14841.0,53,14,7163.0,4,5,5,455,Champions
14842.0,35,8,2456.8,4,4,4,444,Champions
14843.0,437,1,211.79999999999998,1,1,1,111,Lost Customers
14844.0,64,12,6688.43,3,5,5,355,Loyal Customers
14845.0,600,1,150.0,1,1,1,111,Lost Customers
14846.0,423,2,406.79999999999995,1,2,2,122,Lost Customers
14847.0,149,4,1320.6,3,3,4,334,Loyal Customers
14848.0,405,1,310.56,2,1,2,212,Lost Customers
14849.0,22,50,15186.6,4,5,5,455,Champions
14850.0,312,9,1599.76,2,4,4,244,At Risk
14851.0,23,3,829.4100000000001,4,3,3,433,Loyal Customers
14852.0,58,21,6108.88,4,5,5,455,Champions
14853.0,9,7,1351.37,5,4,4,544,Champions
14854.0,78,14,4282.37,3,5,5,355,Loyal Customers
14855.0,119,7,6520.3,3,4,5,345,Loyal Customers
14856.0,36,3,1290.53,4,3,4,434,Loyal Customers
14857.0,60,10,3578.931,3,4,5,345,Loyal Customers
14858.0,506,1,180.75,1,1,1,111,Lost Customers
14859.0,13,6,1703.94,5,4,4,544,Champions
14860.0,9,2,168.62,5,2,1,521,Recent Customers
14861.0,52,14,1318.4,4,5,4,454,Champions
14862.0,26,2,841.1999999999999,4,2,3,423,Recent Customers
14863.0,29,1,266.76,4,1,2,412,Recent Customers
14864.0,731,1,-48.75,1,1,1,111,Lost Customers
14865.0,7,4,92.52000000000001,5,3,1,531,Loyal Customers
14866.0,11,20,20554.09,5,5,5,555,Champions
14867.0,186,19,2910.41,3,5,5,355,Loyal Customers
14868.0,3,13,4170.06,5,5,5,555,Champions
14869.0,4,9,2750.7,5,4,4,544,Champions
14870.0,262,9,1794.6000000000001,2,4,4,244,At Risk
14871.0,3,9,1228.17,5,4,4,544,Champions
14872.0,481,4,802.6800000000001,1,3,3,133,At Risk
14873.0,210,2,854.13,2,2,3,223,Lost Customers
14874.0,535,1,116.18,1,1,1,111,Lost Customers
14875.0,9,7,2841.55,5,4,5,545,Champions
14876.0,521,2,256.7,1,2,2,122,Lost Customers
14877.0,418,2,425.85,1,2,2,122,Lost Customers
14878.0,13,28,3783.48,5,5,5,555,Champions
14879.0,685,1,185.06,1,1,1,111,Lost Customers
14880.0,77,3,690.59,3,3,3,333,Loyal Customers
14881.0,20,1,255.4,4,1,1,411,Recent Customers
14882.0,27,15,3345.05,4,5,5,455,Champions
14883.0,19,7,756.64,4,4,3,443,Loyal Customers
14884.0,669,1,120.6,1,1,1,111,Lost Customers
14885.0,132,4,1496.12,3,3,4,334,Loyal Customers
14886.0,253,1,364.8,2,1,2,212,Lost Customers
14887.0,79,1,1862.0,3,1,4,314,Lost Customers
14888.0,207,1,369.2,2,1,2,212,Lost Customers
14889.0,336,1,135.9,2,1,1,211,Lost Customers
14890.0,254,3,817.25,2,3,3,233,At Risk
14891.0,148,4,1106.73,3,3,3,333,Loyal Customers
14892.0,691,1,202.35000000000002,1,1,1,111,Lost Customers
14893.0,10,6,1782.26,5,4,4,544,Champions
14894.0,85,5,1412.21,3,4,4,344,Loyal Customers
14895.0,8,48,24488.82,5,5,5,555,Champions
14896.0,205,10,1727.3,2,5,4,254,At Risk
14897.0,8,9,3100.7400000000002,5,4,5,545,Champions
14898.0,23,18,3242.6,4,5,5,455,Champions
14899.0,395,1,1331.38,2,1,4,214,Lost Customers
14900.0,522,1,13.919999999999998,1,1,1,111,Lost Customers
14901.0,11,13,1912.7,5,5,4,554,Champions
14902.0,21,5,1000.27,4,4,3,443,Loyal Customers
14903.0,21,10,2729.18,4,5,4,454,Champions
14904.0,2,4,1630.49,5,3,4,534,Loyal Customers
14905.0,154,10,1939.69,3,5,4,354,Loyal Customers
14906.0,445,3,-66.98,1,3,1,131,At Risk
14907.0,3,23,5476.62,5,5,5,555,Champions
14908.0,74,2,381.9,3,2,2,322,Lost Customers
14909.0,428,5,1380.98,1,4,4,144,At Risk
14910.0,3,7,389.86,5,4,2,542,Loyal Customers
14911.0,1,510,265757.91,5,5,5,555,Champions
14912.0,17,11,748.5799999999998,5,5,3,553,Loyal Customers
14913.0,36,8,4073.13,4,4,5,445,Champions
14914.0,606,1,-5.85,1,1,1,111,Lost Customers
14915.0,86,13,1752.65,3,5,4,354,Loyal Customers
14916.0,71,11,2888.21,3,5,5,355,Loyal Customers
14917.0,597,2,1123.75,1,2,3,123,Lost Customers
14918.0,116,9,5955.81,3,4,5,345,Loyal Customers
14919.0,539,1,359.35,1,1,2,112,Lost Customers
14920.0,213,3,1607.17,2,3,4,234,At Risk
14921.0,30,2,1316.07,4,2,4,424,Recent Customers
14922.0,394,2,843.74,2,2,3,223,Lost Customers
14923.0,51,1,749.1,4,1,3,413,Recent Customers
14924.0,246,3,931.01,2,3,3,233,At Risk
14925.0,731,1,-7.95,1,1,1,111,Lost Customers
14926.0,382,3,337.65,2,3,2,232,At Risk
14927.0,397,1,308.2,2,1,2,212,Lost Customers
14928.0,619,2,204.46,1,2,1,121,Lost Customers
14929.0,32,2,836.69,4,2,3,423,Recent Customers
14930.0,109,9,5126.74,3,4,5,345,Loyal Customers
14931.0,5,6,964.6800000000001,5,4,3,543,Loyal Customers
14932.0,366,2,666.13,2,2,3,223,Lost Customers
14933.0,444,5,885.0,1,4,3,143,At Risk
14934.0,73,9,2444.1,3,4,4,344,Loyal Customers
14935.0,297,2,2849.83,2,2,5,225,Lost Customers
14936.0,9,14,12378.46,5,5,5,555,Champions
14937.0,57,4,1617.63,4,3,4,434,Loyal Customers
14938.0,502,4,2289.43,1,3,4,134,At Risk
14939.0,631,1,-934.66,1,1,1,111,Lost Customers
14940.0,418,2,531.49,1,2,2,122,Lost Customers
14941.0,579,1,182.1,1,1,1,111,Lost Customers
14942.0,402,5,706.56,2,4,3,243,At Risk
14943.0,663,1,107.62,1,1,1,111,Lost Customers
14944.0,30,24,9674.92,4,5,5,455,Champions
14945.0,414,1,179.4,1,1,1,111,Lost Customers
14946.0,14,1,100.9,5,1,1,511,Recent Customers
14947.0,72,6,1049.79,3,4,3,343,Loyal Customers
14948.0,23,7,1066.57,4,4,3,443,Loyal Customers
14949.0,460,6,498.55,1,4,2,142,At Risk
14950.0,9,2,361.25,5,2,2,522,Recent Customers
14951.0,79,1,311.69,3,1,2,312,Lost Customers
14952.0,46,43,17347.25,4,5,5,455,Champions
14953.0,25,5,962.92,4,4,3,443,Loyal Customers
14954.0,12,2,462.12,5,2,2,522,Recent Customers
14955.0,733,1,163.77,1,1,1,111,Lost Customers
14956.0,421,1,1325.0,1,1,4,114,Lost Customers
14957.0,253,2,261.69,2,2,2,222,Lost Customers
14958.0,147,6,941.99,3,4,3,343,Loyal Customers
14959.0,59,5,684.97,3,4,3,343,Loyal Customers
14960.0,8,2,221.27,5,2,1,521,Recent Customers
14961.0,11,28,16328.9,5,5,5,555,Champions
14962.0,271,4,366.91,2,3,2,232,At Risk
14963.0,10,13,3117.72,5,5,5,555,Champions
14964.0,247,1,206.21,2,1,1,211,Lost Customers
14965.0,96,2,596.09,3,2,3,323,Lost Customers
14966.0,15,6,1064.26,5,4,3,543,Loyal Customers
14967.0,50,7,1680.52,4,4,4,444,Champions
14968.0,30,2,501.24,4,2,2,422,Recent Customers
14969.0,704,1,906.23,1,1,3,113,Lost Customers
14970.0,68,16,3593.4,3,5,5,355,Loyal Customers
14971.0,35,3,1097.98,4,3,3,433,Loyal Customers
14972.0,128,2,145.07,3,2,1,321,Lost Customers
14973.0,107,3,1314.45,3,3,4,334,Loyal Customers
14974.0,37,1,89.94,4,1,1,411,Recent Customers
14975.0,57,2,472.39,4,2,2,422,Recent Customers
14976.0,57,8,765.86,4,4,3,443,Loyal Customers
14977.0,726,1,31.929999999999996,1,1,1,111,Lost Customers
14978.0,72,12,3076.39,3,5,5,355,Loyal Customers
14979.0,735,1,429.66,1,1,2,112,Lost Customers
14980.0,737,1,150.68,1,1,1,111,Lost Customers
14981.0,246,3,313.52,2,3,2,232,At Risk
14982.0,572,1,237.78,1,1,1,111,Lost Customers
14983.0,689,1,183.20000000000002,1,1,1,111,Lost Customers
14984.0,19,6,1260.51,4,4,4,444,Champions
14985.0,198,2,292.01,2,2,2,222,Lost Customers
14986.0,376,2,563.1,2,2,2,222,Lost Customers
14987.0,16,9,1469.05,5,4,4,544,Champions
14988.0,212,7,2038.65,2,4,4,244,At Risk
14989.0,662,1,342.4,1,1,2,112,Lost Customers
14990.0,612,2,304.17,1,2,2,122,Lost Customers
14991.0,430,1,314.67,1,1,2,112,Lost Customers
14992.0,442,1,210.5,1,1,1,111,Lost Customers
14993.0,564,1,36.13,1,1,1,111,Lost Customers
14994.0,382,8,872.42,2,4,3,243,At Risk
14995.0,39,2,231.98000000000002,4,2,1,421,Recent Customers
14996.0,481,2,442.28999999999996,1,2,2,122,Lost Customers
14997.0,46,5,771.38,4,4,3,443,Loyal Customers
14998.0,170,4,753.18,3,3,3,333,Loyal Customers
14999.0,593,1,129.48000000000002,1,1,1,111,Lost Customers
15000.0,48,1,490.52,4,1,2,412,Recent Customers
15001.0,394,2,199.10999999999999,2,2,1,221,Lost Customers
15002.0,116,9,4138.08,3,4,5,345,Loyal Customers
15003.0,473,7,1022.03,1,4,3,143,At Risk
15004.0,147,1,1220.77,3,1,4,314,Lost Customers
15005.0,16,76,13412.9,5,5,5,555,Champions
15006.0,51,2,757.78,4,2,3,423,Recent Customers
15007.0,159,1,156.91,3,1,1,311,Lost Customers
15008.0,480,2,360.0,1,2,2,122,Lost Customers
15009.0,12,3,1259.43,5,3,4,534,Loyal Customers
15010.0,36,1,308.94,4,1,2,412,Recent Customers
15011.0,396,2,416.6,2,2,2,222,Lost Customers
15012.0,54,3,646.26,4,3,3,433,Loyal Customers
15013.0,488,10,1610.82,1,5,4,154,At Risk
15014.0,43,2,257.67,4,2,2,422,Recent Customers
15015.0,501,20,2265.77,1,5,4,154,At Risk
15016.0,173,6,612.89,3,4,3,343,Loyal Customers
15017.0,34,1,125.58,4,1,1,411,Recent Customers
15018.0,39,4,456.26,4,3,2,432,Loyal Customers
15019.0,267,1,252.81,2,1,1,211,Lost Customers
15020.0,379,1,198.47,2,1,1,211,Lost Customers
15021.0,9,17,2422.35,5,5,4,554,Champions
15022.0,12,5,1133.44,5,4,3,543,Loyal Customers
15023.0,3,23,11500.16,5,5,5,555,Champions
15024.0,10,16,3559.39,5,5,5,555,Champions
15025.0,33,2,979.79,4,2,3,423,Recent Customers
15026.0,80,5,1048.8899999999999,3,4,3,343,Loyal Customers
15027.0,31,13,2974.04,4,5,5,455,Champions
15028.0,8,6,962.94,5,4,3,543,Loyal Customers
15029.0,618,2,362.15,1,2,2,122,Lost Customers
15030.0,72,9,1964.66,3,4,4,344,Loyal Customers
15031.0,4,16,2803.73,5,5,5,555,Champions
15032.0,256,10,10515.05,2,5,5,255,At Risk
15033.0,5,11,2541.53,5,5,4,554,Champions
15034.0,16,17,8200.25,5,5,5,555,Champions
15035.0,90,1,252.73000000000002,3,1,1,311,Lost Customers
15036.0,72,3,429.56,3,3,2,332,Loyal Customers
15037.0,376,2,397.76,2,2,2,222,Lost Customers
15038.0,43,10,1106.63,4,5,3,453,Loyal Customers
15039.0,10,107,38853.04,5,5,5,555,Champions
15040.0,542,1,7.49,1,1,1,111,Lost Customers
15041.0,170,2,289.4,3,2,2,322,Lost Customers
15042.0,199,2,315.45,2,2,2,222,Lost Customers
15043.0,31,6,2870.3199999999997,4,4,5,445,Champions
15044.0,19,47,15661.35,4,5,5,455,Champions
15045.0,152,3,633.66,3,3,3,333,Loyal Customers
15046.0,9,28,7394.78,5,5,5,555,Champions
15047.0,270,1,343.62,2,1,2,212,Lost Customers
15048.0,65,5,377.52,3,4,2,342,Loyal Customers
15049.0,274,1,121.17000000000002,2,1,1,211,Lost Customers
15050.0,25,7,4032.27,4,4,5,445,Champions
15051.0,23,10,3911.91,4,5,5,455,Champions
15052.0,319,1,207.73000000000002,2,1,1,211,Lost Customers
15053.0,5,3,693.95,5,3,3,533,Loyal Customers
15054.0,12,2,302.1,5,2,2,522,Recent Customers
15055.0,475,3,549.12,1,3,2,132,At Risk
15056.0,520,1,113.64999999999999,1,1,1,111,Lost Customers
15057.0,275,6,3184.56,2,4,5,245,At Risk
15058.0,25,17,3354.73,4,5,5,455,Champions
15059.0,41,27,3395.25,4,5,5,455,Champions
15060.0,8,4,294.25,5,3,2,532,Loyal Customers
15061.0,4,138,124961.98,5,5,5,555,Champions
15062.0,71,8,2585.62,3,4,4,344,Loyal Customers
15063.0,213,1,370.79999999999995,2,1,2,212,Lost Customers
15064.0,410,4,1254.41,2,3,4,234,At Risk
15065.0,38,7,3304.71,4,4,5,445,Champions
15066.0,32,2,760.59,4,2,3,423,Recent Customers
15067.0,78,6,3850.13,3,4,5,345,Loyal Customers
15068.0,46,4,1174.9,4,3,4,434,Loyal Customers
15069.0,179,1,1109.53,3,1,3,313,Lost Customers
15070.0,373,3,737.0500000000001,2,3,3,233,At Risk
15071.0,94,4,1455.56,3,3,4,334,Loyal Customers
15072.0,479,1,187.51999999999998,1,1,1,111,Lost Customers
15073.0,10,9,2357.04,5,4,4,544,Champions
15074.0,105,3,1553.1299999999999,3,3,4,334,Loyal Customers
15075.0,78,1,773.03,3,1,3,313,Lost Customers
15076.0,173,5,1425.84,3,4,4,344,Loyal Customers
15077.0,456,4,2423.88,1,3,4,134,At Risk
15078.0,7,64,17101.37,5,5,5,555,Champions
15079.0,213,17,3544.8,2,5,5,255,At Risk
15080.0,428,2,546.25,1,2,2,122,Lost Customers
15081.0,22,13,1837.1200000000001,4,5,4,454,Champions
15082.0,669,1,93.35000000000001,1,1,1,111,Lost Customers
15083.0,257,1,88.2,2,1,1,211,Lost Customers
15084.0,380,2,965.2,2,2,3,223,Lost Customers
15085.0,730,1,347.54,1,1,2,112,Lost Customers
15086.0,565,2,218.53,1,2,1,121,Lost Customers
15087.0,282,1,306.94,2,1,2,212,Lost Customers
15088.0,21,3,1140.27,4,3,3,433,Loyal Customers
15089.0,10,6,2420.84,5,4,4,544,Champions
15090.0,308,1,381.32,2,1,2,212,Lost Customers
15091.0,54,6,1023.11,4,4,3,443,Loyal Customers
15092.0,215,4,773.16,2,3,3,233,At Risk
15093.0,18,34,13034.15,5,5,5,555,Champions
15094.0,463,2,83.0,1,2,1,121,Lost Customers
15095.0,104,11,3135.74,3,5,5,355,Loyal Customers
15096.0,43,1,219.39000000000001,4,1,1,411,Recent Customers
15097.0,4,5,587.05,5,4,3,543,Loyal Customers
15098.0,182,5,649.5,3,4,3,343,Loyal Customers
15099.0,84,1,410.48,3,1,2,312,Lost Customers
15100.0,330,14,1750.1,2,5,4,254,At Risk
15101.0,9,11,1303.49,5,5,4,554,Champions
15102.0,531,2,554.67,1,2,2,122,Lost Customers
15103.0,31,2,703.36,4,2,3,423,Recent Customers
15104.0,167,3,968.64,3,3,3,333,Loyal Customers
15105.0,18,9,3094.91,5,4,5,545,Champions
15106.0,18,7,1407.73,5,4,4,544,Champions
15107.0,311,12,740.26,2,5,3,253,At Risk
15108.0,142,5,1291.75,3,4,4,344,Loyal Customers
15109.0,241,4,961.9,2,3,3,233,At Risk
15110.0,24,9,1482.95,4,4,4,444,Champions
15111.0,29,5,2442.37,4,4,4,444,Champions
15112.0,611,1,209.4,1,1,1,111,Lost Customers
15113.0,10,4,3339.5099999999998,5,3,5,535,Loyal Customers
15114.0,30,12,3400.12,4,5,5,455,Champions
15115.0,18,3,528.1,5,3,2,532,Loyal Customers
15116.0,18,4,1352.75,5,3,4,534,Loyal Customers
15117.0,15,9,2484.32,5,4,4,544,Champions
15118.0,134,1,244.8,3,1,1,311,Lost Customers
15119.0,246,1,266.4,2,1,2,212,Lost Customers
15120.0,130,2,343.82,3,2,2,322,Lost Customers
15121.0,50,2,457.72,4,2,2,422,Recent Customers
15122.0,85,16,4451.22,3,5,5,355,Loyal Customers
15123.0,7,5,4656.17,5,4,5,545,Champions
15124.0,23,4,450.82,4,3,2,432,Loyal Customers
15125.0,25,36,16124.33,4,5,5,455,Champions
15126.0,537,2,449.49,1,2,2,122,Lost Customers
15127.0,66,2,711.5,3,2,3,323,Lost Customers
15128.0,60,9,1732.22,3,4,4,344,Loyal Customers
15129.0,50,23,6860.18,4,5,5,455,Champions
15130.0,170,1,330.11,3,1,2,312,Lost Customers
15131.0,395,1,80.28,2,1,1,211,Lost Customers
15132.0,18,5,977.9300000000001,5,4,3,543,Loyal Customers
15133.0,128,5,1806.9,3,4,4,344,Loyal Customers
15134.0,15,10,1596.29,5,5,4,554,Champions
15135.0,233,3,293.78,2,3,2,232,At Risk
15136.0,3,5,1282.45,5,4,4,544,Champions
15137.0,521,5,747.55,1,4,3,143,At Risk
15138.0,385,2,486.59000000000003,2,2,2,222,Lost Customers
15139.0,240,2,178.96,2,2,1,221,Lost Customers
15140.0,52,9,3239.44,4,4,5,445,Champions
15141.0,458,9,1378.31,1,4,4,144,At Risk
15142.0,46,7,2608.97,4,4,4,444,Champions
15143.0,226,2,563.63,2,2,2,222,Lost Customers
15144.0,8,33,12006.51,5,5,5,555,Champions
15145.0,4,4,1194.73,5,3,4,534,Loyal Customers
15146.0,165,3,1313.66,3,3,4,334,Loyal Customers
15147.0,219,2,608.65,2,2,3,223,Lost Customers
15148.0,11,1,301.29,5,1,2,512,Recent Customers
15149.0,134,5,1554.6100000000001,3,4,4,344,Loyal Customers
15150.0,17,14,8967.44,5,5,5,555,Champions
15151.0,423,2,2085.61,1,2,4,124,Lost Customers
15152.0,10,18,5197.97,5,5,5,555,Champions
15153.0,31,1,329.25,4,1,2,412,Recent Customers
15154.0,74,4,1314.17,3,3,4,334,Loyal Customers
15155.0,383,1,383.96999999999997,2,1,2,212,Lost Customers
15156.0,1,3,961.49,5,3,3,533,Loyal Customers
15157.0,4,7,2587.54,5,4,4,544,Champions
15158.0,45,3,437.66,4,3,2,432,Loyal Customers
15159.0,2,38,22049.4,5,5,5,555,Champions
15160.0,357,4,589.27,2,3,3,233,At Risk
15161.0,388,1,119.92,2,1,1,211,Lost Customers
15162.0,729,2,241.5,1,2,1,121,Lost Customers
15163.0,18,2,304.47,5,2,2,522,Recent Customers
15164.0,69,10,2011.21,3,5,4,354,Loyal Customers
15165.0,373,1,487.75,2,1,2,212,Lost Customers
15166.0,468,1,167.16,1,1,1,111,Lost Customers
15167.0,321,5,1627.62,2,4,4,244,At Risk
15168.0,26,1,106.56,4,1,1,411,Recent Customers
15169.0,382,2,569.22,2,2,2,222,Lost Customers
15170.0,407,1,81.15,2,1,1,211,Lost Customers
15171.0,325,2,1034.5,2,2,3,223,Lost Customers
15172.0,9,5,1624.05,5,4,4,544,Champions
15173.0,381,8,1399.26,2,4,4,244,At Risk
15174.0,323,2,481.46,2,2,2,222,Lost Customers
15175.0,72,1,224.14,3,1,1,311,Lost Customers
15176.0,597,2,985.09,1,2,3,123,Lost Customers
15177.0,426,1,948.93,1,1,3,113,Lost Customers
15178.0,260,1,40.5,2,1,1,211,Lost Customers
15179.0,18,17,7426.82,5,5,5,555,Champions
15180.0,367,3,816.9300000000001,2,3,3,233,At Risk
15181.0,66,8,953.4,3,4,3,343,Loyal Customers
15182.0,154,14,2942.752,3,5,5,355,Loyal Customers
15183.0,548,4,637.03,1,3,3,133,At Risk
15184.0,29,4,685.39,4,3,3,433,Loyal Customers
15185.0,70,1,310.62,3,1,2,312,Lost Customers
15186.0,14,5,1403.2,5,4,4,544,Champions
15187.0,2,18,4670.08,5,5,5,555,Champions
15188.0,725,1,310.43,1,1,2,112,Lost Customers
15189.0,1,58,17101.13,5,5,5,555,Champions
15190.0,434,1,834.4399999999999,1,1,3,113,Lost Customers
15191.0,463,3,588.05,1,3,3,133,At Risk
15192.0,120,5,1666.39,3,4,4,344,Loyal Customers
15193.0,61,1,499.32,3,1,2,312,Lost Customers
15194.0,3,39,11781.52,5,5,5,555,Champions
15195.0,3,1,3861.0,5,1,5,515,Recent Customers
15196.0,433,2,313.7,1,2,2,122,Lost Customers
15197.0,9,10,1427.84,5,5,4,554,Champions
15198.0,92,6,559.45,3,4,2,342,Loyal Customers
15199.0,59,10,3122.4,3,5,5,355,Loyal Customers
15200.0,495,1,549.05,1,1,2,112,Lost Customers
15201.0,79,14,1525.9,3,5,4,354,Loyal Customers
15202.0,420,8,-2570.1800000000003,1,4,1,141,At Risk
15203.0,26,15,4400.18,4,5,5,455,Champions
15204.0,357,1,316.58,2,1,2,212,Lost Customers
15205.0,85,3,648.8299999999999,3,3,3,333,Loyal Customers
15206.0,10,4,420.29999999999995,5,3,2,532,Loyal Customers
15207.0,410,5,653.77,2,4,3,243,At Risk
15208.0,1,7,968.02,5,4,3,543,Loyal Customers
15209.0,730,1,178.98000000000002,1,1,1,111,Lost Customers
15210.0,225,3,1176.19,2,3,4,234,At Risk
15211.0,60,2,894.4100000000001,3,2,3,323,Lost Customers
15212.0,239,3,195.42999999999998,2,3,1,231,At Risk
15213.0,319,3,325.05,2,3,2,232,At Risk
15214.0,2,8,1661.44,5,4,4,544,Champions
15215.0,45,11,1496.46,4,5,4,454,Champions
15216.0,88,2,486.09,3,2,2,322,Lost Customers
15217.0,563,1,426.24,1,1,2,112,Lost Customers
15218.0,11,25,11408.26,5,5,5,555,Champions
15219.0,176,2,685.45,3,2,3,323,Lost Customers
15220.0,52,7,1758.92,4,4,4,444,Champions
15221.0,366,7,1702.0,2,4,4,244,At Risk
15222.0,319,17,3415.66,2,5,5,255,At Risk
15223.0,226,6,1117.1,2,4,3,243,At Risk
15224.0,358,8,837.26,2,4,3,243,At Risk
15225.0,234,1,409.40000000000003,2,1,2,212,Lost Customers
15226.0,311,1,154.41,2,1,1,211,Lost Customers
15227.0,37,9,2488.4900000000002,4,4,4,444,Champions
15228.0,66,7,5570.5199999999995,3,4,5,345,Loyal Customers
15229.0,586,1,160.5,1,1,1,111,Lost Customers
15230.0,239,2,429.6,2,2,2,222,Lost Customers
15231.0,596,2,228.35999999999999,1,2,1,121,Lost Customers
15232.0,113,2,612.06,3,2,3,323,Lost Customers
15233.0,401,1,59.400000000000006,2,1,1,211,Lost Customers
15234.0,277,1,197.0,2,1,1,211,Lost Customers
15235.0,218,16,2772.76,2,5,4,254,At Risk
15236.0,299,1,321.05,2,1,2,212,Lost Customers
15237.0,2,4,1412.32,5,3,4,534,Loyal Customers
15238.0,29,5,1056.54,4,4,3,443,Loyal Customers
15239.0,10,3,764.34,5,3,3,533,Loyal Customers
15240.0,45,20,4320.45,4,5,5,455,Champions
15241.0,67,12,3032.31,3,5,5,355,Loyal Customers
15242.0,422,1,302.04,1,1,2,112,Lost Customers
15243.0,74,2,927.2800000000001,3,2,3,323,Lost Customers
15244.0,65,4,850.1800000000001,3,3,3,333,Loyal Customers
15245.0,134,8,4610.84,3,4,5,345,Loyal Customers
15246.0,238,3,780.4,2,3,3,233,At Risk
15247.0,122,4,967.11,3,3,3,333,Loyal Customers
15248.0,411,4,1865.03,2,3,4,234,At Risk
15249.0,32,21,9147.15,4,5,5,455,Champions
15250.0,641,1,60.0,1,1,1,111,Lost Customers
15251.0,9,31,20095.6,5,5,5,555,Champions
15252.0,36,7,2053.06,4,4,4,444,Champions
15253.0,16,12,2033.29,5,5,4,554,Champions
15254.0,127,4,1073.4,3,3,3,333,Loyal Customers
15255.0,67,11,3647.37,3,5,5,355,Loyal Customers
15256.0,149,2,170.4,3,2,1,321,Lost Customers
15257.0,281,3,600.9,2,3,3,233,At Risk
15258.0,169,2,623.16,3,2,3,323,Lost Customers
15259.0,513,4,1182.3799999999999,1,3,4,134,At Risk
15260.0,100,30,8677.88,3,5,5,355,Loyal Customers
15261.0,135,4,1508.0,3,3,4,334,Loyal Customers
15262.0,324,3,418.82,2,3,2,232,At Risk
15263.0,107,1,156.51,3,1,1,311,Lost Customers
15264.0,64,3,844.2,3,3,3,333,Loyal Customers
15265.0,151,4,3345.64,3,3,5,335,Loyal Customers
15266.0,338,6,841.7,2,4,3,243,At Risk
15267.0,22,5,1717.36,4,4,4,444,Champions
15268.0,479,4,941.2500000000001,1,3,3,133,At Risk
15269.0,24,3,1225.3600000000001,4,3,4,434,Loyal Customers
15270.0,16,31,7241.1900000000005,5,5,5,555,Champions
15271.0,7,26,4458.29,5,5,5,555,Champions
15272.0,57,6,2030.95,4,4,4,444,Champions
15273.0,600,1,228.96,1,1,1,111,Lost Customers
15274.0,4,2,716.57,5,2,3,523,Recent Customers
15275.0,31,2,609.19,4,2,3,423,Recent Customers
15276.0,66,5,601.3,3,4,3,343,Loyal Customers
15277.0,47,2,476.34,4,2,2,422,Recent Customers
15278.0,562,4,496.15999999999997,1,3,2,132,At Risk
15279.0,355,7,1554.84,2,4,4,244,At Risk
15280.0,172,3,397.52,3,3,2,332,Loyal Customers
15281.0,59,22,8317.62,3,5,5,355,Loyal Customers
15282.0,570,1,348.59,1,1,2,112,Lost Customers
15283.0,390,4,135.43,2,3,1,231,At Risk
15284.0,500,1,24.75,1,1,1,111,Lost Customers
15285.0,408,1,94.92,2,1,1,211,Lost Customers
15286.0,50,1,240.55,4,1,1,411,Recent Customers
15287.0,22,6,854.58,4,4,3,443,Loyal Customers
15288.0,43,10,3715.38,4,5,5,455,Champions
15289.0,29,7,1570.71,4,4,4,444,Champions
15290.0,5,30,10355.58,5,5,5,555,Champions
15291.0,26,53,13122.44,4,5,5,455,Champions
15292.0,201,1,178.39,2,1,1,211,Lost Customers
15293.0,666,1,247.5,1,1,1,111,Lost Customers
15294.0,400,2,222.3,2,2,1,221,Lost Customers
15295.0,654,1,207.04,1,1,1,111,Lost Customers
15296.0,44,20,10204.13,4,5,5,455,Champions
15297.0,10,4,635.04,5,3,3,533,Loyal Customers
15298.0,2,29,7958.43,5,5,5,555,Champions
15299.0,67,15,5408.61,3,5,5,355,Loyal Customers
15300.0,64,1,496.44,3,1,2,312,Lost Customers
15301.0,51,19,6867.4400000000005,4,5,5,455,Champions
15302.0,722,2,291.05,1,2,2,122,Lost Customers
15303.0,290,4,1178.78,2,3,4,234,At Risk
15304.0,61,11,782.3,3,5,3,353,Loyal Customers
15305.0,555,1,93.6,1,1,1,111,Lost Customers
15306.0,64,10,3480.98,3,5,5,355,Loyal Customers
15307.0,96,1,205.3,3,1,1,311,Lost Customers
15308.0,271,2,302.27,2,2,2,222,Lost Customers
15309.0,611,10,715.53,1,5,3,153,At Risk
15310.0,479,1,1634.64,1,1,4,114,Lost Customers
15311.0,1,270,111739.36,5,5,5,555,Champions
15312.0,75,14,2916.4900000000002,3,5,5,355,Loyal Customers
15313.0,110,1,52.0,3,1,1,311,Lost Customers
15314.0,199,4,800.65,2,3,3,233,At Risk
15315.0,64,3,551.54,3,3,2,332,Loyal Customers
15316.0,327,1,165.0,2,1,1,211,Lost Customers
15317.0,677,2,112.05000000000001,1,2,1,121,Lost Customers
15318.0,4,1,312.62,5,1,2,512,Recent Customers
15319.0,284,1,204.5,2,1,1,211,Lost Customers
15320.0,44,1,267.13,4,1,2,412,Recent Customers
15321.0,49,18,6573.400000000001,4,5,5,455,Champions
15322.0,64,3,1314.15,3,3,4,334,Loyal Customers
15323.0,533,4,320.9,1,3,2,132,At Risk
15324.0,701,1,140.22000000000003,1,1,1,111,Lost Customers
15325.0,104,9,1596.26,3,4,4,344,Loyal Customers
15326.0,334,10,1529.82,2,5,4,254,At Risk
15327.0,53,1,208.75,4,1,1,411,Recent Customers
15328.0,408,1,107.24,2,1,1,211,Lost Customers
15329.0,35,20,2735.18,4,5,4,454,Champions
15330.0,32,2,714.96,4,2,3,423,Recent Customers
15331.0,500,4,755.41,1,3,3,133,At Risk
15332.0,366,6,4892.68,2,4,5,245,At Risk
15333.0,208,1,1028.56,2,1,3,213,Lost Customers
15334.0,157,3,350.82,3,3,2,332,Loyal Customers
15335.0,54,1,170.22,4,1,1,411,Recent Customers
15336.0,402,1,240.5,2,1,1,211,Lost Customers
15337.0,403,2,344.72,2,2,2,222,Lost Customers
15338.0,677,1,277.93,1,1,2,112,Lost Customers
15339.0,66,11,1627.27,3,5,4,354,Loyal Customers
15340.0,562,1,105.5,1,1,1,111,Lost Customers
15341.0,81,3,2401.02,3,3,4,334,Loyal Customers
15342.0,116,2,391.76,3,2,2,322,Lost Customers
15343.0,87,1,364.5,3,1,2,312,Lost Customers
15344.0,1,5,476.58,5,4,2,542,Loyal Customers
15345.0,35,2,367.69,4,2,2,422,Recent Customers
15346.0,333,4,591.65,2,3,3,233,At Risk
15347.0,366,6,1132.3,2,4,3,243,At Risk
15348.0,72,1,158.04,3,1,1,311,Lost Customers
15349.0,158,2,463.90999999999997,3,2,2,322,Lost Customers
15350.0,373,2,547.6,2,2,2,222,Lost Customers
15351.0,12,15,3320.5,5,5,5,555,Champions
15352.0,549,1,111.15,1,1,1,111,Lost Customers
15353.0,255,8,2772.57,2,4,4,244,At Risk
15354.0,599,7,-94.8,1,4,1,141,At Risk
15355.0,29,2,277.05,4,2,2,422,Recent Customers
15356.0,31,13,3239.57,4,5,5,455,Champions
15357.0,682,1,-36.75,1,1,1,111,Lost Customers
15358.0,5,55,16213.65,5,5,5,555,Champions
15359.0,555,9,162.6,1,4,1,141,At Risk
15360.0,40,1,427.93,4,1,2,412,Recent Customers
15361.0,362,4,689.07,2,3,3,233,At Risk
15362.0,449,2,613.08,1,2,3,123,Lost Customers
15363.0,241,3,670.16,2,3,3,233,At Risk
15364.0,96,2,913.19,3,2,3,323,Lost Customers
15365.0,26,15,3573.26,4,5,5,455,Champions
15366.0,75,7,2389.08,3,4,4,344,Loyal Customers
15367.0,57,13,5005.7300000000005,4,5,5,455,Champions
15368.0,21,2,722.74,4,2,3,423,Recent Customers
15369.0,144,13,1713.39,3,5,4,354,Loyal Customers
15370.0,41,9,3713.51,4,4,5,445,Champions
15371.0,662,1,59.400000000000006,1,1,1,111,Lost Customers
15372.0,137,10,5954.42,3,5,5,355,Loyal Customers
15373.0,8,18,2881.7400000000002,5,5,5,555,Champions
15374.0,129,2,307.32,3,2,2,322,Lost Customers
15375.0,690,1,60.959999999999994,1,1,1,111,Lost Customers
15376.0,40,3,1221.56,4,3,4,434,Loyal Customers
15377.0,383,5,1179.95,2,4,4,244,At Risk
15378.0,463,2,246.5,1,2,1,121,Lost Customers
15379.0,169,9,4806.4400000000005,3,4,5,345,Loyal Customers
15380.0,9,13,3192.1000000000004,5,5,5,555,Champions
15381.0,214,6,1887.62,2,4,4,244,At Risk
15382.0,15,20,13646.5,5,5,5,555,Champions
15383.0,682,1,-10.5,1,1,1,111,Lost Customers
15384.0,170,5,2021.14,3,4,4,344,Loyal Customers
15385.0,40,3,942.08,4,3,3,433,Loyal Customers
15386.0,186,1,394.14,3,1,2,312,Lost Customers
15387.0,492,1,468.65,1,1,2,112,Lost Customers
15388.0,270,1,140.54,2,1,1,211,Lost Customers
15389.0,172,5,2733.8,3,4,4,344,Loyal Customers
15390.0,396,2,1216.66,2,2,4,224,Lost Customers
15391.0,571,2,282.92,1,2,2,122,Lost Customers
15392.0,5,8,2891.82,5,4,5,545,Champions
15393.0,16,5,891.34,5,4,3,543,Loyal Customers
15394.0,10,13,5251.4,5,5,5,555,Champions
15395.0,326,1,107.45,2,1,1,211,Lost Customers
15396.0,113,2,796.38,3,2,3,323,Lost Customers
15397.0,290,1,94.0,2,1,1,211,Lost Customers
15398.0,16,3,1339.63,5,3,4,534,Loyal Customers
15399.0,1,3,815.77,5,3,3,533,Loyal Customers
15400.0,92,9,1252.8,3,4,4,344,Loyal Customers
15401.0,452,2,216.95000000000002,1,2,1,121,Lost Customers
15402.0,149,7,1816.64,3,4,4,344,Loyal Customers
15403.0,492,2,170.88,1,2,1,121,Lost Customers
15404.0,376,1,257.06,2,1,2,212,Lost Customers
15405.0,189,2,659.84,3,2,3,323,Lost Customers
15406.0,18,6,891.77,5,4,3,543,Loyal Customers
15407.0,34,4,1046.74,4,3,3,433,Loyal Customers
15408.0,264,1,267.18,2,1,2,212,Lost Customers
15409.0,702,2,117.2,1,2,1,121,Lost Customers
15410.0,84,10,4685.72,3,5,5,355,Loyal Customers
15411.0,26,5,1336.43,4,4,4,444,Champions
15412.0,171,1,190.53,3,1,1,311,Lost Customers
15413.0,430,7,-2531.3799999999997,1,4,1,141,At Risk
15414.0,10,3,774.9000000000001,5,3,3,533,Loyal Customers
15415.0,313,1,559.61,2,1,2,212,Lost Customers
15416.0,65,9,4554.65,3,4,5,345,Loyal Customers
15417.0,85,1,508.8,3,1,2,312,Lost Customers
15418.0,425,2,449.42,1,2,2,122,Lost Customers
15419.0,25,1,135.86,4,1,1,411,Recent Customers
15420.0,434,6,743.0,1,4,3,143,At Risk
15421.0,59,10,3805.34,3,5,5,355,Loyal Customers
15422.0,323,8,1615.02,2,4,4,244,At Risk
15423.0,38,4,219.14,4,3,1,431,Loyal Customers
15424.0,254,3,597.78,2,3,3,233,At Risk
15425.0,400,4,1941.1200000000001,2,3,4,234,At Risk
15426.0,19,11,2138.86,4,5,4,454,Champions
15427.0,33,3,1430.54,4,3,4,434,Loyal Customers
15428.0,15,4,762.75,5,3,3,533,Loyal Customers
15429.0,27,3,364.90000000000003,4,3,2,432,Loyal Customers
15430.0,468,3,903.75,1,3,3,133,At Risk
15431.0,503,1,153.24,1,1,1,111,Lost Customers
15432.0,23,4,301.26,4,3,2,432,Loyal Customers
15433.0,79,3,417.87,3,3,2,332,Loyal Customers
15434.0,8,13,2517.11,5,5,4,554,Champions
15435.0,22,1,149.29,4,1,1,411,Recent Customers
15436.0,12,3,1067.75,5,3,3,533,Loyal Customers
15437.0,262,2,393.45,2,2,2,222,Lost Customers
15438.0,131,1,156.57999999999998,3,1,1,311,Lost Customers
15439.0,405,4,1269.05,2,3,4,234,At Risk
15440.0,55,3,383.68,4,3,2,432,Loyal Customers
15441.0,396,3,1254.21,2,3,4,234,At Risk
15442.0,249,1,594.0,2,1,3,213,Lost Customers
15443.0,2,16,5054.44,5,5,5,555,Champions
15444.0,9,2,1411.21,5,2,4,524,Recent Customers
15445.0,264,2,284.5,2,2,2,222,Lost Customers
15446.0,377,5,391.65,2,4,2,242,At Risk
15447.0,331,6,484.93,2,4,2,242,At Risk
15448.0,313,2,788.81,2,2,3,223,Lost Customers
15449.0,26,5,971.22,4,4,3,443,Loyal Customers
15450.0,30,1,429.84,4,1,2,412,Recent Customers
15451.0,434,2,226.86,1,2,1,121,Lost Customers
15452.0,30,6,1785.1100000000001,4,4,4,444,Champions
15453.0,2,7,1371.77,5,4,4,544,Champions
15454.0,362,2,305.99,2,2,2,222,Lost Customers
15455.0,598,1,38.25,1,1,1,111,Lost Customers
15456.0,283,10,2091.52,2,5,4,254,At Risk
15457.0,262,1,237.07,2,1,1,211,Lost Customers
15458.0,25,2,370.43999999999994,4,2,2,422,Recent Customers
15459.0,417,2,202.82999999999998,1,2,1,121,Lost Customers
15460.0,354,1,214.26,2,1,1,211,Lost Customers
15461.0,461,3,391.29999999999995,1,3,2,132,At Risk
15462.0,94,4,737.05,3,3,3,333,Loyal Customers
15463.0,29,1,126.14,4,1,1,411,Recent Customers
15464.0,338,1,1044.65,2,1,3,213,Lost Customers
15465.0,20,39,11670.9,4,5,5,455,Champions
15466.0,85,4,1560.46,3,3,4,334,Loyal Customers
15467.0,9,4,511.88,5,3,2,532,Loyal Customers
15468.0,35,7,1387.48,4,4,4,444,Champions
15469.0,43,6,834.4,4,4,3,443,Loyal Customers
15470.0,576,1,63.419999999999995,1,1,1,111,Lost Customers
15471.0,2,3,1292.01,5,3,4,534,Loyal Customers
15472.0,113,1,371.56,3,1,2,312,Lost Customers
15473.0,14,11,1740.0,5,5,4,554,Champions
15474.0,596,1,150.35,1,1,1,111,Lost Customers
15475.0,77,1,454.10999999999996,3,1,2,312,Lost Customers
15476.0,380,5,2180.28,2,4,4,244,At Risk
15477.0,650,1,368.4,1,1,2,112,Lost Customers
15478.0,40,3,1983.48,4,3,4,434,Loyal Customers
15479.0,733,1,147.4,1,1,1,111,Lost Customers
15480.0,116,7,3592.25,3,4,5,345,Loyal Customers
15481.0,401,1,1993.34,2,1,4,214,Lost Customers
15482.0,16,24,7932.63,5,5,5,555,Champions
15483.0,161,10,817.8199999999999,3,5,3,353,Loyal Customers
15484.0,1,7,4620.9,5,4,5,545,Champions
15485.0,30,8,4663.92,4,4,5,445,Champions
15486.0,527,1,102.0,1,1,1,111,Lost Customers
15487.0,680,1,231.32,1,1,1,111,Lost Customers
15488.0,93,5,431.92,3,4,2,342,Loyal Customers
15489.0,23,12,2327.36,4,5,4,454,Champions
15490.0,430,2,181.35,1,2,1,121,Lost Customers
15491.0,95,7,3090.85,3,4,5,345,Loyal Customers
15492.0,28,2,659.4599999999999,4,2,3,423,Recent Customers
15493.0,33,11,4087.13,4,5,5,455,Champions
15494.0,21,6,3693.5,4,4,5,445,Champions
15495.0,379,1,246.5,2,1,1,211,Lost Customers
15496.0,631,1,146.14000000000001,1,1,1,111,Lost Customers
15497.0,18,11,8643.46,5,5,5,555,Champions
15498.0,1,55,23075.09,5,5,5,555,Champions
15499.0,724,1,158.65,1,1,1,111,Lost Customers
15500.0,8,4,1131.56,5,3,3,533,Loyal Customers
15501.0,405,2,399.95,2,2,2,222,Lost Customers
15502.0,16,27,8069.33,5,5,5,555,Champions
15503.0,363,2,257.3,2,2,2,222,Lost Customers
15504.0,81,5,392.75,3,4,2,342,Loyal Customers
15505.0,53,7,3497.14,4,4,5,445,Champions
15506.0,23,6,2030.33,4,4,4,444,Champions
15507.0,172,1,475.86,3,1,2,312,Lost Customers
15508.0,189,6,1000.27,3,4,3,343,Loyal Customers
15509.0,380,1,152.41,2,1,1,211,Lost Customers
15510.0,331,1,250.0,2,1,1,211,Lost Customers
15511.0,12,5,900.53,5,4,3,543,Loyal Customers
15512.0,156,4,331.58,3,3,2,332,Loyal Customers
15513.0,31,41,25950.95,4,5,5,455,Champions
15514.0,12,20,5275.79,5,5,5,555,Champions
15515.0,387,1,171.81,2,1,1,211,Lost Customers
15516.0,45,3,62.43,4,3,1,431,Loyal Customers
15517.0,233,1,267.03,2,1,2,212,Lost Customers
15518.0,64,23,4074.83,3,5,5,355,Loyal Customers
15519.0,383,2,344.61,2,2,2,222,Lost Customers
15520.0,2,1,343.5,5,1,2,512,Recent Customers
15521.0,36,24,6665.99,4,5,5,455,Champions
15522.0,33,2,397.99,4,2,2,422,Recent Customers
15523.0,84,18,17119.24,3,5,5,355,Loyal Customers
15524.0,25,2,591.4,4,2,3,423,Recent Customers
15525.0,2,5,875.3199999999999,5,4,3,543,Loyal Customers
15526.0,33,2,148.44,4,2,1,421,Recent Customers
15527.0,19,31,5021.03,4,5,5,455,Champions
15528.0,254,1,229.33,2,1,1,211,Lost Customers
15529.0,23,13,4756.21,4,5,5,455,Champions
15530.0,22,5,1808.68,4,4,4,444,Champions
15531.0,8,2,1972.39,5,2,4,524,Recent Customers
15532.0,25,12,3675.0,4,5,5,455,Champions
15533.0,19,5,746.92,4,4,3,443,Loyal Customers
15534.0,726,1,162.25,1,1,1,111,Lost Customers
15535.0,173,10,955.12,3,5,3,353,Loyal Customers
15536.0,409,1,259.09,2,1,2,212,Lost Customers
15537.0,163,1,110.92,3,1,1,311,Lost Customers
15538.0,538,11,3036.1,1,5,5,155,At Risk
15539.0,7,1,538.46,5,1,2,512,Recent Customers
15540.0,11,2,460.68,5,2,2,522,Recent Customers
15541.0,114,1,85.13000000000001,3,1,1,311,Lost Customers
15542.0,512,4,833.16,1,3,3,133,At Risk
15543.0,288,2,242.26,2,2,1,221,Lost Customers
15544.0,9,26,7779.58,5,5,5,555,Champions
15545.0,54,2,288.96999999999997,4,2,2,422,Recent Customers
15546.0,607,3,539.5500000000001,1,3,2,132,At Risk
15547.0,7,28,10043.55,5,5,5,555,Champions
15548.0,596,1,158.09,1,1,1,111,Lost Customers
15549.0,77,9,2296.66,3,4,4,344,Loyal Customers
15550.0,4,14,1987.8500000000001,5,5,4,554,Champions
15551.0,37,9,1629.01,4,4,4,444,Champions
15552.0,217,2,252.52,2,2,1,221,Lost Customers
15553.0,60,1,428.93,3,1,2,312,Lost Customers
15554.0,278,1,217.2,2,1,1,211,Lost Customers
15555.0,12,46,10875.64,5,5,5,555,Champions
15556.0,24,1,279.77,4,1,2,412,Recent Customers
15557.0,29,1,468.91,4,1,2,412,Recent Customers
15558.0,639,2,131.88,1,2,1,121,Lost Customers
15559.0,568,1,1109.4,1,1,3,113,Lost Customers
15560.0,398,2,153.52,2,2,1,221,Lost Customers
15561.0,12,9,1856.54,5,4,4,544,Champions
15562.0,352,3,671.4300000000001,2,3,3,233,At Risk
15563.0,9,11,2773.67,5,5,4,554,Champions
15564.0,463,2,70.74000000000001,1,2,1,121,Lost Customers
15565.0,50,2,173.16,4,2,1,421,Recent Customers
15566.0,393,2,227.87,2,2,1,221,Lost Customers
15567.0,19,1,186.01,4,1,1,411,Recent Customers
15568.0,3,3,758.29,5,3,3,533,Loyal Customers
15569.0,104,10,3583.45,3,5,5,355,Loyal Customers
15570.0,7,27,8672.44,5,5,5,555,Champions
15571.0,12,14,3892.35,5,5,5,555,Champions
15572.0,5,10,3965.2,5,5,5,555,Champions
15573.0,32,5,1188.42,4,4,4,444,Champions
15574.0,178,7,1059.44,3,4,3,343,Loyal Customers
15575.0,620,1,30.1,1,1,1,111,Lost Customers
15576.0,38,1,921.37,4,1,3,413,Recent Customers
15577.0,151,5,396.03000000000003,3,4,2,342,Loyal Customers
15578.0,162,1,127.1,3,1,1,311,Lost Customers
15579.0,69,7,1215.38,3,4,4,344,Loyal Customers
15580.0,377,14,1216.15,2,5,4,254,At Risk
15581.0,121,43,5486.79,3,5,5,355,Loyal Customers
15582.0,25,3,682.9100000000001,4,3,3,433,Loyal Customers
15583.0,376,1,95.96,2,1,1,211,Lost Customers
15584.0,24,7,1265.7,4,4,4,444,Champions
15585.0,177,1,455.3,3,1,2,312,Lost Customers
15586.0,591,4,1128.66,1,3,3,133,At Risk
15587.0,50,7,1522.0800000000002,4,4,4,444,Champions
15588.0,678,1,579.6,1,1,3,113,Lost Customers
15589.0,253,4,456.58,2,3,2,232,At Risk
15590.0,289,6,1466.41,2,4,4,244,At Risk
15591.0,583,3,217.9,1,3,1,131,At Risk
15592.0,47,1,388.58,4,1,2,412,Recent Customers
15593.0,71,1,199.8,3,1,1,311,Lost Customers
15594.0,16,6,1767.53,5,4,4,544,Champions
15595.0,488,1,357.6,1,1,2,112,Lost Customers
15596.0,101,16,2621.27,3,5,4,354,Loyal Customers
15597.0,30,3,554.52,4,3,2,432,Loyal Customers
15598.0,35,4,543.02,4,3,2,432,Loyal Customers
15599.0,27,3,1250.06,4,3,4,434,Loyal Customers
15600.0,428,5,1178.71,1,4,4,144,At Risk
15601.0,11,35,14150.84,5,5,5,555,Champions
15602.0,8,25,2883.42,5,5,5,555,Champions
15603.0,79,3,74.73,3,3,1,331,Loyal Customers
15604.0,52,1,216.39,4,1,1,411,Recent Customers
15605.0,36,10,1738.55,4,5,4,454,Champions
15606.0,57,19,4733.47,4,5,5,455,Champions
15607.0,337,13,1578.57,2,5,4,254,At Risk
15608.0,28,5,1785.98,4,4,4,444,Champions
15609.0,183,2,270.03000000000003,3,2,2,322,Lost Customers
15610.0,52,1,112.46000000000001,4,1,1,411,Recent Customers
15611.0,10,32,2858.37,5,5,5,555,Champions
15612.0,36,2,195.15,4,2,1,421,Recent Customers
15613.0,610,1,433.71999999999997,1,1,2,112,Lost Customers
15614.0,428,7,3008.86,1,4,5,145,At Risk
15615.0,10,54,21282.07,5,5,5,555,Champions
15616.0,438,1,317.11,1,1,2,112,Lost Customers
15617.0,396,3,828.5500000000001,2,3,3,233,At Risk
15618.0,33,5,747.031,4,4,3,443,Loyal Customers
15619.0,11,1,336.40000000000003,5,1,2,512,Recent Customers
15620.0,50,8,1909.93,4,4,4,444,Champions
15621.0,4,6,1158.77,5,4,3,543,Loyal Customers
15622.0,3,30,7318.08,5,5,5,555,Champions
15623.0,141,8,2437.05,3,4,4,344,Loyal Customers
15624.0,117,4,588.13,3,3,3,333,Loyal Customers
15625.0,100,14,3203.25,3,5,5,355,Loyal Customers
15626.0,75,4,1049.37,3,3,3,333,Loyal Customers
15627.0,457,2,566.9,1,2,2,122,Lost Customers
15628.0,5,21,5284.18,5,5,5,555,Champions
15629.0,450,4,2240.9,1,3,4,134,At Risk
15630.0,45,4,1475.45,4,3,4,434,Loyal Customers
15631.0,642,1,596.67,1,1,3,113,Lost Customers
15632.0,16,10,3147.31,5,5,5,555,Champions
15633.0,509,18,4156.91,1,5,5,155,At Risk
15634.0,17,2,554.65,5,2,2,522,Recent Customers
15635.0,396,1,100.35,2,1,1,211,Lost Customers
15636.0,90,4,1444.58,3,3,4,334,Loyal Customers
15637.0,53,5,797.59,4,4,3,443,Loyal Customers
15638.0,301,9,2137.2,2,4,4,244,At Risk
15639.0,134,5,1028.33,3,4,3,343,Loyal Customers
15640.0,4,34,23375.09,5,5,5,555,Champions
15641.0,105,12,5345.55,3,5,5,355,Loyal Customers
15642.0,730,1,105.78000000000002,1,1,1,111,Lost Customers
15643.0,179,6,647.4,3,4,3,343,Loyal Customers
15644.0,166,4,803.54,3,3,3,333,Loyal Customers
15645.0,19,4,1042.57,4,3,3,433,Loyal Customers
15646.0,158,6,762.3100000000001,3,4,3,343,Loyal Customers
15647.0,415,1,169.0,1,1,1,111,Lost Customers
15648.0,204,4,582.0500000000001,2,3,3,233,At Risk
15649.0,336,4,1660.35,2,3,4,234,At Risk
15650.0,515,3,539.03,1,3,2,132,At Risk
15651.0,37,5,1259.06,4,4,4,444,Champions
15652.0,91,6,1397.44,3,4,4,344,Loyal Customers
15653.0,93,2,877.4399999999999,3,2,3,323,Lost Customers
15654.0,9,2,922.53,5,2,3,523,Recent Customers
15655.0,233,2,511.32,2,2,2,222,Lost Customers
15656.0,45,4,748.5,4,3,3,433,Loyal Customers
15657.0,23,1,30.0,4,1,1,411,Recent Customers
15658.0,190,13,1964.14,3,5,4,354,Loyal Customers
15659.0,44,3,532.49,4,3,2,432,Loyal Customers
15660.0,25,18,2554.84,4,5,4,454,Champions
15661.0,317,8,1215.95,2,4,4,244,At Risk
15662.0,661,2,283.73,1,2,2,122,Lost Customers
15663.0,106,1,138.14,3,1,1,311,Lost Customers
15664.0,51,7,1212.35,4,4,4,444,Champions
15665.0,168,5,3987.07,3,4,5,345,Loyal Customers
15666.0,472,2,632.9399999999999,1,2,3,123,Lost Customers
15667.0,40,1,301.32,4,1,2,412,Recent Customers
15668.0,218,1,76.32000000000001,2,1,1,211,Lost Customers
15669.0,40,5,677.69,4,4,3,443,Loyal Customers
15670.0,297,3,315.2,2,3,2,232,At Risk
15671.0,19,10,2635.4900000000002,4,5,4,454,Champions
15672.0,725,1,45.300000000000004,1,1,1,111,Lost Customers
15673.0,88,10,6199.37,3,5,5,355,Loyal Customers
15674.0,73,18,6217.85,3,5,5,355,Loyal Customers
15675.0,81,4,542.04,3,3,2,332,Loyal Customers
15676.0,9,5,3324.09,5,4,5,545,Champions
15677.0,49,3,1305.63,4,3,4,434,Loyal Customers
15678.0,53,3,1825.94,4,3,4,434,Loyal Customers
15679.0,24,4,781.28,4,3,3,433,Loyal Customers
15680.0,9,12,3985.59,5,5,5,555,Champions
15681.0,18,16,2480.2,5,5,4,554,Champions
15682.0,599,3,316.99,1,3,2,132,At Risk
15683.0,117,2,524.54,3,2,2,322,Lost Customers
15684.0,547,6,147.8,1,4,1,141,At Risk
15685.0,450,1,55.980000000000004,1,1,1,111,Lost Customers
15686.0,420,1,90.0,1,1,1,111,Lost Customers
15687.0,9,11,2981.5,5,5,5,555,Champions
15688.0,419,1,190.57,1,1,1,111,Lost Customers
15689.0,120,3,521.03,3,3,2,332,Loyal Customers
15690.0,4,2,239.76,5,2,1,521,Recent Customers
15691.0,252,5,511.8,2,4,2,242,At Risk
15692.0,28,1,191.04,4,1,1,411,Recent Customers
15693.0,659,1,37.5,1,1,1,111,Lost Customers
15694.0,1,29,9734.13,5,5,5,555,Champions
15695.0,267,4,1131.04,2,3,3,233,At Risk
15696.0,33,21,3732.12,4,5,5,455,Champions
15697.0,690,1,246.75,1,1,1,111,Lost Customers
15698.0,624,1,46.2,1,1,1,111,Lost Customers
15699.0,18,1,309.65,5,1,2,512,Recent Customers
15700.0,172,3,664.03,3,3,3,333,Loyal Customers
15701.0,2,4,1529.0,5,3,4,534,Loyal Customers
15702.0,476,2,140.39000000000001,1,2,1,121,Lost Customers
15703.0,265,1,211.5,2,1,1,211,Lost Customers
15704.0,140,8,3660.88,3,4,5,345,Loyal Customers
15705.0,201,1,143.1,2,1,1,211,Lost Customers
15706.0,60,7,1001.8100000000001,3,4,3,343,Loyal Customers
15707.0,35,4,916.98,4,3,3,433,Loyal Customers
15708.0,41,14,3840.73,4,5,5,455,Champions
15709.0,284,2,327.85,2,2,2,222,Lost Customers
15710.0,417,1,898.87,1,1,3,113,Lost Customers
15711.0,557,2,420.25,1,2,2,122,Lost Customers
15712.0,9,13,3467.46,5,5,5,555,Champions
15713.0,143,6,814.84,3,4,3,343,Loyal Customers
15714.0,12,5,783.96,5,4,3,543,Loyal Customers
15715.0,556,5,658.02,1,4,3,143,At Risk
15716.0,146,11,2485.26,3,5,4,354,Loyal Customers
15717.0,234,5,607.0,2,4,3,243,At Risk
15718.0,540,1,293.79,1,1,2,112,Lost Customers
15719.0,33,39,10118.87,4,5,5,455,Champions
15720.0,24,2,739.22,4,2,3,423,Recent Customers
15721.0,12,1,471.40000000000003,5,1,2,512,Recent Customers
15722.0,36,15,5095.95,4,5,5,455,Champions
15723.0,365,4,930.7,2,3,3,233,At Risk
15724.0,201,5,299.8,2,4,2,242,At Risk
15725.0,15,1,415.25,5,1,2,512,Recent Customers
15726.0,390,1,321.91,2,1,2,212,Lost Customers
15727.0,17,15,9371.71,5,5,5,555,Champions
15728.0,49,3,409.80000000000007,4,3,2,432,Loyal Customers
15729.0,198,5,154.70000000000002,2,4,1,241,At Risk
15730.0,66,7,1708.18,3,4,4,344,Loyal Customers
15731.0,554,1,125.3,1,1,1,111,Lost Customers
15732.0,212,12,1499.42,2,5,4,254,At Risk
15733.0,283,1,162.3,2,1,1,211,Lost Customers
15734.0,115,4,2263.3,3,3,4,334,Loyal Customers
15735.0,421,1,327.68,1,1,2,112,Lost Customers
15736.0,430,3,1668.67,1,3,4,134,At Risk
15737.0,15,12,1121.21,5,5,3,553,Loyal Customers
15738.0,19,45,13015.42,4,5,5,455,Champions
15739.0,66,1,449.12,3,1,2,312,Lost Customers
15740.0,49,1,154.88,4,1,1,411,Recent Customers
15741.0,458,2,208.62,1,2,1,121,Lost Customers
15742.0,619,1,156.87,1,1,1,111,Lost Customers
15743.0,16,4,775.96,5,3,3,533,Loyal Customers
15744.0,78,1,34.8,3,1,1,311,Lost Customers
15745.0,9,6,1071.24,5,4,3,543,Loyal Customers
15746.0,134,2,182.96,3,2,1,321,Lost Customers
15747.0,13,10,2497.86,5,5,4,554,Champions
15748.0,40,3,609.8100000000001,4,3,3,433,Loyal Customers
15749.0,235,4,21535.9,2,3,5,235,At Risk
15750.0,3,24,6362.601000000001,5,5,5,555,Champions
15751.0,461,14,1318.84,1,5,4,154,At Risk
15752.0,40,10,3916.46,4,5,5,455,Champions
15753.0,305,1,79.2,2,1,1,211,Lost Customers
15754.0,51,12,3001.86,4,5,5,455,Champions
15755.0,1,20,5936.95,5,5,5,555,Champions
15756.0,61,4,528.01,3,3,2,332,Loyal Customers
15757.0,66,6,2940.36,3,4,5,345,Loyal Customers
15758.0,25,1,205.25,4,1,1,411,Recent Customers
15759.0,218,10,810.98,2,5,3,253,At Risk
15760.0,631,5,-5795.87,1,4,1,141,At Risk
15761.0,443,1,143.05,1,1,1,111,Lost Customers
15762.0,65,2,583.75,3,2,3,323,Lost Customers
15763.0,32,3,1048.67,4,3,3,433,Loyal Customers
15764.0,81,14,4453.28,3,5,5,355,Loyal Customers
15765.0,667,1,370.63,1,1,2,112,Lost Customers
15766.0,64,4,799.66,3,3,3,333,Loyal Customers
15767.0,641,2,-242.70000000000002,1,2,1,121,Lost Customers
15768.0,116,36,15267.26,3,5,5,355,Loyal Customers
15769.0,7,51,84177.58,5,5,5,555,Champions
15770.0,613,1,321.45,1,1,2,112,Lost Customers
15771.0,604,3,1006.54,1,3,3,133,At Risk
15772.0,418,1,280.88,1,1,2,112,Lost Customers
15773.0,6,2,774.52,5,2,3,523,Recent Customers
15774.0,69,7,1282.6,3,4,4,344,Loyal Customers
15775.0,245,2,150.5,2,2,1,221,Lost Customers
15776.0,133,1,241.62,3,1,1,311,Lost Customers
15777.0,241,9,1732.1599999999999,2,4,4,244,At Risk
15778.0,431,1,307.95,1,1,2,112,Lost Customers
15779.0,463,2,124.08000000000001,1,2,1,121,Lost Customers
15780.0,184,3,475.28000000000003,3,3,2,332,Loyal Customers
15781.0,25,4,333.56,4,3,2,432,Loyal Customers
15782.0,10,6,3985.65,5,4,5,545,Champions
15783.0,11,1,246.3,5,1,1,511,Recent Customers
15784.0,468,2,848.3299999999999,1,2,3,123,Lost Customers
15785.0,30,26,5825.33,4,5,5,455,Champions
15786.0,44,9,8379.65,4,4,5,445,Champions
15787.0,26,3,933.26,4,3,3,433,Loyal Customers
15788.0,501,2,215.53,1,2,1,121,Lost Customers
15789.0,358,7,1932.01,2,4,4,244,At Risk
15790.0,10,1,218.75,5,1,1,511,Recent Customers
15791.0,44,9,3541.79,4,4,5,445,Champions
15792.0,400,2,933.84,2,2,3,223,Lost Customers
15793.0,9,9,2382.92,5,4,4,544,Champions
15794.0,736,2,777.0,1,2,3,123,Lost Customers
15795.0,150,8,1979.8700000000001,3,4,4,344,Loyal Customers
15796.0,1,22,5015.75,5,5,5,555,Champions
15797.0,113,6,2821.08,3,4,5,345,Loyal Customers
15798.0,493,3,1535.37,1,3,4,134,At Risk
15799.0,76,4,1421.34,3,3,4,334,Loyal Customers
15800.0,107,7,1227.07,3,4,4,344,Loyal Customers
15801.0,46,4,1042.19,4,3,3,433,Loyal Customers
15802.0,143,3,-451.42,3,3,1,331,Loyal Customers
15803.0,51,4,1929.66,4,3,4,434,Loyal Customers
15804.0,1,19,3848.55,5,5,5,555,Champions
15805.0,23,40,9668.62,4,5,5,455,Champions
15806.0,46,3,784.58,4,3,3,433,Loyal Customers
15807.0,50,6,1807.57,4,4,4,444,Champions
15808.0,306,24,17038.95,2,5,5,255,At Risk
15809.0,36,9,862.88,4,4,3,443,Loyal Customers
15810.0,79,13,2724.8,3,5,4,354,Loyal Customers
15811.0,17,10,3438.85,5,5,5,555,Champions
15812.0,107,13,5186.17,3,5,5,355,Loyal Customers
15813.0,208,2,1303.9099999999999,2,2,4,224,Lost Customers
15814.0,3,8,2531.84,5,4,4,544,Champions
15815.0,64,5,2100.6,3,4,4,344,Loyal Customers
15816.0,542,3,93.3,1,3,1,131,At Risk
15817.0,421,3,2766.4,1,3,4,134,At Risk
15818.0,588,1,340.5,1,1,2,112,Lost Customers
15819.0,49,11,3911.28,4,5,5,455,Champions
15820.0,320,1,206.98,2,1,1,211,Lost Customers
15821.0,44,2,570.96,4,2,2,422,Recent Customers
15822.0,3,8,1777.91,5,4,4,544,Champions
15823.0,337,6,3018.86,2,4,5,245,At Risk
15824.0,453,2,890.94,1,2,3,123,Lost Customers
15825.0,172,1,532.94,3,1,2,312,Lost Customers
15826.0,51,6,2583.13,4,4,4,444,Champions
15827.0,73,42,3240.03,3,5,5,355,Loyal Customers
15828.0,375,1,1108.82,2,1,3,213,Lost Customers
15829.0,99,2,636.14,3,2,3,323,Lost Customers
15830.0,29,2,547.7,4,2,2,422,Recent Customers
15831.0,58,4,740.64,4,3,3,433,Loyal Customers
15832.0,254,1,836.79,2,1,3,213,Lost Customers
15833.0,738,1,80.4,1,1,1,111,Lost Customers
15834.0,70,9,3615.54,3,4,5,345,Loyal Customers
15835.0,44,4,954.09,4,3,3,433,Loyal Customers
15836.0,45,2,117.47,4,2,1,421,Recent Customers
15837.0,65,2,777.01,3,2,3,323,Lost Customers
15838.0,11,38,72727.41,5,5,5,555,Champions
15839.0,25,5,1020.74,4,4,3,443,Loyal Customers
15840.0,59,3,345.66,3,3,2,332,Loyal Customers
15841.0,64,12,2716.5,3,5,4,354,Loyal Customers
15842.0,388,3,528.75,2,3,2,232,At Risk
15843.0,304,1,118.95000000000002,2,1,1,211,Lost Customers
15844.0,46,1,130.73999999999998,4,1,1,411,Recent Customers
15845.0,18,14,4273.65,5,5,5,555,Champions
15846.0,385,1,107.01,2,1,1,211,Lost Customers
15847.0,38,5,822.57,4,4,3,443,Loyal Customers
15848.0,622,1,137.99,1,1,1,111,Lost Customers
15849.0,596,1,-5876.34,1,1,1,111,Lost Customers
15850.0,19,6,1006.75,4,4,3,443,Loyal Customers
15851.0,527,1,109.73,1,1,1,111,Lost Customers
15852.0,187,3,257.26,3,3,2,332,Loyal Customers
15853.0,52,1,110.8,4,1,1,411,Recent Customers
15854.0,4,21,5578.28,5,5,5,555,Champions
15855.0,137,6,1052.72,3,4,3,343,Loyal Customers
15856.0,4,58,31873.05,5,5,5,555,Champions
15857.0,19,2,570.48,4,2,2,422,Recent Customers
15858.0,16,15,3509.91,5,5,5,555,Champions
15859.0,432,1,438.46,1,1,2,112,Lost Customers
15860.0,41,17,2361.3,4,5,4,454,Champions
15861.0,12,15,4185.4,5,5,5,555,Champions
15862.0,8,13,2512.29,5,5,4,554,Champions
15863.0,26,5,355.1,4,4,2,442,Loyal Customers
15864.0,22,9,2014.22,4,4,4,444,Champions
15865.0,41,5,2241.42,4,4,4,444,Champions
15866.0,101,1,211.89,3,1,1,311,Lost Customers
15867.0,5,35,8834.2,5,5,5,555,Champions
15868.0,583,1,94.53,1,1,1,111,Lost Customers
15869.0,277,3,321.11,2,3,2,232,At Risk
15870.0,33,4,857.46,4,3,3,433,Loyal Customers
15871.0,437,1,33.099999999999994,1,1,1,111,Lost Customers
15872.0,15,4,729.25,5,3,3,533,Loyal Customers
15873.0,493,5,138.23999999999998,1,4,1,141,At Risk
15874.0,63,25,11135.0,3,5,5,355,Loyal Customers
15875.0,646,1,108.52,1,1,1,111,Lost Customers
15876.0,409,2,1449.1399999999999,2,2,4,224,Lost Customers
15877.0,2,3,437.83,5,3,2,532,Loyal Customers
15878.0,562,2,330.77,1,2,2,122,Lost Customers
15879.0,404,4,1137.8,2,3,3,233,At Risk
15880.0,369,2,299.03,2,2,2,222,Lost Customers
15881.0,312,8,438.24,2,4,2,242,At Risk
15882.0,199,10,1098.5900000000001,2,5,3,253,At Risk
15883.0,2,2,396.48,5,2,2,522,Recent Customers
15884.0,432,3,238.65000000000003,1,3,1,131,At Risk
15885.0,93,20,1737.57,3,5,4,354,Loyal Customers
15886.0,60,4,1052.8700000000001,3,3,3,333,Loyal Customers
15887.0,407,3,1027.15,2,3,3,233,At Risk
15888.0,80,4,402.12,3,3,2,332,Loyal Customers
15889.0,157,9,1417.15,3,4,4,344,Loyal Customers
15890.0,395,5,535.65,2,4,2,242,At Risk
15891.0,227,1,511.68,2,1,2,212,Lost Customers
15892.0,669,1,128.2,1,1,1,111,Lost Customers
15893.0,482,1,305.28000000000003,1,1,2,112,Lost Customers
15894.0,253,2,258.25,2,2,2,222,Lost Customers
15895.0,150,1,179.17,3,1,1,311,Lost Customers
15896.0,625,1,-1899.67,1,1,1,111,Lost Customers
15897.0,194,2,208.59,2,2,1,221,Lost Customers
15898.0,1,29,4934.5,5,5,5,555,Champions
15899.0,369,1,56.25,2,1,1,211,Lost Customers
15900.0,24,5,876.67,4,4,3,443,Loyal Customers
15901.0,17,9,668.73,5,4,3,543,Loyal Customers
15902.0,380,1,145.01,2,1,1,211,Lost Customers
15903.0,10,15,8859.82,5,5,5,555,Champions
15904.0,8,1,164.68,5,1,1,511,Recent Customers
15905.0,543,1,114.69,1,1,1,111,Lost Customers
15906.0,20,12,2442.44,4,5,4,454,Champions
15907.0,4,3,882.72,5,3,3,533,Loyal Customers
15908.0,491,2,758.62,1,2,3,123,Lost Customers
15909.0,174,1,191.94,3,1,1,311,Lost Customers
15910.0,1,15,2661.17,5,5,4,554,Champions
15911.0,448,10,1399.45,1,5,4,154,At Risk
15912.0,178,9,1074.7,3,4,3,343,Loyal Customers
15913.0,534,1,6.300000000000001,1,1,1,111,Lost Customers
15914.0,378,2,205.99,2,2,1,221,Lost Customers
15915.0,402,1,364.45,2,1,2,212,Lost Customers
15916.0,16,17,3014.04,5,5,5,555,Champions
15917.0,248,5,530.17,2,4,2,242,At Risk
15918.0,191,3,582.88,2,3,3,233,At Risk
15919.0,20,2,525.69,4,2,2,422,Recent Customers
15920.0,154,9,569.14,3,4,2,342,Loyal Customers
15921.0,173,4,775.26,3,3,3,333,Loyal Customers
15922.0,372,2,363.6,2,2,2,222,Lost Customers
15923.0,373,1,127.08,2,1,1,211,Lost Customers
15924.0,731,1,102.82,1,1,1,111,Lost Customers
15925.0,194,1,207.15,2,1,1,211,Lost Customers
15926.0,542,1,134.44,1,1,1,111,Lost Customers
15927.0,647,1,106.54,1,1,1,111,Lost Customers
15928.0,656,1,293.53,1,1,2,112,Lost Customers
15929.0,644,1,594.0,1,1,3,113,Lost Customers
15930.0,67,1,426.63,3,1,2,312,Lost Customers
15931.0,428,1,239.9,1,1,1,111,Lost Customers
15932.0,4,11,2461.85,5,5,4,554,Champions
15933.0,21,3,1107.46,4,3,3,433,Loyal Customers
15934.0,418,2,2190.66,1,2,4,124,Lost Customers
15935.0,239,3,108.03999999999999,2,3,1,231,At Risk
15936.0,379,2,282.79,2,2,2,222,Lost Customers
15937.0,64,1,145.35,3,1,1,311,Lost Customers
15938.0,112,9,734.81,3,4,3,343,Loyal Customers
15939.0,90,17,9047.64,3,5,5,355,Loyal Customers
15940.0,311,3,-3.552713678800501e-15,2,3,1,231,At Risk
15941.0,513,2,230.6,1,2,1,121,Lost Customers
15942.0,134,1,337.44,3,1,2,312,Lost Customers
15943.0,650,2,271.28999999999996,1,2,2,122,Lost Customers
15944.0,277,4,2164.24,2,3,4,234,At Risk
15945.0,365,4,646.27,2,3,3,233,At Risk
15946.0,503,3,2304.18,1,3,4,134,At Risk
15947.0,83,1,1708.24,3,1,4,314,Lost Customers
15948.0,8,3,1509.0900000000001,5,3,4,534,Loyal Customers
15949.0,17,2,364.72,5,2,2,522,Recent Customers
15950.0,2,13,6878.71,5,5,5,555,Champions
15951.0,1,4,974.52,5,3,3,533,Loyal Customers
15952.0,34,4,781.91,4,3,3,433,Loyal Customers
15953.0,15,21,3295.49,5,5,5,555,Champions
15954.0,589,1,190.75,1,1,1,111,Lost Customers
15955.0,24,25,8050.2300000000005,4,5,5,455,Champions
15956.0,551,2,617.6,1,2,3,123,Lost Customers
15957.0,32,3,921.25,4,3,3,433,Loyal Customers
15958.0,74,4,462.12,3,3,2,332,Loyal Customers
15959.0,682,3,542.89,1,3,2,132,At Risk
15960.0,374,5,394.0,2,4,2,242,At Risk
15961.0,379,1,451.28999999999996,2,1,2,212,Lost Customers
15962.0,449,1,289.48,1,1,2,112,Lost Customers
15963.0,20,2,470.76,4,2,2,422,Recent Customers
15964.0,663,1,269.21000000000004,1,1,2,112,Lost Customers
15965.0,17,14,2758.19,5,5,4,554,Champions
15966.0,444,2,399.58,1,2,2,122,Lost Customers
15967.0,23,13,2943.6,4,5,5,455,Champions
15968.0,388,1,404.55,2,1,2,212,Lost Customers
15969.0,3,6,1043.85,5,4,3,543,Loyal Customers
15970.0,304,2,1017.32,2,2,3,223,Lost Customers
15971.0,18,20,4930.43,5,5,5,555,Champions
15972.0,456,5,1769.33,1,4,4,144,At Risk
15973.0,236,5,472.57,2,4,2,242,At Risk
15974.0,39,8,3429.55,4,4,5,445,Champions
15975.0,84,1,371.01,3,1,2,312,Lost Customers
15976.0,165,6,1694.41,3,4,4,344,Loyal Customers
15977.0,17,2,1054.73,5,2,3,523,Recent Customers
15978.0,77,5,3272.62,3,4,5,345,Loyal Customers
15979.0,603,1,329.22,1,1,2,112,Lost Customers
15980.0,89,9,6496.28,3,4,5,345,Loyal Customers
15981.0,25,27,9268.07,4,5,5,455,Champions
15982.0,605,1,324.51,1,1,2,112,Lost Customers
15983.0,22,8,3110.37,4,4,5,445,Champions
15984.0,3,32,8304.82,5,5,5,555,Champions
15985.0,123,8,2610.28,3,4,4,344,Loyal Customers
15986.0,30,2,354.42,4,2,2,422,Recent Customers
15987.0,12,8,1535.99,5,4,4,544,Champions
15988.0,19,3,738.89,4,3,3,433,Loyal Customers
15989.0,376,2,368.31,2,2,2,222,Lost Customers
15990.0,44,7,1997.75,4,4,4,444,Champions
15991.0,534,1,150.55,1,1,1,111,Lost Customers
15992.0,4,3,896.6,5,3,3,533,Loyal Customers
15993.0,9,10,2736.92,5,5,4,554,Champions
15994.0,55,5,1172.34,4,4,4,444,Champions
15995.0,414,1,694.54,1,1,3,113,Lost Customers
15996.0,88,8,1370.5,3,4,4,344,Loyal Customers
15997.0,617,1,-23.4,1,1,1,111,Lost Customers
15998.0,37,21,8186.19,4,5,5,455,Champions
15999.0,736,1,20.4,1,1,1,111,Lost Customers
16000.0,3,3,12393.7,5,3,5,535,Loyal Customers
16001.0,381,2,519.06,2,2,2,222,Lost Customers
16002.0,625,1,169.21,1,1,1,111,Lost Customers
16003.0,30,10,5613.83,4,5,5,455,Champions
16004.0,475,5,2146.39,1,4,4,144,At Risk
16005.0,12,11,2333.04,5,5,4,554,Champions
16006.0,211,2,332.82,2,2,2,222,Lost Customers
16007.0,48,7,3053.06,4,4,5,445,Champions
16008.0,24,15,5339.13,4,5,5,455,Champions
16009.0,22,4,972.11,4,3,3,433,Loyal Customers
16010.0,246,12,1692.91,2,5,4,254,At Risk
16011.0,8,30,5587.56,5,5,5,555,Champions
16012.0,35,5,2978.59,4,4,5,445,Champions
16013.0,4,94,51420.92,5,5,5,555,Champions
16014.0,36,6,1091.03,4,4,3,443,Loyal Customers
16015.0,4,4,689.6999999999999,5,3,3,533,Loyal Customers
16016.0,3,14,2053.0,5,5,4,554,Champions
16017.0,47,5,1545.58,4,4,4,444,Champions
16018.0,39,4,698.13,4,3,3,433,Loyal Customers
16019.0,2,35,16503.46,5,5,5,555,Champions
16020.0,17,3,851.01,5,3,3,533,Loyal Customers
16021.0,395,2,487.03,2,2,2,222,Lost Customers
16022.0,260,1,602.63,2,1,3,213,Lost Customers
16023.0,46,3,719.81,4,3,3,433,Loyal Customers
16024.0,12,3,483.99,5,3,2,532,Loyal Customers
16025.0,30,1,439.65999999999997,4,1,2,412,Recent Customers
16026.0,43,1,236.09,4,1,1,411,Recent Customers
16027.0,92,18,1799.8400000000001,3,5,4,354,Loyal Customers
16028.0,596,1,82.2,1,1,1,111,Lost Customers
16029.0,39,125,89705.47,4,5,5,455,Champions
16030.0,310,1,331.24,2,1,2,212,Lost Customers
16031.0,92,2,547.9,3,2,2,322,Lost Customers
16032.0,456,6,1965.72,1,4,4,144,At Risk
16033.0,6,36,10465.07,5,5,5,555,Champions
16034.0,196,7,908.37,2,4,3,243,At Risk
16035.0,560,1,217.73,1,1,1,111,Lost Customers
16036.0,87,4,2556.84,3,3,4,334,Loyal Customers
16037.0,270,7,1489.44,2,4,4,244,At Risk
16038.0,8,4,454.33000000000004,5,3,2,532,Loyal Customers
16039.0,424,3,449.65,1,3,2,132,At Risk
16040.0,65,8,2383.7000000000003,3,4,4,344,Loyal Customers
16041.0,31,3,3166.4,4,3,5,435,Loyal Customers
16042.0,22,11,2183.1,4,5,4,454,Champions
16043.0,38,8,1856.5900000000001,4,4,4,444,Champions
16044.0,435,1,340.84000000000003,1,1,2,112,Lost Customers
16045.0,120,9,3187.03,3,4,5,345,Loyal Customers
16046.0,562,1,235.78,1,1,1,111,Lost Customers
16047.0,682,1,107.14,1,1,1,111,Lost Customers
16048.0,86,6,800.09,3,4,3,343,Loyal Customers
16049.0,40,6,1852.15,4,4,4,444,Champions
16050.0,174,3,300.7,3,3,2,332,Loyal Customers
16051.0,682,1,188.44,1,1,1,111,Lost Customers
16052.0,54,1,362.06,4,1,2,412,Recent Customers
16053.0,33,8,3606.14,4,4,5,445,Champions
16054.0,145,7,2090.68,3,4,4,344,Loyal Customers
16055.0,221,1,134.8,2,1,1,211,Lost Customers
16056.0,45,1,650.75,4,1,3,413,Recent Customers
16057.0,4,17,3202.07,5,5,5,555,Champions
16058.0,406,1,62.7,2,1,1,211,Lost Customers
16059.0,66,12,3053.57,3,5,5,355,Loyal Customers
16060.0,401,3,541.95,2,3,2,232,At Risk
16061.0,269,3,44.95,2,3,1,231,At Risk
16062.0,10,8,2863.45,5,4,5,545,Champions
16063.0,260,1,335.32,2,1,2,212,Lost Customers
16064.0,725,1,109.31,1,1,1,111,Lost Customers
16065.0,365,10,1975.13,2,5,4,254,At Risk
16066.0,17,5,1521.04,5,4,4,544,Champions
16067.0,563,6,2900.01,1,4,5,145,At Risk
16068.0,594,1,115.73,1,1,1,111,Lost Customers
16069.0,418,1,457.7,1,1,2,112,Lost Customers
16070.0,22,2,852.15,4,2,3,423,Recent Customers
16071.0,45,4,1076.8,4,3,3,433,Loyal Customers
16072.0,288,4,4180.09,2,3,5,235,At Risk
16073.0,292,2,94.35,2,2,1,221,Lost Customers
16074.0,390,1,252.5,2,1,1,211,Lost Customers
16075.0,503,3,726.98,1,3,3,133,At Risk
16076.0,3,11,2173.53,5,5,4,554,Champions
16077.0,574,2,600.0,1,2,3,123,Lost Customers
16078.0,284,2,362.99,2,2,2,222,Lost Customers
16079.0,17,3,1352.0,5,3,4,534,Loyal Customers
16080.0,82,6,472.9,3,4,2,342,Loyal Customers
16081.0,56,8,4278.96,4,4,5,445,Champions
16082.0,670,1,106.75,1,1,1,111,Lost Customers
16083.0,101,4,2351.42,3,3,4,334,Loyal Customers
16084.0,299,1,436.18,2,1,2,212,Lost Customers
16085.0,23,13,2335.23,4,5,4,454,Champions
16086.0,59,11,2685.65,3,5,4,354,Loyal Customers
16087.0,389,5,1739.92,2,4,4,244,At Risk
16088.0,576,2,1437.43,1,2,4,124,Lost Customers
16089.0,386,2,263.49,2,2,2,222,Lost Customers
16090.0,624,1,180.56,1,1,1,111,Lost Customers
16091.0,155,2,315.06,3,2,2,322,Lost Customers
16092.0,99,10,1515.49,3,5,4,354,Loyal Customers
16093.0,107,1,17.0,3,1,1,311,Lost Customers
16094.0,12,19,3599.16,5,5,5,555,Champions
16095.0,456,1,447.05,1,1,2,112,Lost Customers
16096.0,264,4,1584.97,2,3,4,234,At Risk
16097.0,240,1,185.04999999999998,2,1,1,211,Lost Customers
16098.0,88,14,4010.7,3,5,5,355,Loyal Customers
16099.0,50,8,1568.25,4,4,4,444,Champions
16100.0,463,1,582.64,1,1,3,113,Lost Customers
16101.0,9,7,3167.42,5,4,5,545,Champions
16102.0,42,3,1842.14,4,3,4,434,Loyal Customers
16103.0,7,27,6002.76,5,5,5,555,Champions
16104.0,62,11,2511.21,3,5,4,354,Loyal Customers
16105.0,249,5,2386.19,2,4,4,244,At Risk
16106.0,66,1,108.38,3,1,1,311,Lost Customers
16107.0,18,7,3204.1600000000003,5,4,5,545,Champions
16108.0,85,8,2171.93,3,4,4,344,Loyal Customers
16109.0,219,4,923.58,2,3,3,233,At Risk
16110.0,45,4,1781.59,4,3,4,434,Loyal Customers
16111.0,428,1,549.33,1,1,2,112,Lost Customers
16112.0,143,4,195.73999999999998,3,3,1,331,Loyal Customers
16113.0,183,1,161.38,3,1,1,311,Lost Customers
16114.0,171,1,135.75000000000003,3,1,1,311,Lost Customers
16115.0,10,12,2553.8,5,5,4,554,Champions
16116.0,206,2,592.88,2,2,3,223,Lost Customers
16117.0,190,4,650.05,3,3,3,333,Loyal Customers
16118.0,393,5,4255.43,2,4,5,245,At Risk
16119.0,8,8,1720.81,5,4,4,544,Champions
16120.0,59,7,2952.51,3,4,5,345,Loyal Customers
16121.0,57,6,1430.14,4,4,4,444,Champions
16122.0,73,6,895.62,3,4,3,343,Loyal Customers
16123.0,52,1,307.78,4,1,2,412,Recent Customers
16124.0,316,6,1709.39,2,4,4,244,At Risk
16125.0,367,14,4292.35,2,5,5,255,At Risk
16126.0,29,15,14644.6,4,5,5,455,Champions
16127.0,39,2,801.31,4,2,3,423,Recent Customers
16128.0,18,14,3748.4,5,5,5,555,Champions
16129.0,407,3,1396.05,2,3,4,234,At Risk
16130.0,422,4,987.48,1,3,3,133,At Risk
16131.0,52,15,9866.27,4,5,5,455,Champions
16132.0,544,2,664.1999999999999,1,2,3,123,Lost Customers
16133.0,4,78,22228.88,5,5,5,555,Champions
16134.0,22,7,2119.99,4,4,4,444,Champions
16135.0,263,2,819.45,2,2,3,223,Lost Customers
16136.0,60,5,921.08,3,4,3,343,Loyal Customers
16137.0,680,1,422.7,1,1,2,112,Lost Customers
16138.0,368,4,902.4,2,3,3,233,At Risk
16139.0,19,5,1111.15,4,4,3,443,Loyal Customers
16140.0,53,5,1412.05,4,4,4,444,Champions
16141.0,88,2,955.94,3,2,3,323,Lost Customers
16142.0,250,1,535.34,2,1,2,212,Lost Customers
16143.0,3,16,4511.13,5,5,5,555,Champions
16144.0,247,1,175.2,2,1,1,211,Lost Customers
16145.0,9,29,6693.6,5,5,5,555,Champions
16146.0,157,4,946.38,3,3,3,333,Loyal Customers
16147.0,134,7,2367.02,3,4,4,344,Loyal Customers
16148.0,296,4,370.37,2,3,2,232,At Risk
16149.0,5,3,422.22,5,3,2,532,Loyal Customers
16150.0,39,20,3761.27,4,5,5,455,Champions
16151.0,599,1,-4217.59,1,1,1,111,Lost Customers
16152.0,269,1,1829.04,2,1,4,214,Lost Customers
16153.0,50,13,5037.51,4,5,5,455,Champions
16154.0,682,1,-10.5,1,1,1,111,Lost Customers
16155.0,382,6,781.05,2,4,3,243,At Risk
16156.0,9,26,5923.39,5,5,5,555,Champions
16157.0,16,4,644.24,5,3,3,533,Loyal Customers
16158.0,522,10,611.32,1,5,3,153,At Risk
16159.0,282,5,1230.29,2,4,4,244,At Risk
16160.0,64,4,1009.4499999999999,3,3,3,333,Loyal Customers
16161.0,2,57,12236.22,5,5,5,555,Champions
16162.0,252,1,37.4,2,1,1,211,Lost Customers
16163.0,225,14,1822.03,2,5,4,254,At Risk
16164.0,17,4,802.53,5,3,3,533,Loyal Customers
16165.0,505,1,79.9,1,1,1,111,Lost Customers
16166.0,428,4,327.48,1,3,2,132,At Risk
16167.0,414,6,1149.8700000000001,1,4,3,143,At Risk
16168.0,11,73,10263.28,5,5,5,555,Champions
16169.0,8,4,1822.97,5,3,4,534,Loyal Customers
16170.0,51,25,6813.67,4,5,5,455,Champions
16171.0,59,1,73.2,3,1,1,311,Lost Customers
16172.0,95,8,1884.55,3,4,4,344,Loyal Customers
16173.0,16,7,1406.57,5,4,4,544,Champions
16174.0,126,7,2246.75,3,4,4,344,Loyal Customers
16175.0,94,7,1836.44,3,4,4,344,Loyal Customers
16176.0,421,7,1964.04,1,4,4,144,At Risk
16177.0,50,12,2141.61,4,5,4,454,Champions
16178.0,138,2,612.6,3,2,3,323,Lost Customers
16179.0,61,1,215.83,3,1,1,311,Lost Customers
16180.0,100,16,16170.27,3,5,5,355,Loyal Customers
16181.0,73,1,305.54,3,1,2,312,Lost Customers
16182.0,72,9,9971.65,3,4,5,345,Loyal Customers
16183.0,67,4,1077.81,3,3,3,333,Loyal Customers
16184.0,64,7,1155.54,3,4,3,343,Loyal Customers
16185.0,17,3,644.72,5,3,3,533,Loyal Customers
16186.0,23,30,8676.23,4,5,5,455,Champions
16187.0,32,17,6841.24,4,5,5,455,Champions
16188.0,45,6,1077.71,4,4,3,443,Loyal Customers
16189.0,16,2,215.48,5,2,1,521,Recent Customers
16190.0,40,8,2723.55,4,4,4,444,Champions
16191.0,3,40,15151.92,5,5,5,555,Champions
16192.0,736,1,351.3,1,1,2,112,Lost Customers
16193.0,237,2,630.43,2,2,3,223,Lost Customers
16194.0,375,1,308.59999999999997,2,1,2,212,Lost Customers
16195.0,723,1,323.25,1,1,2,112,Lost Customers
16196.0,489,1,93.3,1,1,1,111,Lost Customers
16197.0,469,9,2016.71,1,4,4,144,At Risk
16198.0,75,2,1030.0410000000002,3,2,3,323,Lost Customers
16199.0,392,7,942.75,2,4,3,243,At Risk
16200.0,4,13,5594.6,5,5,5,555,Champions
16201.0,3,6,2070.17,5,4,4,544,Champions
16202.0,361,11,2467.04,2,5,4,254,At Risk
16203.0,59,7,940.09,3,4,3,343,Loyal Customers
16204.0,23,4,913.71,4,3,3,433,Loyal Customers
16205.0,31,7,1820.1100000000001,4,4,4,444,Champions
16206.0,55,14,2584.92,4,5,4,454,Champions
16207.0,25,1,394.38,4,1,2,412,Recent Customers
16208.0,45,10,3440.45,4,5,5,455,Champions
16209.0,89,9,4146.78,3,4,5,345,Loyal Customers
16210.0,2,37,33565.52,5,5,5,555,Champions
16211.0,81,4,1086.34,3,3,3,333,Loyal Customers
16212.0,19,5,1284.56,4,4,4,444,Champions
16213.0,79,1,159.0,3,1,1,311,Lost Customers
16214.0,171,4,2038.25,3,3,4,334,Loyal Customers
16215.0,81,1,242.35,3,1,1,311,Lost Customers
16216.0,267,1,914.9300000000001,2,1,3,213,Lost Customers
16217.0,235,4,259.39000000000004,2,3,2,232,At Risk
16218.0,30,19,3872.3,4,5,5,455,Champions
16219.0,501,1,40.8,1,1,1,111,Lost Customers
16220.0,728,1,-10.17,1,1,1,111,Lost Customers
16221.0,37,10,2013.42,4,5,4,454,Champions
16222.0,318,2,1272.05,2,2,4,224,Lost Customers
16223.0,375,2,1087.05,2,2,3,223,Lost Customers
16224.0,57,5,1616.54,4,4,4,444,Champions
16225.0,45,18,2813.81,4,5,5,455,Champions
16226.0,203,5,672.1700000000001,2,4,3,243,At Risk
16227.0,219,6,948.82,2,4,3,243,At Risk
16228.0,374,4,881.0600000000001,2,3,3,233,At Risk
16229.0,87,7,2835.36,3,4,5,345,Loyal Customers
16230.0,190,2,542.03,2,2,2,222,Lost Customers
16231.0,379,4,1074.47,2,3,3,233,At Risk
16232.0,33,10,2692.02,4,5,4,454,Champions
16233.0,71,12,1671.31,3,5,4,354,Loyal Customers
16234.0,474,4,312.78,1,3,2,132,At Risk
16235.0,41,11,1990.6100000000001,4,5,4,454,Champions
16236.0,78,1,432.2,3,1,2,312,Lost Customers
16237.0,437,1,136.65,1,1,1,111,Lost Customers
16238.0,423,1,63.66,1,1,1,111,Lost Customers
16239.0,57,7,1450.9,4,4,4,444,Champions
16240.0,8,5,3693.81,5,4,5,545,Champions
16241.0,10,16,3992.86,5,5,5,555,Champions
16242.0,8,18,7370.5,5,5,5,555,Champions
16243.0,34,2,409.1,4,2,2,422,Recent Customers
16244.0,212,2,1522.75,2,2,4,224,Lost Customers
16245.0,24,5,1352.3600000000001,4,4,4,444,Champions
16246.0,460,2,821.35,1,2,3,123,Lost Customers
16247.0,170,1,114.56,3,1,1,311,Lost Customers
16248.0,62,1,152.94,3,1,1,311,Lost Customers
16249.0,53,5,1800.07,4,4,4,444,Champions
16250.0,261,3,565.24,2,3,2,232,At Risk
16251.0,512,1,128.31,1,1,1,111,Lost Customers
16252.0,366,2,2.6645352591003757e-15,2,2,1,221,Lost Customers
16253.0,32,9,7238.96,4,4,5,445,Champions
16254.0,378,3,967.44,2,3,3,233,At Risk
16255.0,17,19,4457.59,5,5,5,555,Champions
16256.0,258,4,1609.57,2,3,4,234,At Risk
16257.0,177,1,46.95,3,1,1,311,Lost Customers
16258.0,45,16,11833.52,4,5,5,455,Champions
16259.0,410,3,340.94,2,3,2,232,At Risk
16260.0,51,1,1035.45,4,1,3,413,Recent Customers
16261.0,17,6,1041.16,5,4,3,543,Loyal Customers
16262.0,361,3,677.78,2,3,3,233,At Risk
16263.0,423,1,348.16,1,1,2,112,Lost Customers
16264.0,438,2,823.53,1,2,3,123,Lost Customers
16265.0,9,15,6893.62,5,5,5,555,Champions
16266.0,74,14,1757.95,3,5,4,354,Loyal Customers
16267.0,591,1,186.66,1,1,1,111,Lost Customers
16268.0,71,2,667.65,3,2,3,323,Lost Customers
16269.0,428,2,714.59,1,2,3,123,Lost Customers
16270.0,353,1,1141.24,2,1,3,213,Lost Customers
16271.0,3,11,3391.87,5,5,5,555,Champions
16272.0,117,1,411.7,3,1,2,312,Lost Customers
16273.0,648,2,318.34000000000003,1,2,2,122,Lost Customers
16274.0,373,1,351.75,2,1,2,212,Lost Customers
16275.0,197,3,2151.11,2,3,4,234,At Risk
16276.0,177,3,2629.3900000000003,3,3,4,334,Loyal Customers
16277.0,734,1,188.69,1,1,1,111,Lost Customers
16278.0,23,7,1056.59,4,4,3,443,Loyal Customers
16279.0,21,10,5685.38,4,5,5,455,Champions
16280.0,725,1,238.05,1,1,1,111,Lost Customers
16281.0,72,4,3416.52,3,3,5,335,Loyal Customers
16282.0,340,3,1307.58,2,3,4,234,At Risk
16283.0,6,12,4257.87,5,5,5,555,Champions
16284.0,31,3,1018.48,4,3,3,433,Loyal Customers
16285.0,646,1,176.9,1,1,1,111,Lost Customers
16286.0,477,4,263.65,1,3,2,132,At Risk
16287.0,170,5,1006.98,3,4,3,343,Loyal Customers
16288.0,470,1,129.85,1,1,1,111,Lost Customers
16289.0,462,2,98.81,1,2,1,121,Lost Customers
16290.0,465,4,1957.7,1,3,4,134,At Risk
16291.0,682,1,117.72,1,1,1,111,Lost Customers
16292.0,117,9,1171.46,3,4,4,344,Loyal Customers
16293.0,9,19,4253.45,5,5,5,555,Champions
16294.0,477,1,126.05000000000001,1,1,1,111,Lost Customers
16295.0,10,4,1328.55,5,3,4,534,Loyal Customers
16296.0,626,6,1245.97,1,4,4,144,At Risk
16297.0,213,4,275.4,2,3,2,232,At Risk
16298.0,23,9,1080.0,4,4,3,443,Loyal Customers
16299.0,473,2,178.65,1,2,1,121,Lost Customers
16300.0,430,3,1367.32,1,3,4,134,At Risk
16301.0,737,1,107.33,1,1,1,111,Lost Customers
16302.0,108,2,212.82,3,2,1,321,Lost Customers
16303.0,26,9,7823.72,4,4,5,445,Champions
16304.0,695,1,381.66,1,1,2,112,Lost Customers
16305.0,139,1,361.21999999999997,3,1,2,312,Lost Customers
16306.0,214,10,1094.72,2,5,3,253,At Risk
16307.0,429,3,1194.92,1,3,4,134,At Risk
16308.0,38,7,5120.0,4,4,5,445,Champions
16309.0,92,3,686.67,3,3,3,333,Loyal Customers
16310.0,414,2,460.08,1,2,2,122,Lost Customers
16311.0,18,2,616.26,5,2,3,523,Recent Customers
16312.0,432,1,171.15,1,1,1,111,Lost Customers
16313.0,3,2,274.15000000000003,5,2,2,522,Recent Customers
16314.0,390,3,1491.4,2,3,4,234,At Risk
16315.0,331,2,402.71,2,2,2,222,Lost Customers
16316.0,64,19,5533.31,3,5,5,355,Loyal Customers
16317.0,120,6,2179.76,3,4,4,344,Loyal Customers
16318.0,35,1,328.15,4,1,2,412,Recent Customers
16319.0,218,1,404.40000000000003,2,1,2,212,Lost Customers
16320.0,172,8,4428.849999999999,3,4,5,345,Loyal Customers
16321.0,72,10,265.5,3,5,2,352,Loyal Customers
16322.0,1,2,326.75,5,2,2,522,Recent Customers
16323.0,196,2,353.66,2,2,2,222,Lost Customers
16324.0,128,3,408.59000000000003,3,3,2,332,Loyal Customers
16325.0,44,17,3463.84,4,5,5,455,Champions
16326.0,6,26,4601.25,5,5,5,555,Champions
16327.0,14,20,10133.82,5,5,5,555,Champions
16328.0,563,1,310.83,1,1,2,112,Lost Customers
16329.0,428,4,1664.92,1,3,4,134,At Risk
16330.0,18,8,615.68,5,4,3,543,Loyal Customers
16331.0,432,6,2037.7,1,4,4,144,At Risk
16332.0,28,13,1979.57,4,5,4,454,Champions
16333.0,8,22,26626.8,5,5,5,555,Champions
16334.0,492,1,263.73,1,1,2,112,Lost Customers
16335.0,552,8,2726.52,1,4,4,144,At Risk
16336.0,421,4,3517.69,1,3,5,135,At Risk
16337.0,37,1,151.05,4,1,1,411,Recent Customers
16338.0,157,1,214.79999999999998,3,1,1,311,Lost Customers
16339.0,284,1,94.05,2,1,1,211,Lost Customers
16340.0,107,3,1496.24,3,3,4,334,Loyal Customers
16341.0,25,10,3832.29,4,5,5,455,Champions
16342.0,75,4,322.41,3,3,2,332,Loyal Customers
16343.0,16,3,614.12,5,3,3,533,Loyal Customers
16344.0,158,4,842.42,3,3,3,333,Loyal Customers
16345.0,44,2,1178.79,4,2,4,424,Recent Customers
16346.0,385,1,224.51,2,1,1,211,Lost Customers
16347.0,11,13,3415.56,5,5,5,555,Champions
16348.0,32,8,1744.42,4,4,4,444,Champions
16349.0,291,1,53.5,2,1,1,211,Lost Customers
16350.0,21,12,2222.49,4,5,4,454,Champions
16351.0,333,18,3279.13,2,5,5,255,At Risk
16352.0,18,2,494.44,5,2,2,522,Recent Customers
16353.0,4,41,9781.93,5,5,5,555,Champions
16354.0,63,5,1119.46,3,4,3,343,Loyal Customers
16355.0,374,2,349.2,2,2,2,222,Lost Customers
16356.0,198,7,414.42,2,4,2,242,At Risk
16357.0,33,4,868.37,4,3,3,433,Loyal Customers
16358.0,1,6,2917.1,5,4,5,545,Champions
16359.0,7,20,2379.4,5,5,4,554,Champions
16360.0,5,8,3349.57,5,4,5,545,Champions
16361.0,10,4,891.21,5,3,3,533,Loyal Customers
16362.0,32,11,816.96,4,5,3,453,Loyal Customers
16363.0,53,1,109.36000000000001,4,1,1,411,Recent Customers
16364.0,12,2,705.79,5,2,3,523,Recent Customers
16365.0,18,16,3156.94,5,5,5,555,Champions
16366.0,19,4,1548.1299999999999,4,3,4,434,Loyal Customers
16367.0,37,3,1350.48,4,3,4,434,Loyal Customers
16368.0,2,3,621.44,5,3,3,533,Loyal Customers
16369.0,18,7,2656.56,5,4,4,544,Champions
16370.0,82,4,1301.91,3,3,4,334,Loyal Customers
16371.0,449,1,157.2,1,1,1,111,Lost Customers
16372.0,33,6,1260.31,4,4,4,444,Champions
16373.0,382,2,309.49,2,2,2,222,Lost Customers
16374.0,66,5,1723.4,3,4,4,344,Loyal Customers
16375.0,470,2,104.0,1,2,1,121,Lost Customers
16376.0,9,3,965.47,5,3,3,533,Loyal Customers
16377.0,267,2,1308.48,2,2,4,224,Lost Customers
16378.0,247,3,362.95,2,3,2,232,At Risk
16379.0,4,5,2131.9,5,4,4,544,Champions
16380.0,61,1,1743.1499999999999,3,1,4,314,Lost Customers
16381.0,396,2,247.85,2,2,1,221,Lost Customers
16382.0,408,2,353.1,2,2,2,222,Lost Customers
16383.0,75,9,2832.69,3,4,5,345,Loyal Customers
16384.0,90,4,1358.95,3,3,4,334,Loyal Customers
16385.0,60,5,881.35,3,4,3,343,Loyal Customers
16386.0,29,3,1068.16,4,3,3,433,Loyal Customers
16387.0,323,5,882.46,2,4,3,243,At Risk
16388.0,654,1,186.05,1,1,1,111,Lost Customers
16389.0,53,5,1362.27,4,4,4,444,Champions
16390.0,537,3,467.5,1,3,2,132,At Risk
16391.0,401,4,1052.26,2,3,3,233,At Risk
16392.0,270,3,756.7,2,3,3,233,At Risk
16393.0,2,30,5192.61,5,5,5,555,Champions
16394.0,50,9,1412.06,4,4,4,444,Champions
16395.0,61,17,3439.51,3,5,5,355,Loyal Customers
16396.0,473,3,102.69999999999999,1,3,1,131,At Risk
16397.0,628,1,123.13,1,1,1,111,Lost Customers
16398.0,145,4,1631.15,3,3,4,334,Loyal Customers
16399.0,19,3,630.22,4,3,3,433,Loyal Customers
16400.0,95,9,3059.85,3,4,5,345,Loyal Customers
16401.0,1,39,6628.99,5,5,5,555,Champions
16402.0,265,2,293.45,2,2,2,222,Lost Customers
16403.0,302,2,161.04999999999998,2,2,1,221,Lost Customers
16404.0,70,2,430.3,3,2,2,322,Lost Customers
16405.0,302,2,167.25,2,2,1,221,Lost Customers
16406.0,19,4,509.66,4,3,2,432,Loyal Customers
16407.0,13,14,2761.65,5,5,4,554,Champions
16408.0,591,1,231.93,1,1,1,111,Lost Customers
16409.0,36,12,5652.74,4,5,5,455,Champions
16410.0,734,1,130.32,1,1,1,111,Lost Customers
16411.0,19,4,756.39,4,3,3,433,Loyal Customers
16412.0,54,5,593.19,4,4,3,443,Loyal Customers
16413.0,57,2,522.03,4,2,2,422,Recent Customers
16414.0,22,5,551.21,4,4,2,442,Loyal Customers
16415.0,44,3,696.76,4,3,3,433,Loyal Customers
16416.0,27,10,2933.47,4,5,5,455,Champions
16417.0,493,1,35.7,1,1,1,111,Lost Customers
16418.0,45,5,1028.74,4,4,3,443,Loyal Customers
16419.0,113,9,1450.95,3,4,4,344,Loyal Customers
16420.0,396,1,75.0,2,1,1,211,Lost Customers
16421.0,376,3,526.27,2,3,2,232,At Risk
16422.0,17,146,59379.94,5,5,5,555,Champions
16423.0,25,1,346.12,4,1,2,412,Recent Customers
16424.0,191,3,392.06,2,3,2,232,At Risk
16425.0,302,1,302.7,2,1,2,212,Lost Customers
16426.0,2,10,1863.76,5,5,4,554,Champions
16427.0,263,2,241.06,2,2,1,221,Lost Customers
16428.0,81,4,635.54,3,3,3,333,Loyal Customers
16429.0,106,1,284.55,3,1,2,312,Lost Customers
16430.0,57,7,1117.94,4,4,3,443,Loyal Customers
16431.0,213,3,623.28,2,3,3,233,At Risk
16432.0,64,1,287.4,3,1,2,312,Lost Customers
16433.0,28,2,384.52,4,2,2,422,Recent Customers
16434.0,29,13,2658.99,4,5,4,454,Champions
16435.0,512,3,1003.0699999999999,1,3,3,133,At Risk
16436.0,668,4,231.84,1,3,1,131,At Risk
16437.0,381,2,301.25,2,2,2,222,Lost Customers
16438.0,6,5,798.35,5,4,3,543,Loyal Customers
16439.0,722,1,310.70000000000005,1,1,2,112,Lost Customers
16440.0,8,6,3856.9700000000003,5,4,5,545,Champions
16441.0,67,6,1008.18,3,4,3,343,Loyal Customers
16442.0,2,5,891.98,5,4,3,543,Loyal Customers
16443.0,521,1,162.24,1,1,1,111,Lost Customers
16444.0,46,20,3551.68,4,5,5,455,Champions
16445.0,34,4,583.16,4,3,3,433,Loyal Customers
16446.0,1,4,-6.100000000005821,5,3,1,531,Loyal Customers
16447.0,136,3,727.1,3,3,3,333,Loyal Customers
16448.0,198,2,361.12,2,2,2,222,Lost Customers
16449.0,191,3,674.69,2,3,3,233,At Risk
16450.0,150,4,1475.73,3,3,4,334,Loyal Customers
16451.0,88,4,1009.4,3,3,3,333,Loyal Customers
16452.0,631,2,332.17,1,2,2,122,Lost Customers
16453.0,531,2,251.71,1,2,1,121,Lost Customers
16454.0,45,8,1.9000000000000004,4,4,1,441,Loyal Customers
16455.0,64,13,3917.92,3,5,5,355,Loyal Customers
16456.0,99,14,5323.44,3,5,5,355,Loyal Customers
16457.0,218,1,208.36,2,1,1,211,Lost Customers
16458.0,3,30,5690.89,5,5,5,555,Champions
16459.0,730,1,71.78999999999999,1,1,1,111,Lost Customers
16460.0,28,3,811.23,4,3,3,433,Loyal Customers
16461.0,178,3,1545.83,3,3,4,334,Loyal Customers
16462.0,64,4,102.0,3,3,1,331,Loyal Customers
16463.0,21,7,1383.7,4,4,4,444,Champions
16464.0,20,3,1298.66,4,3,4,434,Loyal Customers
16465.0,414,3,726.34,1,3,3,133,At Risk
16466.0,34,16,3642.09,4,5,5,455,Champions
16467.0,509,8,2862.4,1,4,5,145,At Risk
16468.0,74,3,787.52,3,3,3,333,Loyal Customers
16469.0,24,5,803.9,4,4,3,443,Loyal Customers
16470.0,52,12,2411.9,4,5,4,454,Champions
16471.0,275,6,1186.18,2,4,4,244,At Risk
16472.0,434,2,789.6,1,2,3,123,Lost Customers
16473.0,165,5,469.58,3,4,2,342,Loyal Customers
16474.0,7,11,1750.6200000000001,5,5,4,554,Champions
16475.0,88,4,544.3,3,3,2,332,Loyal Customers
16476.0,417,3,337.0,1,3,2,132,At Risk
16477.0,64,11,4094.37,3,5,5,355,Loyal Customers
16478.0,25,3,331.0,4,3,2,432,Loyal Customers
16479.0,10,2,300.83,5,2,2,522,Recent Customers
16480.0,76,1,769.29,3,1,3,313,Lost Customers
16481.0,660,3,428.23,1,3,2,132,At Risk
16482.0,16,1,220.62,5,1,1,511,Recent Customers
16483.0,192,1,139.35,2,1,1,211,Lost Customers
16484.0,174,3,379.4,3,3,2,332,Loyal Customers
16485.0,77,7,2130.19,3,4,4,344,Loyal Customers
16486.0,538,1,134.36,1,1,1,111,Lost Customers
16487.0,577,2,209.4,1,2,1,121,Lost Customers
16488.0,33,4,492.2,4,3,2,432,Loyal Customers
16489.0,380,2,303.7,2,2,2,222,Lost Customers
16490.0,430,2,179.16000000000003,1,2,1,121,Lost Customers
16491.0,47,3,1524.31,4,3,4,434,Loyal Customers
16492.0,541,1,385.56,1,1,2,112,Lost Customers
16493.0,73,9,2110.12,3,4,4,344,Loyal Customers
16494.0,297,1,826.53,2,1,3,213,Lost Customers
16495.0,3,3,648.26,5,3,3,533,Loyal Customers
16496.0,9,7,2293.47,5,4,4,544,Champions
16497.0,50,23,6695.28,4,5,5,455,Champions
16498.0,161,3,86.12,3,3,1,331,Loyal Customers
16499.0,360,13,2509.64,2,5,4,254,At Risk
16500.0,5,10,835.96,5,5,3,553,Loyal Customers
16501.0,383,1,1191.23,2,1,4,214,Lost Customers
16502.0,620,2,258.55,1,2,2,122,Lost Customers
16503.0,107,13,3597.89,3,5,5,355,Loyal Customers
16504.0,25,1,465.88,4,1,2,412,Recent Customers
16505.0,32,1,777.6,4,1,3,413,Recent Customers
16506.0,20,2,90.30000000000001,4,2,1,421,Recent Customers
16507.0,572,1,142.71,1,1,1,111,Lost Customers
16508.0,630,1,240.95,1,1,1,111,Lost Customers
16509.0,297,1,363.7,2,1,2,212,Lost Customers
16510.0,372,6,1777.5,2,4,4,244,At Risk
16511.0,22,6,1760.49,4,4,4,444,Champions
16512.0,728,1,-33.9,1,1,1,111,Lost Customers
16513.0,5,4,874.59,5,3,3,533,Loyal Customers
16514.0,630,1,-134.86,1,1,1,111,Lost Customers
16515.0,52,10,3179.06,4,5,5,455,Champions
16516.0,30,1,101.69999999999999,4,1,1,411,Recent Customers
16517.0,277,1,162.7,2,1,1,211,Lost Customers
16518.0,61,6,938.27,3,4,3,343,Loyal Customers
16519.0,25,4,439.06,4,3,2,432,Loyal Customers
16520.0,186,8,2131.68,3,4,4,344,Loyal Customers
16521.0,415,3,1140.11,1,3,3,133,At Risk
16522.0,436,2,433.36,1,2,2,122,Lost Customers
16523.0,2,39,11760.54,5,5,5,555,Champions
16524.0,446,2,306.19,1,2,2,122,Lost Customers
16525.0,2,54,22919.4,5,5,5,555,Champions
16526.0,172,2,717.21,3,2,3,323,Lost Customers
16527.0,81,2,1232.94,3,2,4,324,Lost Customers
16528.0,4,1,244.41,5,1,1,511,Recent Customers
16529.0,190,4,1986.8,2,3,4,234,At Risk
16530.0,668,1,48.349999999999994,1,1,1,111,Lost Customers
16531.0,22,12,2263.58,4,5,4,454,Champions
16532.0,18,5,8756.64,5,4,5,545,Champions
16533.0,19,5,1014.19,4,4,3,443,Loyal Customers
16534.0,642,1,635.9,1,1,3,113,Lost Customers
16535.0,5,3,972.04,5,3,3,533,Loyal Customers
16536.0,107,2,538.17,3,2,2,322,Lost Customers
16537.0,641,1,23.35,1,1,1,111,Lost Customers
16538.0,541,3,395.07,1,3,2,132,At Risk
16539.0,3,10,3289.66,5,5,5,555,Champions
16540.0,414,1,205.75,1,1,1,111,Lost Customers
16541.0,735,2,419.78,1,2,2,122,Lost Customers
16542.0,54,2,257.32,4,2,2,422,Recent Customers
16543.0,583,2,277.80999999999995,1,2,2,122,Lost Customers
16544.0,520,6,110.3,1,4,1,141,At Risk
16545.0,165,2,689.82,3,2,3,323,Lost Customers
16546.0,291,7,4421.04,2,4,5,245,At Risk
16547.0,546,1,104.25999999999999,1,1,1,111,Lost Customers
16548.0,599,1,30.15,1,1,1,111,Lost Customers
16549.0,10,37,12759.25,5,5,5,555,Champions
16550.0,109,29,8556.82,3,5,5,355,Loyal Customers
16551.0,96,7,2237.12,3,4,4,344,Loyal Customers
16552.0,243,2,379.73,2,2,2,222,Lost Customers
16553.0,163,36,16500.12,3,5,5,355,Loyal Customers
16554.0,3,18,2407.17,5,5,4,554,Champions
16555.0,35,10,285.89,4,5,2,452,Loyal Customers
16556.0,67,24,7610.2300000000005,3,5,5,355,Loyal Customers
16557.0,24,2,281.85,4,2,2,422,Recent Customers
16558.0,1,47,13149.56,5,5,5,555,Champions
16559.0,397,1,175.0,2,1,1,211,Lost Customers
16560.0,21,10,3010.73,4,5,5,455,Champions
16561.0,6,2,511.12,5,2,2,522,Recent Customers
16562.0,477,1,223.85999999999999,1,1,1,111,Lost Customers
16563.0,54,7,4402.36,4,4,5,445,Champions
16564.0,569,1,87.8,1,1,1,111,Lost Customers
16565.0,364,5,700.45,2,4,3,243,At Risk
16566.0,15,6,614.01,5,4,3,543,Loyal Customers
16567.0,194,2,865.6,2,2,3,223,Lost Customers
16568.0,428,2,1020.9000000000001,1,2,3,123,Lost Customers
16569.0,3,5,1455.23,5,4,4,544,Champions
16570.0,9,31,6841.82,5,5,5,555,Champions
16571.0,3,17,4025.05,5,5,5,555,Champions
16572.0,127,4,999.7,3,3,3,333,Loyal Customers
16573.0,74,4,648.41,3,3,3,333,Loyal Customers
16574.0,71,3,1301.78,3,3,4,334,Loyal Customers
16575.0,682,1,-10.49,1,1,1,111,Lost Customers
16576.0,410,5,513.1700000000001,2,4,2,242,At Risk
16577.0,667,1,380.0,1,1,2,112,Lost Customers
16578.0,626,1,156.6,1,1,1,111,Lost Customers
16579.0,365,2,264.45,2,2,2,222,Lost Customers
16580.0,729,1,-5.0,1,1,1,111,Lost Customers
16581.0,155,2,70.44,3,2,1,321,Lost Customers
16582.0,113,1,313.62,3,1,2,312,Lost Customers
16583.0,374,2,297.95,2,2,2,222,Lost Customers
16584.0,80,7,3077.9700000000003,3,4,5,345,Loyal Customers
16585.0,594,2,341.59,1,2,2,122,Lost Customers
16586.0,249,3,1462.78,2,3,4,234,At Risk
16587.0,232,1,225.15,2,1,1,211,Lost Customers
16588.0,386,4,1361.28,2,3,4,234,At Risk
16589.0,71,4,612.36,3,3,3,333,Loyal Customers
16590.0,381,3,563.6,2,3,2,232,At Risk
16591.0,69,1,213.5,3,1,1,311,Lost Customers
16592.0,4,34,7624.46,5,5,5,555,Champions
16593.0,51,9,1051.24,4,4,3,443,Loyal Customers
16594.0,75,1,181.09,3,1,1,311,Lost Customers
16595.0,61,5,1757.75,3,4,4,344,Loyal Customers
16596.0,16,4,458.98,5,3,2,532,Loyal Customers
16597.0,4,1,90.04,5,1,1,511,Recent Customers
16598.0,277,2,140.7,2,2,1,221,Lost Customers
16599.0,386,1,172.8,2,1,1,211,Lost Customers
16600.0,4,16,2093.56,5,5,4,554,Champions
16601.0,41,3,677.0,4,3,3,433,Loyal Customers
16602.0,31,5,711.63,4,4,3,443,Loyal Customers
16603.0,75,2,482.47,3,2,2,322,Lost Customers
16604.0,548,3,326.25,1,3,2,132,At Risk
16605.0,724,1,60.48,1,1,1,111,Lost Customers
16606.0,404,2,357.66,2,2,2,222,Lost Customers
16607.0,18,29,5375.18,5,5,5,555,Champions
16608.0,454,2,1286.6200000000001,1,2,4,124,Lost Customers
16609.0,15,9,5450.96,5,4,5,545,Champions
16610.0,219,1,75.66,2,1,1,211,Lost Customers
16611.0,186,7,1776.63,3,4,4,344,Loyal Customers
16612.0,33,10,3243.48,4,5,5,455,Champions
16613.0,70,1,618.59,3,1,3,313,Lost Customers
16614.0,183,3,1179.79,3,3,4,334,Loyal Customers
16615.0,569,2,264.5,1,2,2,122,Lost Customers
16616.0,15,2,500.42,5,2,2,522,Recent Customers
16617.0,236,1,151.85,2,1,1,211,Lost Customers
16618.0,31,6,2630.64,4,4,4,444,Champions
16619.0,254,5,1916.53,2,4,4,244,At Risk
16620.0,4,6,1758.93,5,4,4,544,Champions
16621.0,52,4,813.48,4,3,3,433,Loyal Customers
16622.0,542,2,205.6,1,2,1,121,Lost Customers
16623.0,246,5,1002.49,2,4,3,243,At Risk
16624.0,81,2,810.5699999999999,3,2,3,323,Lost Customers
16625.0,275,6,1651.08,2,4,4,244,At Risk
16626.0,1,20,4379.65,5,5,5,555,Champions
16627.0,79,1,322.8,3,1,2,312,Lost Customers
16628.0,30,8,2313.09,4,4,4,444,Champions
16629.0,74,2,408.63,3,2,2,322,Lost Customers
16630.0,407,2,104.30000000000001,2,2,1,221,Lost Customers
16631.0,482,8,1867.02,1,4,4,144,At Risk
16632.0,486,2,406.4,1,2,2,122,Lost Customers
16633.0,17,7,2878.15,5,4,5,545,Champions
16634.0,223,10,1198.3,2,5,4,254,At Risk
16635.0,407,1,473.0,2,1,2,212,Lost Customers
16636.0,438,4,3802.04,1,3,5,135,At Risk
16637.0,32,5,1124.59,4,4,3,443,Loyal Customers
16638.0,23,16,2375.88,4,5,4,454,Champions
16639.0,25,5,1659.85,4,4,4,444,Champions
16640.0,398,1,179.4,2,1,1,211,Lost Customers
16641.0,106,2,554.5,3,2,2,322,Lost Customers
16642.0,5,5,1051.46,5,4,3,543,Loyal Customers
16643.0,246,3,915.5600000000001,2,3,3,233,At Risk
16644.0,178,2,833.78,3,2,3,323,Lost Customers
16645.0,736,1,160.39,1,1,1,111,Lost Customers
16646.0,444,2,675.05,1,2,3,123,Lost Customers
16647.0,170,4,541.9,3,3,2,332,Loyal Customers
16648.0,39,4,653.0,4,3,3,433,Loyal Customers
16649.0,520,1,306.58000000000004,1,1,2,112,Lost Customers
16650.0,72,7,1916.11,3,4,4,344,Loyal Customers
16651.0,587,1,136.2,1,1,1,111,Lost Customers
16652.0,54,24,17312.83,4,5,5,455,Champions
16653.0,16,3,1166.92,5,3,4,534,Loyal Customers
16654.0,141,9,1477.77,3,4,4,344,Loyal Customers
16655.0,18,14,6388.16,5,5,5,555,Champions
16656.0,22,44,16307.72,4,5,5,455,Champions
16657.0,10,4,874.43,5,3,3,533,Loyal Customers
16658.0,368,9,573.48,2,4,3,243,At Risk
16659.0,189,1,39.12,3,1,1,311,Lost Customers
16660.0,16,8,1422.35,5,4,4,544,Champions
16661.0,540,5,788.3100000000001,1,4,3,143,At Risk
16662.0,394,1,151.05,2,1,1,211,Lost Customers
16663.0,729,1,165.0,1,1,1,111,Lost Customers
16664.0,569,1,109.2,1,1,1,111,Lost Customers
16665.0,362,1,135.39999999999998,2,1,1,211,Lost Customers
16666.0,19,2,217.71,4,2,1,421,Recent Customers
16667.0,68,2,567.1800000000001,3,2,2,322,Lost Customers
16668.0,15,13,862.42,5,5,3,553,Loyal Customers
16669.0,24,5,200.15,4,4,1,441,Loyal Customers
16670.0,17,33,7786.66,5,5,5,555,Champions
16671.0,28,3,1692.27,4,3,4,434,Loyal Customers
16672.0,2,23,8093.59,5,5,5,555,Champions
16673.0,679,1,171.13,1,1,1,111,Lost Customers
16674.0,55,2,304.24,4,2,2,422,Recent Customers
16675.0,442,2,608.86,1,2,3,123,Lost Customers
16676.0,34,7,2328.5,4,4,4,444,Champions
16677.0,393,3,849.77,2,3,3,233,At Risk
16678.0,3,17,3013.83,5,5,5,555,Champions
16679.0,366,3,663.31,2,3,3,233,At Risk
16680.0,43,3,821.45,4,3,3,433,Loyal Customers
16681.0,73,7,1921.84,3,4,4,344,Loyal Customers
16682.0,5,5,1028.0,5,4,3,543,Loyal Customers
16683.0,529,2,309.35,1,2,2,122,Lost Customers
16684.0,4,65,141502.25,5,5,5,555,Champions
16685.0,61,2,324.24,3,2,2,322,Lost Customers
16686.0,47,18,4861.72,4,5,5,455,Champions
16687.0,391,1,157.63,2,1,1,211,Lost Customers
16688.0,1,4,1260.86,5,3,4,534,Loyal Customers
16689.0,76,3,303.26,3,3,2,332,Loyal Customers
16690.0,44,5,336.08,4,4,2,442,Loyal Customers
16691.0,418,2,178.83,1,2,1,121,Lost Customers
16692.0,256,4,1914.6999999999998,2,3,4,234,At Risk
16693.0,69,5,1179.48,3,4,4,344,Loyal Customers
16694.0,723,1,98.30000000000001,1,1,1,111,Lost Customers
16695.0,562,2,191.9,1,2,1,121,Lost Customers
16696.0,135,4,657.9000000000001,3,3,3,333,Loyal Customers
16697.0,241,1,112.75,2,1,1,211,Lost Customers
16698.0,227,2,1998.0,2,2,4,224,Lost Customers
16699.0,380,8,964.9,2,4,3,243,At Risk
16700.0,9,31,8747.12,5,5,5,555,Champions
16701.0,9,34,9614.59,5,5,5,555,Champions
16702.0,415,5,1100.8799999999999,1,4,3,143,At Risk
16703.0,731,1,-15.0,1,1,1,111,Lost Customers
16704.0,618,2,664.16,1,2,3,123,Lost Customers
16705.0,1,61,42653.141,5,5,5,555,Champions
16706.0,37,3,531.35,4,3,2,432,Loyal Customers
16707.0,400,4,533.41,2,3,2,232,At Risk
16708.0,46,1,656.63,4,1,3,413,Recent Customers
16709.0,85,14,9056.01,3,5,5,355,Loyal Customers
16710.0,19,23,5908.6,4,5,5,455,Champions
16711.0,3,10,2751.48,5,5,4,554,Champions
16712.0,9,13,4232.87,5,5,5,555,Champions
16713.0,19,41,13943.36,4,5,5,455,Champions
16714.0,219,7,1222.24,2,4,4,244,At Risk
16715.0,78,2,625.52,3,2,3,323,Lost Customers
16716.0,267,4,1568.2800000000002,2,3,4,234,At Risk
16717.0,9,20,5987.41,5,5,5,555,Champions
16718.0,369,5,3006.08,2,4,5,245,At Risk
16719.0,15,17,3368.87,5,5,5,555,Champions
16720.0,26,4,556.6899999999999,4,3,2,432,Loyal Customers
16721.0,262,1,292.47,2,1,2,212,Lost Customers
16722.0,17,26,8168.31,5,5,5,555,Champions
16723.0,91,4,1231.36,3,3,4,334,Loyal Customers
16724.0,405,1,147.35,2,1,1,211,Lost Customers
16725.0,302,16,1676.86,2,5,4,254,At Risk
16726.0,26,7,2063.88,4,4,4,444,Champions
16727.0,364,4,1377.77,2,3,4,234,At Risk
16728.0,46,4,1048.28,4,3,3,433,Loyal Customers
16729.0,36,26,7041.69,4,5,5,455,Champions
16730.0,52,4,702.79,4,3,3,433,Loyal Customers
16731.0,648,1,170.3,1,1,1,111,Lost Customers
16732.0,32,9,3966.79,4,4,5,445,Champions
16733.0,530,1,259.68,1,1,2,112,Lost Customers
16734.0,52,3,646.76,4,3,3,433,Loyal Customers
16735.0,79,22,5578.86,3,5,5,355,Loyal Customers
16736.0,506,8,2904.51,1,4,5,145,At Risk
16737.0,53,2,835.1999999999999,4,2,3,423,Recent Customers
16738.0,298,1,3.75,2,1,1,211,Lost Customers
16739.0,172,4,772.23,3,3,3,333,Loyal Customers
16740.0,395,1,226.91,2,1,1,211,Lost Customers
16741.0,625,1,173.06,1,1,1,111,Lost Customers
16742.0,47,15,2334.97,4,5,4,454,Champions
16743.0,29,15,4165.9,4,5,5,455,Champions
16744.0,11,7,1291.91,5,4,4,544,Champions
16745.0,87,18,7157.1,3,5,5,355,Loyal Customers
16746.0,5,46,18012.2,5,5,5,555,Champions
16747.0,25,4,826.96,4,3,3,433,Loyal Customers
16748.0,18,15,3632.29,5,5,5,555,Champions
16749.0,591,2,4157.88,1,2,5,125,Lost Customers
16750.0,45,5,623.93,4,4,3,443,Loyal Customers
16751.0,31,1,1764.72,4,1,4,414,Recent Customers
16752.0,373,1,207.5,2,1,1,211,Lost Customers
16753.0,58,1,223.92000000000002,3,1,1,311,Lost Customers
16754.0,372,35,54558.18,2,5,5,255,At Risk
16755.0,114,10,2846.13,3,5,5,355,Loyal Customers
16756.0,215,9,1287.42,2,4,4,244,At Risk
16757.0,319,2,270.48,2,2,2,222,Lost Customers
16758.0,65,1,369.34000000000003,3,1,2,312,Lost Customers
16759.0,8,4,772.84,5,3,3,533,Loyal Customers
16760.0,430,1,228.0,1,1,1,111,Lost Customers
16761.0,97,1,316.62,3,1,2,312,Lost Customers
16762.0,20,3,1207.24,4,3,4,434,Loyal Customers
16763.0,185,3,947.75,3,3,3,333,Loyal Customers
16764.0,4,18,2749.9500000000003,5,5,4,554,Champions
16765.0,294,2,454.75,2,2,2,222,Lost Customers
16766.0,273,2,1145.6,2,2,3,223,Lost Customers
16767.0,31,16,7954.76,4,5,5,455,Champions
16768.0,48,14,1637.52,4,5,4,454,Champions
16769.0,260,4,1117.05,2,3,3,233,At Risk
16770.0,58,11,1746.83,3,5,4,354,Loyal Customers
16771.0,33,10,3949.6,4,5,5,455,Champions
16772.0,417,5,2760.1,1,4,4,144,At Risk
16773.0,57,3,421.24,4,3,2,432,Loyal Customers
16774.0,68,9,1560.8799999999999,3,4,4,344,Loyal Customers
16775.0,10,17,2739.2400000000002,5,5,4,554,Champions
16776.0,60,2,592.51,3,2,3,323,Lost Customers
16777.0,80,6,1261.43,3,4,4,344,Loyal Customers
16778.0,74,2,245.94,3,2,1,321,Lost Customers
16779.0,2,62,32522.4,5,5,5,555,Champions
16780.0,100,3,596.4,3,3,3,333,Loyal Customers
16781.0,365,3,606.4,2,3,3,233,At Risk
16782.0,10,50,9552.62,5,5,5,555,Champions
16783.0,437,1,391.95,1,1,2,112,Lost Customers
16784.0,20,5,892.33,4,4,3,443,Loyal Customers
16785.0,410,1,533.78,2,1,2,212,Lost Customers
16786.0,394,1,51.839999999999996,2,1,1,211,Lost Customers
16787.0,398,4,1017.53,2,3,3,233,At Risk
16788.0,123,5,1928.93,3,4,4,344,Loyal Customers
16789.0,8,1,80.8,5,1,1,511,Recent Customers
16790.0,4,8,1520.1200000000001,5,4,4,544,Champions
16791.0,29,18,3865.06,4,5,5,455,Champions
16792.0,282,5,623.46,2,4,3,243,At Risk
16793.0,57,1,243.84,4,1,1,411,Recent Customers
16794.0,1,17,2031.5,5,5,4,554,Champions
16795.0,365,5,2035.21,2,4,4,244,At Risk
16796.0,89,1,305.62,3,1,2,312,Lost Customers
16797.0,393,9,1761.02,2,4,4,244,At Risk
16798.0,554,4,830.01,1,3,3,133,At Risk
16799.0,432,3,447.83,1,3,2,132,At Risk
16800.0,11,1,1162.65,5,1,3,513,Recent Customers
16801.0,163,5,842.33,3,4,3,343,Loyal Customers
16802.0,679,2,582.61,1,2,3,123,Lost Customers
16803.0,65,1,332.3,3,1,2,312,Lost Customers
16804.0,23,3,536.99,4,3,2,432,Loyal Customers
16805.0,174,5,1091.34,3,4,3,343,Loyal Customers
16806.0,103,4,762.16,3,3,3,333,Loyal Customers
16807.0,143,8,2064.88,3,4,4,344,Loyal Customers
16808.0,99,2,288.42,3,2,2,322,Lost Customers
16809.0,23,10,1725.48,4,5,4,454,Champions
16810.0,192,4,786.14,2,3,3,233,At Risk
16811.0,5,2,547.07,5,2,2,522,Recent Customers
16812.0,361,5,2216.8,2,4,4,244,At Risk
16813.0,8,10,1652.18,5,5,4,554,Champions
16814.0,14,37,11916.35,5,5,5,555,Champions
16815.0,454,2,406.02,1,2,2,122,Lost Customers
16816.0,103,4,417.06,3,3,2,332,Loyal Customers
16817.0,3,18,2392.85,5,5,4,554,Champions
16818.0,11,13,3317.97,5,5,5,555,Champions
16819.0,465,2,182.59,1,2,1,121,Lost Customers
16820.0,96,1,497.61,3,1,2,312,Lost Customers
16821.0,382,1,113.35,2,1,1,211,Lost Customers
16822.0,664,3,144.84,1,3,1,131,At Risk
16823.0,227,8,2236.14,2,4,4,244,At Risk
16824.0,16,3,686.24,5,3,3,533,Loyal Customers
16825.0,39,5,1826.89,4,4,4,444,Champions
16826.0,51,1,341.7,4,1,2,412,Recent Customers
16827.0,393,5,392.13,2,4,2,242,At Risk
16828.0,93,2,128.5,3,2,1,321,Lost Customers
16829.0,157,2,513.32,3,2,2,322,Lost Customers
16830.0,39,5,1183.7,4,4,4,444,Champions
16831.0,565,1,91.8,1,1,1,111,Lost Customers
16832.0,184,5,417.61,3,4,2,342,Loyal Customers
16833.0,1,6,2409.04,5,4,4,544,Champions
16834.0,228,2,898.96,2,2,3,223,Lost Customers
16835.0,128,10,1389.76,3,5,4,354,Loyal Customers
16836.0,40,4,782.37,4,3,3,433,Loyal Customers
16837.0,31,12,3167.73,4,5,5,455,Champions
16838.0,197,6,1126.66,2,4,3,243,At Risk
16839.0,9,51,20416.03,5,5,5,555,Champions
16840.0,603,3,126.71000000000001,1,3,1,131,At Risk
16841.0,37,14,3841.16,4,5,5,455,Champions
16842.0,64,4,1260.44,3,3,4,334,Loyal Customers
16843.0,43,38,19528.78,4,5,5,455,Champions
16844.0,563,2,614.34,1,2,3,123,Lost Customers
16845.0,618,1,253.88,1,1,1,111,Lost Customers
16846.0,50,3,842.41,4,3,3,433,Loyal Customers
16847.0,43,2,614.89,4,2,3,423,Recent Customers
16848.0,53,4,1411.62,4,3,4,434,Loyal Customers
16849.0,187,1,124.57,3,1,1,311,Lost Customers
16850.0,334,1,332.41,2,1,2,212,Lost Customers
16851.0,4,3,342.45,5,3,2,532,Loyal Customers
16852.0,10,2,144.91000000000003,5,2,1,521,Recent Customers
16853.0,731,1,-67.5,1,1,1,111,Lost Customers
16854.0,417,2,1408.96,1,2,4,124,Lost Customers
16855.0,24,2,328.4,4,2,2,422,Recent Customers
16856.0,15,3,358.49,5,3,2,532,Loyal Customers
16857.0,443,1,352.8,1,1,2,112,Lost Customers
16858.0,366,16,4085.7400000000002,2,5,5,255,At Risk
16859.0,106,10,1657.74,3,5,4,354,Loyal Customers
16860.0,453,4,1593.67,1,3,4,134,At Risk
16861.0,60,6,924.48,3,4,3,343,Loyal Customers
16862.0,547,4,662.33,1,3,3,133,At Risk
16863.0,29,5,812.82,4,4,3,443,Loyal Customers
16864.0,434,2,409.25,1,2,2,122,Lost Customers
16865.0,402,1,130.95,2,1,1,211,Lost Customers
16866.0,141,3,207.73999999999998,3,3,1,331,Loyal Customers
16867.0,690,1,76.74000000000001,1,1,1,111,Lost Customers
16868.0,394,3,384.56,2,3,2,232,At Risk
16869.0,23,5,797.3199999999999,4,4,3,443,Loyal Customers
16870.0,469,1,450.15999999999997,1,1,2,112,Lost Customers
16871.0,22,7,2761.4900000000002,4,4,4,444,Champions
16872.0,77,6,1213.13,3,4,4,344,Loyal Customers
16873.0,5,17,14547.03,5,5,5,555,Champions
16874.0,379,1,209.89000000000001,2,1,1,211,Lost Customers
16875.0,64,20,4053.2,3,5,5,355,Loyal Customers
16876.0,404,1,136.01,2,1,1,211,Lost Customers
16877.0,12,6,846.62,5,4,3,543,Loyal Customers
16878.0,25,2,0.0,4,2,1,421,Recent Customers
16879.0,420,2,-140.95999999999998,1,2,1,121,Lost Customers
16880.0,31,8,1813.21,4,4,4,444,Champions
16881.0,67,1,432.0,3,1,2,312,Lost Customers
16882.0,67,3,705.12,3,3,3,333,Loyal Customers
16883.0,187,20,2236.11,3,5,4,354,Loyal Customers
16884.0,38,4,1070.97,4,3,3,433,Loyal Customers
16885.0,15,4,684.6,5,3,3,533,Loyal Customers
16886.0,445,2,0.0,1,2,1,121,Lost Customers
16887.0,35,3,658.17,4,3,3,433,Loyal Customers
16888.0,401,3,434.2,2,3,2,232,At Risk
16889.0,195,6,2526.65,2,4,4,244,At Risk
16890.0,477,3,285.41,1,3,2,132,At Risk
16891.0,2,11,1727.94,5,5,4,554,Champions
16892.0,1,9,726.05,5,4,3,543,Loyal Customers
16893.0,367,2,249.89000000000001,2,2,1,221,Lost Customers
16894.0,502,5,1265.26,1,4,4,144,At Risk
16895.0,65,5,1102.9,3,4,3,343,Loyal Customers
16896.0,555,1,103.95,1,1,1,111,Lost Customers
16897.0,299,3,213.03,2,3,1,231,At Risk
16898.0,26,6,820.86,4,4,3,443,Loyal Customers
16899.0,8,8,1695.77,5,4,4,544,Champions
16900.0,12,5,187.6900000000001,5,4,1,541,Loyal Customers
16901.0,729,1,204.26,1,1,1,111,Lost Customers
16902.0,116,1,1706.88,3,1,4,314,Lost Customers
16903.0,29,4,1009.45,4,3,3,433,Loyal Customers
16904.0,4,21,4675.36,5,5,5,555,Champions
16905.0,5,20,4677.12,5,5,5,555,Champions
16906.0,82,7,1410.92,3,4,4,344,Loyal Customers
16907.0,29,9,1470.89,4,4,4,444,Champions
16908.0,722,2,153.59,1,2,1,121,Lost Customers
16909.0,64,2,364.14,3,2,2,322,Lost Customers
16910.0,4,8,1508.96,5,4,4,544,Champions
16911.0,627,3,251.35,1,3,1,131,At Risk
16912.0,23,18,4413.8,4,5,5,455,Champions
16913.0,290,3,423.90999999999997,2,3,2,232,At Risk
16914.0,36,1,183.76,4,1,1,411,Recent Customers
16915.0,9,11,1543.18,5,5,4,554,Champions
16916.0,24,4,902.02,4,3,3,433,Loyal Customers
16917.0,277,3,1842.93,2,3,4,234,At Risk
16918.0,50,19,3131.31,4,5,5,455,Champions
16919.0,156,28,4837.56,3,5,5,355,Loyal Customers
16920.0,411,1,355.45,2,1,2,212,Lost Customers
16921.0,61,3,409.21,3,3,2,332,Loyal Customers
16922.0,573,1,611.08,1,1,3,113,Lost Customers
16923.0,12,41,12572.15,5,5,5,555,Champions
16924.0,21,4,722.64,4,3,3,433,Loyal Customers
16925.0,540,1,125.65,1,1,1,111,Lost Customers
16926.0,371,6,1158.66,2,4,3,243,At Risk
16927.0,116,3,543.05,3,3,2,332,Loyal Customers
16928.0,80,33,3777.88,3,5,5,355,Loyal Customers
16929.0,4,7,1295.39,5,4,4,544,Champions
16930.0,26,3,378.89,4,3,2,432,Loyal Customers
16931.0,5,23,5032.22,5,5,5,555,Champions
16932.0,53,3,412.55,4,3,2,432,Loyal Customers
16933.0,1,16,3017.65,5,5,5,555,Champions
16934.0,55,7,2062.89,4,4,4,444,Champions
16935.0,382,3,530.86,2,3,2,232,At Risk
16936.0,26,2,548.29,4,2,2,422,Recent Customers
16937.0,499,1,196.25,1,1,1,111,Lost Customers
16938.0,9,10,6162.110000000001,5,5,5,555,Champions
16939.0,489,3,433.85,1,3,2,132,At Risk
16940.0,52,11,6245.41,4,5,5,455,Champions
16941.0,612,1,33.0,1,1,1,111,Lost Customers
16942.0,13,10,1878.51,5,5,4,554,Champions
16943.0,212,7,816.73,2,4,3,243,At Risk
16944.0,610,1,101.36,1,1,1,111,Lost Customers
16945.0,22,35,8530.66,4,5,5,455,Champions
16946.0,383,6,1199.54,2,4,4,244,At Risk
16947.0,236,10,896.73,2,5,3,253,At Risk
16948.0,139,7,868.77,3,4,3,343,Loyal Customers
16949.0,4,7,1161.27,5,4,3,543,Loyal Customers
16950.0,57,12,3482.59,4,5,5,455,Champions
16951.0,123,4,1262.75,3,3,4,334,Loyal Customers
16952.0,109,5,795.83,3,4,3,343,Loyal Customers
16953.0,30,1,20.8,4,1,1,411,Recent Customers
16954.0,1,21,6037.33,5,5,5,555,Champions
16955.0,185,9,1072.06,3,4,3,343,Loyal Customers
16956.0,9,2,292.34,5,2,2,522,Recent Customers
16957.0,239,2,416.64,2,2,2,222,Lost Customers
16958.0,435,1,778.49,1,1,3,113,Lost Customers
16959.0,87,1,117.35000000000001,3,1,1,311,Lost Customers
16960.0,39,9,1969.43,4,4,4,444,Champions
16961.0,116,6,773.01,3,4,3,343,Loyal Customers
16962.0,410,1,251.04,2,1,1,211,Lost Customers
16963.0,187,1,110.55000000000001,3,1,1,311,Lost Customers
16964.0,733,2,207.85,1,2,1,121,Lost Customers
16965.0,227,1,201.19,2,1,1,211,Lost Customers
16966.0,8,10,2148.47,5,5,4,554,Champions
16967.0,189,1,319.02,3,1,2,312,Lost Customers
16968.0,4,2,439.43,5,2,2,522,Recent Customers
16969.0,39,3,650.41,4,3,3,433,Loyal Customers
16970.0,626,1,71.4,1,1,1,111,Lost Customers
16971.0,3,2,232.20999999999998,5,2,1,521,Recent Customers
16972.0,383,2,749.0,2,2,3,223,Lost Customers
16973.0,386,1,127.0,2,1,1,211,Lost Customers
16974.0,523,2,365.5,1,2,2,122,Lost Customers
16975.0,414,5,902.4200000000001,1,4,3,143,At Risk
16976.0,267,1,251.51999999999998,2,1,1,211,Lost Customers
16977.0,395,4,496.0,2,3,2,232,At Risk
16978.0,78,3,768.88,3,3,3,333,Loyal Customers
16979.0,4,12,2787.09,5,5,4,554,Champions
16980.0,255,3,1422.8300000000002,2,3,4,234,At Risk
16981.0,540,1,-4620.86,1,1,1,111,Lost Customers
16982.0,61,1,384.06,3,1,2,312,Lost Customers
16983.0,13,12,3479.48,5,5,5,555,Champions
16984.0,78,19,10195.15,3,5,5,355,Loyal Customers
16985.0,17,26,10545.76,5,5,5,555,Champions
16986.0,30,11,4888.75,4,5,5,455,Champions
16987.0,3,12,2509.5,5,5,4,554,Champions
16988.0,5,2,382.67,5,2,2,522,Recent Customers
16989.0,7,6,1133.25,5,4,3,543,Loyal Customers
16990.0,219,2,344.0,2,2,2,222,Lost Customers
16991.0,421,1,1041.21,1,1,3,113,Lost Customers
16992.0,11,15,5460.1,5,5,5,555,Champions
16993.0,463,3,1688.15,1,3,4,134,At Risk
16994.0,626,1,-779.32,1,1,1,111,Lost Customers
16995.0,372,1,-1.25,2,1,1,211,Lost Customers
16996.0,30,13,2044.16,4,5,4,454,Champions
16997.0,288,3,702.0,2,3,3,233,At Risk
16998.0,150,7,394.02000000000004,3,4,2,342,Loyal Customers
16999.0,23,2,484.82,4,2,2,422,Recent Customers
17000.0,396,2,406.3,2,2,2,222,Lost Customers
17001.0,1,19,6640.8,5,5,5,555,Champions
17002.0,73,8,2565.6,3,4,4,344,Loyal Customers
17003.0,402,4,828.21,2,3,3,233,At Risk
17004.0,46,4,2324.36,4,3,4,434,Loyal Customers
17005.0,471,3,612.41,1,3,3,133,At Risk
17006.0,5,8,1635.27,5,4,4,544,Champions
17007.0,51,8,1107.6,4,4,3,443,Loyal Customers
17008.0,429,1,81.36,1,1,1,111,Lost Customers
17009.0,551,1,242.06,1,1,1,111,Lost Customers
17010.0,17,2,185.46,5,2,1,521,Recent Customers
17011.0,30,4,536.7,4,3,2,432,Loyal Customers
17012.0,725,1,360.61,1,1,2,112,Lost Customers
17013.0,603,2,-3224.76,1,2,1,121,Lost Customers
17014.0,8,4,562.6800000000001,5,3,2,532,Loyal Customers
17015.0,29,3,1838.6100000000001,4,3,4,434,Loyal Customers
17016.0,577,1,552.4,1,1,2,112,Lost Customers
17017.0,3,41,6553.79,5,5,5,555,Champions
17018.0,41,6,2287.7,4,4,4,444,Champions
17019.0,11,13,3541.59,5,5,5,555,Champions
17020.0,542,2,935.62,1,2,3,123,Lost Customers
17021.0,442,6,1182.22,1,4,4,144,At Risk
17022.0,31,2,260.0,4,2,2,422,Recent Customers
17023.0,417,3,800.18,1,3,3,133,At Risk
17024.0,45,3,95.85,4,3,1,431,Loyal Customers
17025.0,61,5,1349.67,3,4,4,344,Loyal Customers
17026.0,185,3,175.82999999999998,3,3,1,331,Loyal Customers
17027.0,79,10,1268.93,3,5,4,354,Loyal Customers
17028.0,581,3,1593.83,1,3,4,134,At Risk
17029.0,111,7,2137.3,3,4,4,344,Loyal Customers
17030.0,64,1,146.87,3,1,1,311,Lost Customers
17031.0,12,6,2773.85,5,4,4,544,Champions
17032.0,442,13,2129.78,1,5,4,154,At Risk
17033.0,86,4,1332.79,3,3,4,334,Loyal Customers
17034.0,16,7,1231.82,5,4,4,544,Champions
17035.0,246,5,568.39,2,4,2,242,At Risk
17036.0,383,1,176.9,2,1,1,211,Lost Customers
17037.0,78,2,1253.22,3,2,4,324,Lost Customers
17038.0,30,2,743.17,4,2,3,423,Recent Customers
17039.0,604,1,1954.99,1,1,4,114,Lost Customers
17040.0,138,2,463.25,3,2,2,322,Lost Customers
17041.0,27,7,1639.4,4,4,4,444,Champions
17042.0,3,5,1036.58,5,4,3,543,Loyal Customers
17043.0,32,8,2593.65,4,4,4,444,Champions
17044.0,9,16,11867.6,5,5,5,555,Champions
17045.0,113,5,827.6800000000001,3,4,3,343,Loyal Customers
17046.0,157,5,1906.07,3,4,4,344,Loyal Customers
17047.0,85,6,2289.23,3,4,4,344,Loyal Customers
17048.0,115,11,1991.45,3,5,4,354,Loyal Customers
17049.0,3,25,9588.83,5,5,5,555,Champions
17050.0,96,12,4348.46,3,5,5,355,Loyal Customers
17051.0,194,4,706.49,2,3,3,233,At Risk
17052.0,28,1,399.09,4,1,2,412,Recent Customers
17053.0,129,2,496.38,3,2,2,322,Lost Customers
17054.0,28,6,1353.83,4,4,4,444,Champions
17055.0,446,1,232.85,1,1,1,111,Lost Customers
17056.0,738,1,128.60000000000002,1,1,1,111,Lost Customers
17057.0,596,1,294.74,1,1,2,112,Lost Customers
17058.0,82,3,1179.89,3,3,4,334,Loyal Customers
17059.0,30,10,4846.87,4,5,5,455,Champions
17060.0,266,1,234.24,2,1,1,211,Lost Customers
17061.0,74,12,5116.13,3,5,5,355,Loyal Customers
17062.0,314,7,885.85,2,4,3,243,At Risk
17063.0,9,23,3576.88,5,5,5,555,Champions
17064.0,59,3,855.45,3,3,3,333,Loyal Customers
17065.0,143,3,82.35,3,3,1,331,Loyal Customers
17066.0,726,1,228.34,1,1,1,111,Lost Customers
17067.0,725,3,454.54,1,3,2,132,At Risk
17068.0,12,49,8953.03,5,5,5,555,Champions
17069.0,28,21,5441.35,4,5,5,455,Champions
17070.0,114,2,437.42,3,2,2,322,Lost Customers
17071.0,9,20,3730.96,5,5,5,555,Champions
17072.0,625,1,273.35,1,1,2,112,Lost Customers
17073.0,18,4,1446.09,5,3,4,534,Loyal Customers
17074.0,563,1,203.05,1,1,1,111,Lost Customers
17075.0,18,11,2216.28,5,5,4,554,Champions
17076.0,36,6,1242.75,4,4,4,444,Champions
17077.0,578,1,306.0,1,1,2,112,Lost Customers
17078.0,36,2,378.2,4,2,2,422,Recent Customers
17079.0,78,1,118.80000000000001,3,1,1,311,Lost Customers
17080.0,22,8,955.41,4,4,3,443,Loyal Customers
17081.0,25,6,949.39,4,4,3,443,Loyal Customers
17082.0,33,6,4732.03,4,4,5,445,Champions
17083.0,109,11,4035.08,3,5,5,355,Loyal Customers
17084.0,35,4,4997.96,4,3,5,435,Loyal Customers
17085.0,123,32,7713.67,3,5,5,355,Loyal Customers
17086.0,7,6,2050.08,5,4,4,544,Champions
17087.0,738,1,221.53,1,1,1,111,Lost Customers
17088.0,28,4,1991.01,4,3,4,434,Loyal Customers
17089.0,386,1,128.45,2,1,1,211,Lost Customers
17090.0,4,15,2986.64,5,5,5,555,Champions
17091.0,3,23,7462.150000000001,5,5,5,555,Champions
17092.0,50,14,5479.76,4,5,5,455,Champions
17093.0,593,1,235.88,1,1,1,111,Lost Customers
17094.0,318,3,370.40000000000003,2,3,2,232,At Risk
17095.0,22,12,2312.59,4,5,4,454,Champions
17096.0,9,17,3629.58,5,5,5,555,Champions
17097.0,2,10,1126.86,5,5,3,553,Loyal Customers
17098.0,382,3,591.0699999999999,2,3,3,233,At Risk
17099.0,533,1,582.17,1,1,3,113,Lost Customers
17100.0,18,2,971.74,5,2,3,523,Recent Customers
17101.0,10,7,2507.05,5,4,4,544,Champions
17102.0,262,1,25.5,2,1,1,211,Lost Customers
17103.0,722,1,424.3,1,1,2,112,Lost Customers
17104.0,424,1,474.03,1,1,2,112,Lost Customers
17105.0,159,2,665.78,3,2,3,323,Lost Customers
17106.0,389,1,481.58,2,1,2,212,Lost Customers
17107.0,33,13,15595.37,4,5,5,455,Champions
17108.0,664,1,174.95,1,1,1,111,Lost Customers
17109.0,29,10,1276.35,4,5,4,454,Champions
17110.0,165,3,499.9,3,3,2,332,Loyal Customers
17111.0,47,2,459.58,4,2,2,422,Recent Customers
17112.0,503,1,197.57,1,1,1,111,Lost Customers
17113.0,505,8,2092.16,1,4,4,144,At Risk
17114.0,6,10,739.72,5,5,3,553,Loyal Customers
17115.0,8,13,2616.29,5,5,4,554,Champions
17116.0,648,1,389.78,1,1,2,112,Lost Customers
17117.0,288,1,116.19999999999999,2,1,1,211,Lost Customers
17118.0,318,1,157.02,2,1,1,211,Lost Customers
17119.0,3,3,593.61,5,3,3,533,Loyal Customers
17120.0,233,1,307.46,2,1,2,212,Lost Customers
17121.0,403,1,314.74,2,1,2,212,Lost Customers
17122.0,119,4,570.5,3,3,2,332,Loyal Customers
17123.0,162,3,977.17,3,3,3,333,Loyal Customers
17124.0,185,1,294.24,3,1,2,312,Lost Customers
17125.0,50,1,230.5,4,1,1,411,Recent Customers
17126.0,152,11,2003.53,3,5,4,354,Loyal Customers
17127.0,429,5,1155.0300000000002,1,4,3,143,At Risk
17128.0,335,1,157.09,2,1,1,211,Lost Customers
17129.0,520,1,31.85,1,1,1,111,Lost Customers
17130.0,682,1,-18.38,1,1,1,111,Lost Customers
17131.0,5,5,2463.17,5,4,4,544,Champions
17132.0,452,2,1220.9099999999999,1,2,4,124,Lost Customers
17133.0,16,13,12972.09,5,5,5,555,Champions
17134.0,107,3,625.3,3,3,3,333,Loyal Customers
17135.0,16,11,1711.26,5,5,4,554,Champions
17136.0,662,1,231.68,1,1,1,111,Lost Customers
17137.0,416,6,1099.81,1,4,3,143,At Risk
17138.0,276,7,4417.27,2,4,5,245,At Risk
17139.0,16,29,19473.91,5,5,5,555,Champions
17140.0,247,1,454.12,2,1,2,212,Lost Customers
17141.0,418,4,727.58,1,3,3,133,At Risk
17142.0,239,4,1275.25,2,3,4,234,At Risk
17143.0,417,2,880.97,1,2,3,123,Lost Customers
17144.0,1,2,984.57,5,2,3,523,Recent Customers
17145.0,465,7,3014.64,1,4,5,145,At Risk
17146.0,106,16,5788.39,3,5,5,355,Loyal Customers
17147.0,23,16,3069.15,4,5,5,455,Champions
17148.0,52,1,124.88,4,1,1,411,Recent Customers
17149.0,451,1,143.10000000000002,1,1,1,111,Lost Customers
17150.0,377,6,1357.95,2,4,4,244,At Risk
17151.0,735,1,231.90000000000003,1,1,1,111,Lost Customers
17152.0,195,5,1830.5,2,4,4,244,At Risk
17153.0,24,1,213.78,4,1,1,411,Recent Customers
17154.0,75,1,329.34,3,1,2,312,Lost Customers
17155.0,18,7,892.46,5,4,3,543,Loyal Customers
17156.0,484,2,572.07,1,2,2,122,Lost Customers
17157.0,8,20,5139.45,5,5,5,555,Champions
17158.0,32,6,1962.3,4,4,4,444,Champions
17159.0,22,6,2095.44,4,4,4,444,Champions
17160.0,31,18,10201.36,4,5,5,455,Champions
17161.0,444,1,856.01,1,1,3,113,Lost Customers
17162.0,29,11,1707.21,4,5,4,454,Champions
17163.0,22,4,699.78,4,3,3,433,Loyal Customers
17164.0,33,8,2466.4,4,4,4,444,Champions
17165.0,284,8,1783.63,2,4,4,244,At Risk
17166.0,39,3,189.49,4,3,1,431,Loyal Customers
17167.0,380,3,867.11,2,3,3,233,At Risk
17168.0,499,1,400.2,1,1,2,112,Lost Customers
17169.0,50,6,1129.8799999999999,4,4,3,443,Loyal Customers
17170.0,374,3,118.98,2,3,1,231,At Risk
17171.0,289,2,384.59,2,2,2,222,Lost Customers
17172.0,75,6,910.99,3,4,3,343,Loyal Customers
17173.0,5,9,3755.65,5,4,5,545,Champions
17174.0,218,1,59.9,2,1,1,211,Lost Customers
17175.0,44,5,1430.94,4,4,4,444,Champions
17176.0,202,3,902.3199999999999,2,3,3,233,At Risk
17177.0,505,1,119.5,1,1,1,111,Lost Customers
17178.0,731,1,432.96,1,1,2,112,Lost Customers
17179.0,178,6,1507.26,3,4,4,344,Loyal Customers
17180.0,56,14,2216.12,4,5,4,454,Champions
17181.0,57,3,309.85,4,3,2,432,Loyal Customers
17182.0,423,2,321.3,1,2,2,122,Lost Customers
17183.0,8,8,3286.9100000000003,5,4,5,545,Champions
17184.0,569,2,198.41000000000003,1,2,1,121,Lost Customers
17185.0,592,3,229.46,1,3,1,131,At Risk
17186.0,47,2,144.0,4,2,1,421,Recent Customers
17187.0,227,2,467.71,2,2,2,222,Lost Customers
17188.0,11,17,4361.83,5,5,5,555,Champions
17189.0,106,5,953.63,3,4,3,343,Loyal Customers
17190.0,59,8,1531.57,3,4,4,344,Loyal Customers
17191.0,28,16,4284.84,4,5,5,455,Champions
17192.0,536,1,75.28,1,1,1,111,Lost Customers
17193.0,36,12,2254.6,4,5,4,454,Champions
17194.0,274,3,812.5,2,3,3,233,At Risk
17195.0,655,1,562.98,1,1,2,112,Lost Customers
17196.0,428,1,327.75,1,1,2,112,Lost Customers
17197.0,30,1,1013.01,4,1,3,413,Recent Customers
17198.0,24,3,692.22,4,3,3,433,Loyal Customers
17199.0,582,1,135.04000000000002,1,1,1,111,Lost Customers
17200.0,387,4,356.71,2,3,2,232,At Risk
17201.0,54,5,1127.5,4,4,3,443,Loyal Customers
17202.0,421,1,160.65,1,1,1,111,Lost Customers
17203.0,36,10,5564.09,4,5,5,455,Champions
17204.0,169,15,5263.69,3,5,5,355,Loyal Customers
17205.0,54,3,999.35,4,3,3,433,Loyal Customers
17206.0,53,1,204.24,4,1,1,411,Recent Customers
17207.0,652,1,292.62,1,1,2,112,Lost Customers
17208.0,396,1,111.15,2,1,1,211,Lost Customers
17209.0,649,3,595.7,1,3,3,133,At Risk
17210.0,393,1,251.72,2,1,1,211,Lost Customers
17211.0,27,15,3728.8,4,5,5,455,Champions
17212.0,253,3,794.41,2,3,3,233,At Risk
17213.0,40,20,4766.03,4,5,5,455,Champions
17214.0,60,7,974.12,3,4,3,343,Loyal Customers
17215.0,464,1,186.15,1,1,1,111,Lost Customers
17216.0,554,1,63.6,1,1,1,111,Lost Customers
17217.0,234,2,210.1,2,2,1,221,Lost Customers
17218.0,4,18,3891.39,5,5,5,555,Champions
17219.0,32,2,259.13,4,2,2,422,Recent Customers
17220.0,24,21,4457.31,4,5,5,455,Champions
17221.0,7,5,976.62,5,4,3,543,Loyal Customers
17222.0,65,6,1579.51,3,4,4,344,Loyal Customers
17223.0,310,3,558.04,2,3,2,232,At Risk
17224.0,501,1,100.86,1,1,1,111,Lost Customers
17225.0,582,1,131.15,1,1,1,111,Lost Customers
17226.0,309,3,895.47,2,3,3,233,At Risk
17227.0,19,12,1878.93,4,5,4,454,Champions
17228.0,16,13,2820.03,5,5,5,555,Champions
17229.0,96,2,318.76,3,2,2,322,Lost Customers
17230.0,264,23,9159.45,2,5,5,255,At Risk
17231.0,12,35,6958.83,5,5,5,555,Champions
17232.0,3,2,417.77,5,2,2,522,Recent Customers
17233.0,35,3,560.86,4,3,2,432,Loyal Customers
17234.0,183,1,149.89000000000001,3,1,1,311,Lost Customers
17235.0,25,8,1562.98,4,4,4,444,Champions
17236.0,13,12,1929.26,5,5,4,554,Champions
17237.0,11,4,994.13,5,3,3,533,Loyal Customers
17238.0,3,32,7331.67,5,5,5,555,Champions
17239.0,313,6,1174.15,2,4,4,244,At Risk
17240.0,596,1,130.6,1,1,1,111,Lost Customers
17241.0,385,12,2736.64,2,5,4,254,At Risk
17242.0,108,5,2889.28,3,4,5,345,Loyal Customers
17243.0,1,80,20022.93,5,5,5,555,Champions
17244.0,53,5,1826.04,4,4,4,444,Champions
17245.0,205,2,371.63,2,2,2,222,Lost Customers
17246.0,547,2,38.92,1,2,1,121,Lost Customers
17247.0,15,1,280.09000000000003,5,1,2,512,Recent Customers
17248.0,120,2,500.54,3,2,2,322,Lost Customers
17249.0,429,1,68.03,1,1,1,111,Lost Customers
17250.0,4,2,381.97,5,2,2,522,Recent Customers
17251.0,363,4,790.28,2,3,3,233,At Risk
17252.0,117,2,348.91,3,2,2,322,Lost Customers
17253.0,18,1,178.26,5,1,1,511,Recent Customers
17254.0,5,3,469.48,5,3,2,532,Loyal Customers
17255.0,41,4,781.7,4,3,3,433,Loyal Customers
17256.0,107,5,498.93,3,4,2,342,Loyal Customers
17257.0,436,2,189.78,1,2,1,121,Lost Customers
17258.0,397,2,417.3,2,2,2,222,Lost Customers
17259.0,148,6,1452.39,3,4,4,344,Loyal Customers
17260.0,411,1,120.95,2,1,1,211,Lost Customers
17261.0,510,1,221.59,1,1,1,111,Lost Customers
17262.0,52,11,2488.76,4,5,4,454,Champions
17263.0,208,1,63.440000000000005,2,1,1,211,Lost Customers
17264.0,424,1,268.28,1,1,2,112,Lost Customers
17265.0,139,2,550.01,3,2,2,322,Lost Customers
17266.0,2,5,501.71999999999997,5,4,2,542,Loyal Customers
17267.0,127,2,317.2,3,2,2,322,Lost Customers
17268.0,108,11,1733.8899999999999,3,5,4,354,Loyal Customers
17269.0,386,1,491.81,2,1,2,212,Lost Customers
17270.0,469,2,601.4499999999999,1,2,3,123,Lost Customers
17271.0,736,1,204.3,1,1,1,111,Lost Customers
17272.0,42,5,2144.53,4,4,4,444,Champions
17273.0,424,1,141.12,1,1,1,111,Lost Customers
17274.0,35,2,573.22,4,2,3,423,Recent Customers
17275.0,383,1,114.1,2,1,1,211,Lost Customers
17276.0,400,2,445.44,2,2,2,222,Lost Customers
17277.0,228,2,1065.3500000000001,2,2,3,223,Lost Customers
17278.0,241,2,271.24,2,2,2,222,Lost Customers
17279.0,58,1,187.82999999999998,3,1,1,311,Lost Customers
17280.0,438,1,118.85999999999999,1,1,1,111,Lost Customers
17281.0,374,6,797.8499999999999,2,4,3,243,At Risk
17282.0,130,5,2308.54,3,4,4,344,Loyal Customers
17283.0,379,1,188.46,2,2,1,221,Lost Customers
17284.0,60,11,2323.12,3,5,4,354,Loyal Customers
17285.0,628,2,407.94,1,2,2,122,Lost Customers
17286.0,22,3,389.18,4,3,2,432,Loyal Customers
17287.0,26,23,3810.61,4,5,5,455,Champions
17288.0,9,11,2468.43,5,5,4,554,Champions
17289.0,32,11,2032.3,4,5,4,454,Champions
17290.0,4,8,1487.96,5,4,4,544,Champions
17291.0,308,1,550.8000000000001,2,2,2,222,Lost Customers
17292.0,472,2,271.75,1,2,2,122,Lost Customers
17293.0,8,17,3750.63,5,5,5,555,Champions
17294.0,669,2,467.78999999999996,1,2,2,122,Lost Customers
17295.0,29,3,547.0,4,3,2,432,Loyal Customers
17296.0,730,1,338.13,1,2,2,122,Lost Customers
17297.0,17,1,128.18,5,2,1,521,Recent Customers
17298.0,101,6,949.22,3,4,3,343,Loyal Customers
17299.0,12,6,993.23,5,4,3,543,Loyal Customers
17300.0,391,2,393.64,2,2,2,222,Lost Customers
17301.0,21,2,294.39,4,2,2,422,Recent Customers
17302.0,15,6,1119.93,5,4,3,543,Loyal Customers
17303.0,361,1,250.04,2,2,1,221,Lost Customers
17304.0,534,1,111.5,1,2,1,121,Lost Customers
17305.0,649,1,2135.46,1,2,4,124,Lost Customers
17306.0,11,23,9751.77,5,5,5,555,Champions
17307.0,365,15,3378.31,2,5,5,255,At Risk
17308.0,393,2,4511.76,2,2,5,225,Lost Customers
17309.0,95,3,320.39,3,3,2,332,Loyal Customers
17310.0,387,2,1025.1,2,2,3,223,Lost Customers
17311.0,78,7,3490.66,3,4,5,345,Loyal Customers
17312.0,139,3,644.3,3,3,3,333,Loyal Customers
17313.0,18,2,2288.13,5,2,4,524,Recent Customers
17314.0,25,22,4514.7,4,5,5,455,Champions
17315.0,1,49,9507.53,5,5,5,555,Champions
17316.0,420,1,124.45,1,2,1,121,Lost Customers
17317.0,46,5,2524.02,4,4,4,444,Champions
17318.0,725,1,157.32999999999998,1,2,1,121,Lost Customers
17319.0,669,1,29.1,1,2,1,121,Lost Customers
17320.0,100,6,2444.85,3,4,4,344,Loyal Customers
17321.0,8,6,1665.21,5,4,4,544,Champions
17322.0,376,7,900.64,2,4,3,243,At Risk
17323.0,15,14,1538.96,5,5,4,554,Champions
17324.0,18,13,2018.07,5,5,4,554,Champions
17325.0,280,3,609.5699999999999,2,3,3,233,At Risk
17326.0,408,2,312.35,2,2,2,222,Lost Customers
17327.0,410,2,152.35,2,2,1,221,Lost Customers
17328.0,673,1,104.7,1,2,1,121,Lost Customers
17329.0,14,5,998.53,5,4,3,543,Loyal Customers
17330.0,23,4,423.8,4,3,2,432,Loyal Customers
17331.0,124,1,175.2,3,2,1,321,Lost Customers
17332.0,528,5,838.27,1,4,3,143,At Risk
17333.0,86,1,494.25,3,2,2,322,Lost Customers
17334.0,301,4,634.73,2,3,3,233,At Risk
17335.0,384,2,497.04,2,2,2,222,Lost Customers
17336.0,472,1,81.12,1,2,1,121,Lost Customers
17337.0,151,7,1897.51,3,4,4,344,Loyal Customers
17338.0,17,20,11783.33,5,5,5,555,Champions
17339.0,94,4,243.36,3,3,1,331,Loyal Customers
17340.0,9,30,18891.89,5,5,5,555,Champions
17341.0,157,5,1272.21,3,4,4,344,Loyal Customers
17342.0,374,7,1155.8400000000001,2,4,3,243,At Risk
17343.0,355,6,1259.94,2,4,4,244,At Risk
17344.0,46,3,443.86,4,3,2,432,Loyal Customers
17345.0,15,12,1466.33,5,5,4,554,Champions
17346.0,4,27,4933.63,5,5,5,555,Champions
17347.0,86,1,228.96,3,2,1,321,Lost Customers
17348.0,15,9,2442.29,5,4,4,544,Champions
17349.0,179,5,772.41,3,4,3,343,Loyal Customers
17350.0,8,8,1863.821,5,4,4,544,Champions
17351.0,36,12,1988.23,4,5,4,454,Champions
17352.0,696,1,36.25,1,2,1,121,Lost Customers
17353.0,129,7,3155.55,3,4,5,345,Loyal Customers
17354.0,51,4,3133.96,4,3,5,435,Loyal Customers
17355.0,386,1,273.31,2,2,2,222,Lost Customers
17356.0,312,5,946.47,2,4,3,243,At Risk
17357.0,24,2,384.39,4,2,2,422,Recent Customers
17358.0,303,5,861.01,2,4,3,243,At Risk
17359.0,11,2,284.46,5,2,2,522,Recent Customers
17360.0,17,7,1170.56,5,4,4,544,Champions
17361.0,49,5,871.79,4,4,3,443,Loyal Customers
17362.0,239,8,1010.54,2,4,3,243,At Risk
17363.0,395,3,920.46,2,3,3,233,At Risk
17364.0,1,31,11587.05,5,5,5,555,Champions
17365.0,13,16,8165.34,5,5,5,555,Champions
17366.0,392,3,1075.59,2,3,3,233,At Risk
17367.0,238,1,167.55,2,2,1,221,Lost Customers
17368.0,23,16,2145.39,4,5,4,454,Champions
17369.0,456,1,979.1999999999999,1,2,3,123,Lost Customers
17370.0,73,4,446.18,3,3,2,332,Loyal Customers
17371.0,17,6,655.37,5,4,3,543,Loyal Customers
17372.0,41,31,4295.18,4,5,5,455,Champions
17373.0,40,7,1167.5,4,4,4,444,Champions
17374.0,219,4,711.21,2,3,3,233,At Risk
17375.0,190,5,632.95,2,4,3,243,At Risk
17376.0,71,4,453.64,3,3,2,332,Loyal Customers
17377.0,24,91,17176.27,4,5,5,455,Champions
17378.0,374,2,0.0,2,2,1,221,Lost Customers
17379.0,11,1,389.71999999999997,5,2,2,522,Recent Customers
17380.0,434,4,643.75,1,3,3,133,At Risk
17381.0,9,39,36395.47,5,5,5,555,Champions
17382.0,65,8,902.28,3,4,3,343,Loyal Customers
17383.0,4,2,304.09,5,2,2,522,Recent Customers
17384.0,19,3,507.55,4,3,2,432,Loyal Customers
17385.0,15,1,256.11,5,2,1,521,Recent Customers
17386.0,8,7,2812.77,5,4,5,545,Champions
17387.0,20,2,746.81,4,2,3,423,Recent Customers
17388.0,78,11,2675.37,3,5,4,354,Loyal Customers
17389.0,1,77,54577.68,5,5,5,555,Champions
17390.0,421,1,149.3,1,2,1,121,Lost Customers
17391.0,164,2,508.8,3,2,2,322,Lost Customers
17392.0,307,3,585.92,2,3,3,233,At Risk
17393.0,411,2,381.15,2,2,2,222,Lost Customers
17394.0,219,1,203.86999999999998,2,2,1,221,Lost Customers
17395.0,508,1,97.5,1,2,1,121,Lost Customers
17396.0,39,16,8177.1,4,5,5,455,Champions
17397.0,22,3,1198.28,4,3,4,434,Loyal Customers
17398.0,115,3,653.38,3,3,3,333,Loyal Customers
17399.0,540,1,-25111.09,1,2,1,121,Lost Customers
17400.0,126,8,4623.28,3,4,5,345,Loyal Customers
17401.0,541,1,114.85,1,2,1,121,Lost Customers
17402.0,5,26,4601.41,5,5,5,555,Champions
17403.0,36,2,382.87,4,2,2,422,Recent Customers
17404.0,4,28,46006.82,5,5,5,555,Champions
17405.0,1,5,967.22,5,4,3,543,Loyal Customers
17406.0,330,18,3874.0,2,5,5,255,At Risk
17407.0,412,1,552.9,2,2,2,222,Lost Customers
17408.0,163,4,164.89000000000001,3,3,1,331,Loyal Customers
17409.0,185,10,7793.51,3,5,5,355,Loyal Customers
17410.0,16,5,1214.72,5,4,4,544,Champions
17411.0,12,9,1316.53,5,4,4,544,Champions
17412.0,3,19,4187.68,5,5,5,555,Champions
17413.0,405,2,560.14,2,2,2,222,Lost Customers
17414.0,44,6,2249.52,4,4,4,444,Champions
17415.0,80,1,507.84,3,2,2,322,Lost Customers
17416.0,30,25,17221.47,4,5,5,455,Champions
17417.0,549,1,164.18,1,2,1,121,Lost Customers
17418.0,42,3,670.0600000000001,4,3,3,433,Loyal Customers
17419.0,11,20,6100.65,5,5,5,555,Champions
17420.0,50,8,943.68,4,4,3,443,Loyal Customers
17421.0,386,3,1059.41,2,3,3,233,At Risk
17422.0,16,20,3341.65,5,5,5,555,Champions
17423.0,45,5,1084.17,4,4,3,443,Loyal Customers
17424.0,428,1,-176.96,1,2,1,121,Lost Customers
17425.0,19,2,759.17,4,2,3,423,Recent Customers
17426.0,4,17,7606.37,5,5,5,555,Champions
17427.0,72,1,100.8,3,2,1,321,Lost Customers
17428.0,1,51,30885.06,5,5,5,555,Champions
17429.0,121,7,1342.16,3,4,4,344,Loyal Customers
17430.0,33,4,622.57,4,3,3,433,Loyal Customers
17431.0,313,1,403.3,2,2,2,222,Lost Customers
17432.0,18,9,1728.99,5,4,4,544,Champions
17433.0,88,2,569.96,3,2,2,322,Lost Customers
17434.0,2,9,2333.42,5,4,4,544,Champions
17435.0,411,1,331.35,2,2,2,222,Lost Customers
17436.0,2,7,521.31,5,4,2,542,Loyal Customers
17437.0,530,1,369.68,1,2,2,122,Lost Customers
17438.0,247,6,1412.6200000000001,2,4,4,244,At Risk
17439.0,656,1,325.74,1,2,2,122,Lost Customers
17440.0,148,6,314.26,3,4,2,342,Loyal Customers
17441.0,732,1,293.35,1,2,2,122,Lost Customers
17442.0,29,23,4517.7,4,5,5,455,Champions
17443.0,220,1,534.24,2,2,2,222,Lost Customers
17444.0,148,3,2940.04,3,3,5,335,Loyal Customers
17445.0,631,1,-506.51,1,2,1,121,Lost Customers
17446.0,177,2,120.9,3,2,1,321,Lost Customers
17447.0,40,2,541.53,4,2,2,422,Recent Customers
17448.0,145,54,10162.380000000001,3,5,5,355,Loyal Customers
17449.0,2,14,4852.15,5,5,5,555,Champions
17450.0,8,61,231390.55,5,5,5,555,Champions
17451.0,1,10,1648.95,5,5,4,554,Champions
17452.0,603,1,-227.28,1,2,1,121,Lost Customers
17453.0,18,2,486.71999999999997,5,2,2,522,Recent Customers
17454.0,192,11,1532.64,2,5,4,254,At Risk
17455.0,204,1,131.7,2,2,1,221,Lost Customers
17456.0,365,2,975.5600000000001,2,2,3,223,Lost Customers
17457.0,127,18,5799.01,3,5,5,355,Loyal Customers
17458.0,15,2,529.58,5,2,2,522,Recent Customers
17459.0,43,2,657.3,4,2,3,423,Recent Customers
17460.0,79,21,1937.1000000000001,3,5,4,354,Loyal Customers
17461.0,23,3,735.82,4,3,3,433,Loyal Customers
17462.0,51,3,662.94,4,3,3,433,Loyal Customers
17463.0,16,9,2515.26,5,4,4,544,Champions
17464.0,158,4,816.54,3,3,3,333,Loyal Customers
17465.0,426,9,2533.64,1,4,4,144,At Risk
17466.0,10,2,763.28,5,2,3,523,Recent Customers
17467.0,395,1,102.6,2,2,1,221,Lost Customers
17468.0,10,3,194.8,5,3,1,531,Loyal Customers
17469.0,16,22,4958.34,5,5,5,555,Champions
17470.0,45,11,2626.47,4,5,4,454,Champions
17471.0,475,1,321.65000000000003,1,2,2,122,Lost Customers
17472.0,191,4,922.35,2,3,3,233,At Risk
17473.0,401,3,592.15,2,3,3,233,At Risk
17474.0,600,1,1047.0,1,2,3,123,Lost Customers
17475.0,79,1,194.37,3,2,1,321,Lost Customers
17476.0,393,4,446.51,2,3,2,232,At Risk
17477.0,613,5,1079.0,1,4,3,143,At Risk
17478.0,408,2,1272.8,2,2,4,224,Lost Customers
17479.0,633,1,389.26000000000005,1,2,2,122,Lost Customers
17480.0,74,3,876.92,3,3,3,333,Loyal Customers
17481.0,4,5,1249.34,5,4,4,544,Champions
17482.0,487,2,775.64,1,2,3,123,Lost Customers
17483.0,65,4,591.73,3,3,3,333,Loyal Customers
17484.0,576,2,209.57,1,2,1,121,Lost Customers
17485.0,738,1,-29.55,1,2,1,121,Lost Customers
17486.0,261,1,396.87,2,2,2,222,Lost Customers
17487.0,728,1,160.55,1,2,1,121,Lost Customers
17488.0,641,1,336.5,1,2,2,122,Lost Customers
17489.0,59,2,376.64,3,2,2,322,Lost Customers
17490.0,1,13,2585.06,5,5,4,554,Champions
17491.0,1,18,5636.72,5,5,5,555,Champions
17492.0,248,3,1122.42,2,3,3,233,At Risk
17493.0,385,1,100.91000000000001,2,2,1,221,Lost Customers
17494.0,502,1,54.699999999999996,1,2,1,121,Lost Customers
17495.0,8,4,759.07,5,3,3,533,Loyal Customers
17496.0,359,5,1385.89,2,4,4,244,At Risk
17497.0,390,2,287.25,2,2,2,222,Lost Customers
17498.0,76,1,272.22,3,2,2,322,Lost Customers
17499.0,290,3,1296.84,2,3,4,234,At Risk
17500.0,17,3,1138.0,5,3,3,533,Loyal Customers
17501.0,221,2,288.6,2,2,2,222,Lost Customers
17502.0,9,4,689.1,5,3,3,533,Loyal Customers
17503.0,3,2,558.96,5,2,2,522,Recent Customers
17504.0,206,19,9238.42,2,5,5,255,At Risk
17505.0,162,5,2435.48,3,4,4,344,Loyal Customers
17506.0,70,2,294.29,3,2,2,322,Lost Customers
17507.0,262,2,605.58,2,2,3,223,Lost Customers
17508.0,281,9,4546.78,2,4,5,245,At Risk
17509.0,58,11,6069.24,3,5,5,355,Loyal Customers
17510.0,25,2,514.56,4,2,2,422,Recent Customers
17511.0,3,85,168491.62,5,5,5,555,Champions
17512.0,29,20,5432.27,4,5,5,455,Champions
17513.0,72,3,1158.8,3,3,3,333,Loyal Customers
17514.0,128,2,522.0,3,2,2,322,Lost Customers
17515.0,31,9,1602.51,4,4,4,444,Champions
17516.0,15,6,947.5,5,4,3,543,Loyal Customers
17517.0,309,1,153.94,2,2,1,221,Lost Customers
17518.0,426,2,329.42,1,2,2,122,Lost Customers
17519.0,17,17,4767.5,5,5,5,555,Champions
17520.0,54,1,546.81,4,2,2,422,Recent Customers
17521.0,24,6,1276.81,4,4,4,444,Champions
17522.0,2,5,1070.71,5,4,3,543,Loyal Customers
17523.0,11,4,652.74,5,3,3,533,Loyal Customers
17524.0,361,4,508.9,2,3,2,232,At Risk
17525.0,360,3,1161.9,2,3,3,233,At Risk
17526.0,1,16,3450.04,5,5,5,555,Champions
17527.0,54,6,888.86,4,4,3,443,Loyal Customers
17528.0,1,11,3540.1,5,5,5,555,Champions
17529.0,610,2,1240.25,1,2,4,124,Lost Customers
17530.0,1,13,2790.74,5,5,5,555,Champions
17531.0,121,9,1191.22,3,4,4,344,Loyal Customers
17532.0,386,1,65.34,2,2,1,221,Lost Customers
17533.0,435,1,34.8,1,2,1,121,Lost Customers
17534.0,54,5,1668.83,4,4,4,444,Champions
17535.0,280,1,164.4,2,2,1,221,Lost Customers
17536.0,177,3,364.83,3,3,2,332,Loyal Customers
17537.0,30,2,887.67,4,2,3,423,Recent Customers
17538.0,26,1,98.42,4,2,1,421,Recent Customers
17539.0,617,7,997.3399999999999,1,4,3,143,At Risk
17540.0,9,7,1582.1000000000001,5,4,4,544,Champions
17541.0,510,1,119.86,1,2,1,121,Lost Customers
17542.0,270,3,340.85,2,3,2,232,At Risk
17543.0,550,1,120.05,1,2,1,121,Lost Customers
17544.0,390,3,944.82,2,3,3,233,At Risk
17545.0,43,6,1409.8600000000001,4,4,4,444,Champions
17546.0,546,1,-648.05,1,2,1,121,Lost Customers
17547.0,372,4,692.35,2,3,3,233,At Risk
17548.0,218,6,486.48,2,4,2,242,At Risk
17549.0,24,2,148.86,4,2,1,421,Recent Customers
17550.0,197,10,2165.54,2,5,4,254,At Risk
17551.0,359,1,290.34,2,2,2,222,Lost Customers
17552.0,43,16,2740.68,4,5,4,454,Champions
17553.0,130,4,3757.6,3,3,5,335,Loyal Customers
17554.0,1,5,1952.45,5,4,4,544,Champions
17555.0,20,5,1045.74,4,4,3,443,Loyal Customers
17556.0,206,2,300.67,2,2,2,222,Lost Customers
17557.0,14,4,575.46,5,3,3,533,Loyal Customers
17558.0,393,1,259.17,2,2,2,222,Lost Customers
17559.0,513,1,167.62,1,2,1,121,Lost Customers
17560.0,95,8,1895.8,3,4,4,344,Loyal Customers
17561.0,19,4,703.02,4,3,3,433,Loyal Customers
17562.0,14,8,1107.38,5,4,3,543,Loyal Customers
17563.0,578,5,309.28000000000003,1,4,2,142,At Risk
17564.0,24,3,454.01,4,3,2,432,Loyal Customers
17565.0,587,1,131.83,1,2,1,121,Lost Customers
17566.0,8,2,869.77,5,2,3,523,Recent Customers
17567.0,7,11,4519.16,5,5,5,555,Champions
17568.0,633,1,374.45,1,2,2,122,Lost Customers
17569.0,332,1,344.14,2,2,2,222,Lost Customers
17570.0,381,2,0.0,2,2,1,221,Lost Customers
17571.0,50,5,1630.91,4,4,4,444,Champions
17572.0,71,10,652.21,3,5,3,353,Loyal Customers
17573.0,29,4,362.9,4,3,2,432,Loyal Customers
17574.0,243,1,185.65,2,2,1,221,Lost Customers
17575.0,667,1,171.7,1,2,1,121,Lost Customers
17576.0,8,45,8540.8,5,5,5,555,Champions
17577.0,645,2,348.75,1,2,2,122,Lost Customers
17578.0,191,10,1003.73,2,5,3,253,At Risk
17579.0,5,5,744.58,5,4,3,543,Loyal Customers
17580.0,253,5,541.02,2,4,2,242,At Risk
17581.0,1,53,17440.89,5,5,5,555,Champions
17582.0,236,6,1429.95,2,4,4,244,At Risk
17583.0,560,1,135.95,1,2,1,121,Lost Customers
17584.0,7,7,5294.42,5,4,5,545,Champions
17585.0,109,7,2064.71,3,4,4,344,Loyal Customers
17586.0,619,1,167.4,1,2,1,121,Lost Customers
17587.0,628,1,176.71,1,2,1,121,Lost Customers
17588.0,100,9,2901.65,3,4,5,345,Loyal Customers
17589.0,60,21,13692.89,3,5,5,355,Loyal Customers
17590.0,2,3,1468.02,5,3,4,534,Loyal Customers
17591.0,73,9,2328.37,3,4,4,344,Loyal Customers
17592.0,739,2,0.0,1,2,1,121,Lost Customers
17593.0,4,15,8040.52,5,5,5,555,Champions
17594.0,85,4,2497.88,3,3,4,334,Loyal Customers
17595.0,12,2,386.69,5,2,2,522,Recent Customers
17596.0,23,14,4478.11,4,5,5,455,Champions
17597.0,214,7,3425.29,2,4,5,245,At Risk
17598.0,381,1,409.98,2,2,2,222,Lost Customers
17599.0,465,3,44.55,1,3,1,131,At Risk
17600.0,18,1,161.67000000000002,4,2,1,421,Recent Customers
17601.0,239,2,413.08,2,2,2,222,Lost Customers
17602.0,2,18,7240.73,5,5,5,555,Champions
17603.0,50,11,114.91,4,5,1,451,Loyal Customers
17604.0,217,6,942.38,2,4,3,243,At Risk
17605.0,590,1,160.75,1,2,1,121,Lost Customers
17606.0,737,1,87.30000000000001,1,2,1,121,Lost Customers
17607.0,376,1,333.81,2,2,2,222,Lost Customers
17608.0,33,4,488.06,4,3,2,432,Loyal Customers
17609.0,41,14,1752.55,4,5,4,454,Champions
17610.0,540,8,1410.29,1,4,4,144,At Risk
17611.0,4,35,8170.93,5,5,5,555,Champions
17612.0,53,32,5156.14,4,5,5,455,Champions
17613.0,23,17,4494.77,4,5,5,455,Champions
17614.0,57,1,386.32,4,2,2,422,Recent Customers
17615.0,130,7,714.3,3,4,3,343,Loyal Customers
17616.0,174,4,734.4,3,3,3,333,Loyal Customers
17617.0,559,2,227.14000000000001,1,2,1,121,Lost Customers
17618.0,6,13,3976.34,5,5,5,555,Champions
17619.0,312,1,214.37,2,2,1,221,Lost Customers
17620.0,60,1,81.44,3,2,1,321,Lost Customers
17621.0,21,8,3029.32,4,4,5,445,Champions
17622.0,597,3,1125.17,1,3,3,133,At Risk
17623.0,33,7,2365.77,4,4,4,444,Champions
17624.0,15,4,1568.63,5,3,4,534,Loyal Customers
17625.0,18,8,5978.9,4,4,5,445,Champions
17626.0,603,1,254.0,1,2,1,121,Lost Customers
17627.0,479,2,285.11,1,2,2,122,Lost Customers
17628.0,81,1,75.75,3,2,1,321,Lost Customers
17629.0,6,11,2425.52,5,5,4,554,Champions
17630.0,170,2,503.59999999999997,3,2,2,322,Lost Customers
17631.0,2,7,998.49,5,4,3,543,Loyal Customers
17632.0,717,2,-12.7,1,2,1,121,Lost Customers
17633.0,31,9,1974.89,4,4,4,444,Champions
17634.0,36,9,2358.59,4,4,4,444,Champions
17635.0,424,4,1256.83,1,3,4,134,At Risk
17636.0,9,2,265.93,5,2,2,522,Recent Customers
17637.0,31,2,547.0600000000001,4,2,2,422,Recent Customers
17638.0,647,2,842.4,1,2,3,123,Lost Customers
17639.0,276,6,615.17,2,4,3,243,At Risk
17640.0,87,8,3107.59,3,4,5,345,Loyal Customers
17641.0,739,1,-6.95,1,2,1,121,Lost Customers
17642.0,120,5,1824.49,3,4,4,344,Loyal Customers
17643.0,373,2,439.7,2,2,2,222,Lost Customers
17644.0,1,28,5864.54,5,5,5,555,Champions
17645.0,728,1,-9.9,1,2,1,121,Lost Customers
17646.0,219,16,3843.1600000000003,2,5,5,255,At Risk
17647.0,65,3,331.65999999999997,3,3,2,332,Loyal Customers
17648.0,61,6,2208.42,3,4,4,344,Loyal Customers
17649.0,135,5,1542.44,3,4,4,344,Loyal Customers
17650.0,21,1,166.08,4,2,1,421,Recent Customers
17651.0,12,22,5632.59,5,5,5,555,Champions
17652.0,25,18,4737.13,4,5,5,455,Champions
17653.0,29,5,1175.88,4,4,4,444,Champions
17654.0,277,1,117.55,2,2,1,221,Lost Customers
17655.0,11,10,2909.1800000000003,5,5,5,555,Champions
17656.0,73,5,1674.69,3,4,4,344,Loyal Customers
17657.0,430,1,126.0,1,2,1,121,Lost Customers
17658.0,11,3,485.88,5,3,2,532,Loyal Customers
17659.0,4,17,3536.33,5,5,5,555,Champions
17660.0,141,2,342.22,3,2,2,322,Lost Customers
17661.0,641,1,-54.0,1,2,1,121,Lost Customers
17662.0,662,2,412.92,1,2,2,122,Lost Customers
17663.0,26,23,5081.04,4,5,5,455,Champions
17664.0,19,4,1166.23,4,3,4,434,Loyal Customers
17665.0,493,1,563.1,1,2,2,122,Lost Customers
17666.0,4,5,2047.8,5,4,4,544,Champions
17667.0,66,12,3883.8,3,5,5,355,Loyal Customers
17668.0,1,2,347.75,5,2,2,522,Recent Customers
17669.0,43,10,6142.35,4,5,5,455,Champions
17670.0,228,1,205.7,2,2,1,221,Lost Customers
17671.0,16,7,1720.53,5,4,4,544,Champions
17672.0,44,9,5707.08,4,4,5,445,Champions
17673.0,1,15,4156.63,5,5,5,555,Champions
17674.0,74,2,551.04,3,2,2,322,Lost Customers
17675.0,1,90,37064.32,5,5,5,555,Champions
17676.0,4,13,2405.32,5,5,4,554,Champions
17677.0,2,91,34232.18,5,5,5,555,Champions
17678.0,264,3,579.81,2,3,3,233,At Risk
17679.0,53,11,3166.56,4,5,5,455,Champions
17680.0,24,4,462.5,4,3,2,432,Loyal Customers
17681.0,597,6,529.6,1,4,2,142,At Risk
17682.0,10,12,4050.28,5,5,5,555,Champions
17683.0,386,3,819.01,2,3,3,233,At Risk
17684.0,44,1,239.41,4,2,1,421,Recent Customers
17685.0,17,14,5439.95,5,5,5,555,Champions
17686.0,7,9,8296.81,5,4,5,545,Champions
17687.0,421,1,432.68,1,2,2,122,Lost Customers
17688.0,375,2,286.5,2,2,2,222,Lost Customers
17689.0,388,2,317.08,2,2,2,222,Lost Customers
17690.0,30,21,6954.3,4,5,5,455,Champions
17691.0,358,5,627.35,2,4,3,243,At Risk
17692.0,127,14,2962.4,3,5,5,355,Loyal Customers
17693.0,136,3,187.02,3,3,1,331,Loyal Customers
17694.0,142,3,1695.97,3,3,4,334,Loyal Customers
17695.0,132,6,1720.54,3,4,4,344,Loyal Customers
17696.0,38,48,7380.89,4,5,5,455,Champions
17697.0,236,1,338.95,2,2,2,222,Lost Customers
17698.0,261,1,154.95,2,2,1,221,Lost Customers
17699.0,477,2,442.0,1,2,2,122,Lost Customers
17700.0,17,17,6640.72,5,5,5,555,Champions
17701.0,253,1,417.95,2,2,2,222,Lost Customers
17702.0,30,9,2999.94,4,4,5,445,Champions
17703.0,35,4,1094.84,4,3,3,433,Loyal Customers
17704.0,169,2,885.19,3,2,3,323,Lost Customers
17705.0,3,12,2041.5,5,5,4,554,Champions
17706.0,4,43,19066.07,5,5,5,555,Champions
17707.0,185,9,605.0500000000001,3,4,3,343,Loyal Customers
17708.0,188,4,884.1800000000001,3,3,3,333,Loyal Customers
17709.0,170,5,671.01,3,4,3,343,Loyal Customers
17710.0,424,1,293.5,1,2,2,122,Lost Customers
17711.0,11,2,385.1,5,2,2,522,Recent Customers
17712.0,45,1,522.91,4,2,2,422,Recent Customers
17713.0,382,4,1198.09,2,3,4,234,At Risk
17714.0,321,9,1376.58,2,4,4,244,At Risk
17715.0,201,2,489.59999999999997,2,2,2,222,Lost Customers
17716.0,23,27,15671.32,4,5,5,455,Champions
17717.0,421,1,376.92,1,2,2,122,Lost Customers
17718.0,232,3,386.98,2,3,2,232,At Risk
17719.0,38,18,5367.8,4,5,5,455,Champions
17720.0,26,12,2613.06,4,5,4,454,Champions
17721.0,659,1,307.21000000000004,1,2,2,122,Lost Customers
17722.0,96,7,3476.82,3,4,5,345,Loyal Customers
17723.0,127,7,3378.4000000000005,3,4,5,345,Loyal Customers
17724.0,58,4,995.6500000000001,3,3,3,333,Loyal Customers
17725.0,16,14,3371.13,5,5,5,555,Champions
17726.0,395,8,1089.56,2,4,3,243,At Risk
17727.0,9,2,1042.55,5,2,3,523,Recent Customers
17728.0,4,8,3861.13,5,4,5,545,Champions
17729.0,596,1,438.65000000000003,1,2,2,122,Lost Customers
17730.0,3,23,7757.35,5,5,5,555,Champions
17731.0,79,7,1347.08,3,4,4,344,Loyal Customers
17732.0,373,10,2144.17,2,5,4,254,At Risk
17733.0,39,2,692.19,4,2,3,423,Recent Customers
17734.0,54,6,1442.32,4,4,4,444,Champions
17735.0,2,29,16707.98,5,5,5,555,Champions
17736.0,9,4,337.49,5,3,2,532,Loyal Customers
17737.0,9,2,168.24,5,2,1,521,Recent Customers
17738.0,19,15,4145.36,4,5,5,455,Champions
17739.0,12,20,7718.14,5,5,5,555,Champions
17740.0,389,6,426.9,2,4,2,242,At Risk
17741.0,407,2,101.1,2,2,1,221,Lost Customers
17742.0,113,11,2098.48,3,5,4,354,Loyal Customers
17743.0,442,2,208.85,1,2,1,121,Lost Customers
17744.0,4,8,2617.82,5,4,4,544,Champions
17745.0,478,2,600.34,1,2,3,123,Lost Customers
17746.0,235,7,873.4300000000001,2,4,3,243,At Risk
17747.0,100,2,64.65,3,2,1,321,Lost Customers
17748.0,527,1,358.15,1,2,2,122,Lost Customers
17749.0,178,3,1026.18,3,3,3,333,Loyal Customers
17750.0,5,9,1710.45,5,4,4,544,Champions
17751.0,421,1,157.85999999999999,1,2,1,121,Lost Customers
17752.0,359,1,80.64,2,2,1,221,Lost Customers
17753.0,464,5,379.56,1,4,2,142,At Risk
17754.0,1,16,4383.08,5,5,5,555,Champions
17755.0,424,1,-72.23,1,2,1,121,Lost Customers
17756.0,376,3,728.75,2,3,3,233,At Risk
17757.0,1,60,8994.44,5,5,5,555,Champions
17758.0,19,12,4964.03,4,5,5,455,Champions
17759.0,17,5,1261.88,5,4,4,544,Champions
17760.0,22,7,739.14,4,4,3,443,Loyal Customers
17761.0,33,1,712.78,4,2,3,423,Recent Customers
17762.0,456,1,129.75,1,2,1,121,Lost Customers
17763.0,263,5,51.15,2,4,1,241,At Risk
17764.0,51,5,1513.57,4,4,4,444,Champions
17765.0,159,4,524.0,3,3,2,332,Loyal Customers
17766.0,381,2,299.61,2,2,2,222,Lost Customers
17767.0,15,2,413.05,5,2,2,522,Recent Customers
17768.0,8,8,3287.78,5,4,5,545,Champions
17769.0,13,21,6944.96,5,5,5,555,Champions
17770.0,199,5,1143.27,2,4,3,243,At Risk
17771.0,57,4,387.41,4,3,2,432,Loyal Customers
17772.0,11,3,360.75,5,3,2,532,Loyal Customers
17773.0,514,2,575.37,1,2,3,123,Lost Customers
17774.0,97,13,2891.48,3,5,5,355,Loyal Customers
17775.0,255,1,56.4,2,2,1,221,Lost Customers
17776.0,387,3,323.81,2,3,2,232,At Risk
17777.0,25,3,647.56,4,3,3,433,Loyal Customers
17778.0,662,1,197.70000000000002,1,2,1,121,Lost Customers
17779.0,21,5,633.92,4,4,3,443,Loyal Customers
17780.0,667,3,346.56,1,3,2,132,At Risk
17781.0,159,2,188.02,3,2,1,321,Lost Customers
17782.0,383,2,679.02,2,2,3,223,Lost Customers
17783.0,72,3,376.96,3,3,2,332,Loyal Customers
17784.0,550,1,112.86,1,2,1,121,Lost Customers
17785.0,53,3,403.38,4,3,2,432,Loyal Customers
17786.0,85,2,266.85,3,2,2,322,Lost Customers
17787.0,153,4,1817.54,3,3,4,334,Loyal Customers
17788.0,74,2,1117.9,3,2,3,323,Lost Customers
17789.0,281,2,397.15,2,2,2,222,Lost Customers
17790.0,27,20,2779.41,4,5,4,454,Champions
17791.0,30,1,106.1,4,2,1,421,Recent Customers
17792.0,467,2,368.35,1,2,2,122,Lost Customers
17793.0,25,1,300.34,4,2,2,422,Recent Customers
17794.0,687,2,147.3,1,2,1,121,Lost Customers
17795.0,180,2,342.83,3,2,2,322,Lost Customers
17796.0,40,7,1236.39,4,4,4,444,Champions
17797.0,22,8,1971.87,4,4,4,444,Champions
17798.0,582,1,178.07,1,2,1,121,Lost Customers
17799.0,22,23,6121.78,4,5,5,455,Champions
17800.0,37,9,1187.21,4,4,4,444,Champions
17801.0,451,4,767.48,1,3,3,133,At Risk
17802.0,82,16,4808.94,3,5,5,355,Loyal Customers
17803.0,392,1,184.66,2,2,1,221,Lost Customers
17804.0,376,4,378.68,2,3,2,232,At Risk
17805.0,74,2,927.03,3,2,3,323,Lost Customers
17806.0,11,1,546.04,5,2,2,522,Recent Customers
17807.0,395,3,437.87,2,3,2,232,At Risk
17808.0,549,4,262.64,1,3,2,132,At Risk
17809.0,16,24,9247.35,5,5,5,555,Champions
17810.0,669,3,343.21,1,3,2,132,At Risk
17811.0,4,60,9358.53,5,5,5,555,Champions
17812.0,13,7,911.99,5,4,3,543,Loyal Customers
17813.0,14,7,1641.79,5,4,4,544,Champions
17814.0,375,2,1609.37,2,2,4,224,Lost Customers
17815.0,393,1,591.96,2,2,3,223,Lost Customers
17816.0,37,6,96.11,4,4,1,441,Loyal Customers
17817.0,4,7,781.45,5,4,3,543,Loyal Customers
17818.0,738,1,124.78,1,2,1,121,Lost Customers
17819.0,72,13,5977.25,3,5,5,355,Loyal Customers
17820.0,191,3,156.56,2,3,1,231,At Risk
17821.0,406,1,334.62,2,2,2,222,Lost Customers
17822.0,420,5,2162.93,1,4,4,144,At Risk
17823.0,421,2,449.25,1,2,2,122,Lost Customers
17824.0,51,1,298.4,4,2,2,422,Recent Customers
17825.0,599,4,701.96,1,3,3,133,At Risk
17826.0,374,1,133.34,2,2,1,221,Lost Customers
17827.0,5,7,2369.42,5,4,4,544,Champions
17828.0,9,9,1599.97,5,4,4,544,Champions
17829.0,299,6,4680.42,2,4,5,245,At Risk
17830.0,2,3,398.7,5,3,2,532,Loyal Customers
17831.0,33,1,35.400000000000006,4,2,1,421,Recent Customers
17832.0,50,1,155.37,4,2,1,421,Recent Customers
17833.0,723,1,338.46000000000004,1,2,2,122,Lost Customers
17834.0,415,2,689.6700000000001,1,2,3,123,Lost Customers
17835.0,3,3,342.24,5,3,2,532,Loyal Customers
17836.0,47,1,110.21000000000001,4,2,1,421,Recent Customers
17837.0,42,10,1508.38,4,5,4,454,Champions
17838.0,27,15,5134.49,4,5,5,455,Champions
17839.0,42,1,318.15,4,2,2,422,Recent Customers
17840.0,444,1,175.9,1,2,1,121,Lost Customers
17841.0,2,289,67186.87,5,5,5,555,Champions
17842.0,602,1,430.69,1,2,2,122,Lost Customers
17843.0,303,2,320.4,2,2,2,222,Lost Customers
17844.0,107,1,51.559999999999995,3,2,1,321,Lost Customers
17845.0,555,4,596.09,1,3,3,133,At Risk
17846.0,85,1,2033.1,3,2,4,324,Lost Customers
17847.0,516,2,129.69,1,2,1,121,Lost Customers
17848.0,81,31,3546.36,3,5,5,355,Loyal Customers
17849.0,218,8,1063.76,2,4,3,243,At Risk
17850.0,302,159,50407.770000000004,2,5,5,255,At Risk
17851.0,422,6,1552.35,1,4,4,144,At Risk
17852.0,12,5,657.8100000000001,5,4,3,543,Loyal Customers
17853.0,407,3,1596.29,2,3,4,234,At Risk
17854.0,185,6,1068.5,3,4,3,343,Loyal Customers
17855.0,373,1,208.97,2,2,1,221,Lost Customers
17856.0,2,6,1393.79,5,4,4,544,Champions
17857.0,3,26,27231.34,5,5,5,555,Champions
17858.0,6,32,12444.3,5,5,5,555,Champions
17859.0,305,1,141.92000000000002,2,2,1,221,Lost Customers
17860.0,369,4,717.39,2,3,3,233,At Risk
17861.0,3,22,5025.19,5,5,5,555,Champions
17862.0,324,4,1254.89,2,3,4,234,At Risk
17863.0,59,12,5360.48,3,5,5,355,Loyal Customers
17864.0,13,5,876.57,5,4,3,543,Loyal Customers
17865.0,31,62,25586.850000000002,4,5,5,455,Champions
17866.0,143,4,1131.0,3,3,3,333,Loyal Customers
17867.0,30,20,856.55,4,5,3,453,Loyal Customers
17868.0,386,1,227.15,2,2,1,221,Lost Customers
17869.0,107,7,813.64,3,4,3,343,Loyal Customers
17870.0,2,14,2748.34,5,5,4,554,Champions
17871.0,205,5,1068.95,2,4,3,243,At Risk
17872.0,382,1,235.87,2,2,1,221,Lost Customers
17873.0,80,20,5979.01,3,5,5,355,Loyal Customers
17874.0,185,7,658.26,3,4,3,343,Loyal Customers
17875.0,688,1,167.1,1,2,1,121,Lost Customers
17876.0,400,3,3424.02,2,3,5,235,At Risk
17877.0,170,1,237.61,3,2,1,321,Lost Customers
17878.0,44,3,1378.93,4,3,4,434,Loyal Customers
17879.0,174,1,178.51999999999998,3,2,1,321,Lost Customers
17880.0,365,3,824.9200000000001,2,3,3,233,At Risk
17881.0,304,1,133.35000000000002,2,2,1,221,Lost Customers
17882.0,379,2,291.56,2,2,2,222,Lost Customers
17883.0,3,8,972.52,5,4,3,543,Loyal Customers
17884.0,4,23,2654.47,5,5,4,554,Champions
17885.0,12,1,156.34,5,2,1,521,Recent Customers
17886.0,32,7,1562.6,4,4,4,444,Champions
17887.0,129,1,111.35,3,2,1,321,Lost Customers
17888.0,19,31,1305.9,4,5,4,454,Champions
17889.0,212,7,746.42,2,4,3,243,At Risk
17890.0,323,2,586.89,2,2,3,223,Lost Customers
17891.0,162,1,203.85999999999999,3,2,1,321,Lost Customers
17892.0,56,3,244.1,4,3,1,431,Loyal Customers
17893.0,225,1,107.21,2,2,1,221,Lost Customers
17894.0,72,20,2248.86,3,5,4,354,Loyal Customers
17895.0,44,1,95.45,4,2,1,421,Recent Customers
17896.0,23,1,256.32,4,2,1,421,Recent Customers
17897.0,173,10,2074.39,3,5,4,354,Loyal Customers
17898.0,85,4,299.18,3,3,2,332,Loyal Customers
17899.0,159,1,154.55,3,2,1,321,Lost Customers
17900.0,165,4,15.0,3,3,1,331,Loyal Customers
17901.0,29,3,260.08,4,3,2,432,Loyal Customers
17902.0,547,1,216.39999999999998,1,2,1,121,Lost Customers
17903.0,394,1,381.09000000000003,2,2,2,222,Lost Customers
17904.0,21,2,168.32,4,2,1,421,Recent Customers
17905.0,71,14,2169.57,3,5,4,354,Loyal Customers
17906.0,247,1,72.9,2,2,1,221,Lost Customers
17907.0,641,1,291.76,1,2,2,122,Lost Customers
17908.0,374,7,1088.82,2,4,3,243,At Risk
17909.0,737,1,110.05,1,2,1,121,Lost Customers
17910.0,726,1,261.7,1,2,2,122,Lost Customers
17911.0,9,1,366.23,5,2,2,522,Recent Customers
17912.0,310,7,359.15,2,4,2,242,At Risk
17913.0,59,14,3429.29,3,5,5,355,Loyal Customers
17914.0,4,1,329.36,5,2,2,522,Recent Customers
17915.0,551,1,225.78,1,2,1,121,Lost Customers
17916.0,629,2,43.87,1,2,1,121,Lost Customers
17917.0,45,3,335.03,4,3,2,432,Loyal Customers
17918.0,501,3,396.39,1,3,2,132,At Risk
17919.0,88,2,1840.32,3,2,4,324,Lost Customers
17920.0,4,56,23575.23,5,5,5,555,Champions
17921.0,64,12,2354.21,3,5,4,354,Loyal Customers
17922.0,543,1,170.4,1,2,1,121,Lost Customers
17923.0,282,3,497.0,2,3,2,232,At Risk
17924.0,1,14,3189.53,5,5,5,555,Champions
17925.0,373,1,244.08,2,2,1,221,Lost Customers
17926.0,133,5,1035.49,3,4,3,343,Loyal Customers
17927.0,722,1,294.0,1,2,2,122,Lost Customers
17928.0,45,3,341.24,4,3,2,432,Loyal Customers
17929.0,11,13,3073.6,5,5,5,555,Champions
17930.0,36,15,4242.92,4,5,5,455,Champions
17931.0,134,18,3270.91,3,5,5,355,Loyal Customers
17932.0,29,3,1331.57,4,3,4,434,Loyal Customers
17933.0,632,1,114.69,1,2,1,121,Lost Customers
17934.0,52,3,1049.15,4,3,3,433,Loyal Customers
17935.0,138,8,655.54,3,4,3,343,Loyal Customers
17936.0,5,1,380.13,5,2,2,522,Recent Customers
17937.0,9,7,4301.22,5,4,5,545,Champions
17938.0,420,1,144.29,1,2,1,121,Lost Customers
17939.0,160,1,99.14,3,2,1,321,Lost Customers
17940.0,49,22,26873.62,4,5,5,455,Champions
17941.0,131,4,1433.28,3,3,4,334,Loyal Customers
17942.0,8,1,77.50000000000001,5,2,1,521,Recent Customers
17943.0,680,1,-165.03,1,2,1,121,Lost Customers
17944.0,423,1,74.99,1,2,1,121,Lost Customers
17945.0,697,3,360.35,1,3,2,132,At Risk
17946.0,233,2,149.57999999999998,2,2,1,221,Lost Customers
17947.0,37,1,176.68,4,2,1,421,Recent Customers
17948.0,147,1,358.56000000000006,3,2,2,322,Lost Customers
17949.0,1,138,97581.59,5,5,5,555,Champions
17950.0,72,8,1156.21,3,4,3,343,Loyal Customers
17951.0,40,5,1322.88,4,4,4,444,Champions
17952.0,378,4,788.46,2,3,3,233,At Risk
17953.0,540,1,159.17000000000002,1,2,1,121,Lost Customers
17954.0,5,26,3699.74,5,5,5,555,Champions
17955.0,199,6,949.9,2,4,3,243,At Risk
17956.0,249,1,12.75,2,2,1,221,Lost Customers
17957.0,66,1,111.68,3,2,1,321,Lost Customers
17958.0,117,2,973.88,3,2,3,323,Lost Customers
17959.0,592,1,140.75,1,2,1,121,Lost Customers
17960.0,171,3,135.08,3,3,1,331,Loyal Customers
17961.0,21,102,2850.29,4,5,5,455,Champions
17962.0,142,5,652.56,3,4,3,343,Loyal Customers
17963.0,471,4,643.16,1,3,3,133,At Risk
17964.0,32,2,463.21,4,2,2,422,Recent Customers
17965.0,38,33,6883.45,4,5,5,455,Champions
17966.0,38,10,1963.92,4,5,4,454,Champions
17967.0,372,2,223.42,2,2,1,221,Lost Customers
17968.0,374,4,590.4399999999999,2,3,3,233,At Risk
17969.0,166,27,2235.54,3,5,4,354,Loyal Customers
17970.0,211,1,562.79,2,2,2,222,Lost Customers
17971.0,548,1,161.94,1,2,1,121,Lost Customers
17972.0,242,1,135.19,2,2,1,221,Lost Customers
17973.0,52,1,337.04,4,2,2,422,Recent Customers
17974.0,25,6,1739.09,4,4,4,444,Champions
17975.0,15,26,6595.18,5,5,5,555,Champions
17976.0,372,1,321.79,2,2,2,222,Lost Customers
17977.0,29,3,1453.55,4,3,4,434,Loyal Customers
17978.0,365,4,1159.99,2,3,3,233,At Risk
17979.0,36,5,712.51,4,4,3,443,Loyal Customers
17980.0,166,4,1012.72,3,3,3,333,Loyal Customers
17981.0,411,1,239.12,2,2,1,221,Lost Customers
17982.0,681,1,138.18,1,2,1,121,Lost Customers
17983.0,395,1,171.71,2,2,1,221,Lost Customers
17984.0,145,5,1152.19,3,4,3,343,Loyal Customers
17985.0,22,1,631.35,4,2,3,423,Recent Customers
17986.0,56,1,20.8,4,2,1,421,Recent Customers
17987.0,185,6,889.92,3,4,3,343,Loyal Customers
17988.0,12,15,479.59,5,5,2,552,Loyal Customers
17989.0,379,1,207.32999999999998,2,2,1,221,Lost Customers
17990.0,237,7,1522.5700000000002,2,4,4,244,At Risk
17991.0,225,3,300.3,2,3,2,232,At Risk
17992.0,389,1,252.88,2,2,1,221,Lost Customers
17993.0,617,1,225.99,1,2,1,121,Lost Customers
17994.0,122,14,2219.58,3,5,4,354,Loyal Customers
17995.0,282,3,495.48,2,3,2,232,At Risk
17996.0,380,3,482.33,2,3,2,232,At Risk
17997.0,74,12,1503.09,3,5,4,354,Loyal Customers
17998.0,380,4,601.74,2,3,3,233,At Risk
17999.0,37,3,528.46,4,3,2,432,Loyal Customers
18000.0,564,1,124.25,1,2,1,121,Lost Customers
18001.0,12,6,924.14,5,4,3,543,Loyal Customers
18002.0,376,4,244.37,2,3,1,231,At Risk
18003.0,376,1,353.51,2,2,2,222,Lost Customers
18004.0,362,1,157.92,2,2,1,221,Lost Customers
18005.0,4,2,226.47,5,2,1,521,Recent Customers
18006.0,23,4,969.51,4,3,3,433,Loyal Customers
18007.0,393,1,215.22,2,2,1,221,Lost Customers
18008.0,70,23,19759.079999999998,3,5,5,355,Loyal Customers
18009.0,235,14,2065.48,2,5,4,254,At Risk
18010.0,257,1,174.8,2,2,1,221,Lost Customers
18011.0,373,2,410.79,2,2,2,222,Lost Customers
18012.0,723,1,115.3,1,2,1,121,Lost Customers
18013.0,155,2,187.29,3,2,1,321,Lost Customers
18014.0,28,1,162.22,4,2,1,421,Recent Customers
18015.0,4,1,120.03,5,2,1,521,Recent Customers
18016.0,32,7,1954.56,4,4,4,444,Champions
18017.0,81,4,688.0,3,3,3,333,Loyal Customers
18018.0,108,5,156.69,3,4,1,341,Loyal Customers
18019.0,52,1,38.45,4,2,1,421,Recent Customers
18020.0,544,2,129.28,1,2,1,121,Lost Customers
18021.0,510,2,216.41,1,2,1,121,Lost Customers
18022.0,36,5,1507.25,4,4,4,444,Champions
18023.0,540,1,-3248.86,1,2,1,121,Lost Customers
18024.0,153,3,236.77999999999997,3,3,1,331,Loyal Customers
18025.0,380,6,1177.72,2,4,4,244,At Risk
18026.0,501,2,2074.07,1,2,4,124,Lost Customers
18027.0,99,1,115.31,3,2,1,321,Lost Customers
18028.0,583,1,192.05,1,2,1,121,Lost Customers
18029.0,642,1,433.77,1,2,2,122,Lost Customers
18030.0,4,3,220.7,5,3,1,531,Loyal Customers
18031.0,379,1,451.3,2,2,2,222,Lost Customers
18032.0,334,1,73.5,2,2,1,221,Lost Customers
18033.0,65,1,93.82000000000001,3,2,1,321,Lost Customers
18034.0,22,3,754.2,4,3,3,433,Loyal Customers
18035.0,36,5,1260.23,4,4,4,444,Champions
18036.0,32,11,1545.49,4,5,4,454,Champions
18037.0,154,15,167.42,3,5,1,351,Loyal Customers
18038.0,556,1,141.48,1,2,1,121,Lost Customers
18039.0,374,4,548.22,2,3,2,232,At Risk
18040.0,19,2,357.20000000000005,4,2,2,422,Recent Customers
18041.0,12,40,7936.04,5,5,5,555,Champions
18042.0,54,2,281.15,4,2,2,422,Recent Customers
18043.0,25,3,529.29,4,3,2,432,Loyal Customers
18044.0,4,19,3502.66,5,5,5,555,Champions
18045.0,45,1,178.34,4,2,1,421,Recent Customers
18046.0,650,1,189.63,1,2,1,121,Lost Customers
18047.0,381,2,326.09,2,2,2,222,Lost Customers
18048.0,203,3,394.93,2,3,2,232,At Risk
18049.0,437,2,500.92,1,2,2,122,Lost Customers
18050.0,359,2,412.06,2,2,2,222,Lost Customers
18051.0,634,8,2275.98,1,4,4,144,At Risk
18052.0,565,1,10877.18,1,2,5,125,Lost Customers
18053.0,66,6,527.77,3,4,2,342,Loyal Customers
18054.0,393,1,176.5,2,2,1,221,Lost Customers
18055.0,7,15,10110.59,5,5,5,555,Champions
18056.0,288,3,539.75,2,3,2,232,At Risk
18057.0,393,3,1188.46,2,3,4,234,At Risk
18058.0,10,3,774.06,5,3,3,533,Loyal Customers
18059.0,9,4,296.71,5,3,2,532,Loyal Customers
18060.0,408,2,1185.46,2,2,4,224,Lost Customers
18061.0,22,29,6075.31,4,5,5,455,Champions
18062.0,173,9,1523.3700000000001,3,4,4,344,Loyal Customers
18063.0,391,2,186.60000000000002,2,2,1,221,Lost Customers
18064.0,133,15,4427.98,3,5,5,355,Loyal Customers
18065.0,6,32,5836.88,5,5,5,555,Champions
18066.0,75,3,1440.4,3,3,4,334,Loyal Customers
18067.0,40,1,396.33,4,2,2,422,Recent Customers
18068.0,289,1,101.69999999999999,2,2,1,221,Lost Customers
18069.0,26,13,4450.07,4,5,5,455,Champions
18070.0,669,2,307.75,1,2,2,122,Lost Customers
18071.0,258,6,1169.68,2,4,4,244,At Risk
18072.0,155,2,-5.329070518200751e-15,3,2,1,321,Lost Customers
18073.0,114,13,3846.7400000000002,3,5,5,355,Loyal Customers
18074.0,374,2,1019.44,2,2,3,223,Lost Customers
18075.0,23,31,5579.91,4,5,5,455,Champions
18076.0,380,1,151.49,2,2,1,221,Lost Customers
18077.0,8,18,4078.79,5,5,5,555,Champions
18078.0,217,4,725.53,2,3,3,233,At Risk
18079.0,45,5,4203.93,4,4,5,445,Champions
18080.0,19,2,1231.5,4,2,4,424,Recent Customers
18081.0,36,3,343.45,4,3,2,432,Loyal Customers
18082.0,26,1,680.84,4,2,3,423,Recent Customers
18083.0,398,1,463.53,2,2,2,222,Lost Customers
18084.0,16,5,176.02999999999997,5,4,1,541,Loyal Customers
18085.0,330,4,1341.8500000000001,2,3,4,234,At Risk
18086.0,274,1,101.34,2,2,1,221,Lost Customers
18087.0,98,21,14411.619999999999,3,5,5,355,Loyal Customers
18088.0,61,1,166.03,3,2,1,321,Lost Customers
18089.0,447,1,428.45,1,2,2,122,Lost Customers
18090.0,422,1,321.9,1,2,2,122,Lost Customers
18091.0,593,1,360.85,1,2,2,122,Lost Customers
18092.0,2,20,14687.47,5,5,5,555,Champions
18093.0,93,9,4429.61,3,4,5,345,Loyal Customers
18094.0,82,15,6322.62,3,5,5,355,Loyal Customers
18095.0,313,5,2303.09,2,4,4,244,At Risk
18096.0,12,6,1657.87,5,4,4,544,Champions
18097.0,8,14,4616.77,5,5,5,555,Champions
18098.0,396,1,527.94,2,2,2,222,Lost Customers
18099.0,127,1,168.31,3,2,1,321,Lost Customers
18100.0,550,1,451.56,1,2,2,122,Lost Customers
18101.0,11,5,622.01,5,4,3,543,Loyal Customers
18102.0,1,153,570380.61,5,5,5,555,Champions
18103.0,549,1,105.8,1,2,1,121,Lost Customers
18104.0,37,1,754.64,4,2,3,423,Recent Customers
18105.0,38,1,113.48000000000002,4,2,1,421,Recent Customers
18106.0,330,6,1441.06,2,4,4,244,At Risk
18107.0,442,1,165.88,1,2,1,121,Lost Customers
18108.0,249,4,842.46,2,3,3,233,At Risk
18109.0,2,45,9416.41,5,5,5,555,Champions
18110.0,19,3,362.03000000000003,4,3,2,432,Loyal Customers
18111.0,583,2,398.9,1,2,2,122,Lost Customers
18112.0,12,4,773.36,5,3,3,533,Loyal Customers
18113.0,369,1,76.32000000000001,2,2,1,221,Lost Customers
18114.0,290,1,220.1,2,2,1,221,Lost Customers
18115.0,698,1,9.700000000000001,1,2,1,121,Lost Customers
18116.0,68,13,2134.4900000000002,3,5,4,354,Loyal Customers
18117.0,26,1,315.65,4,2,2,422,Recent Customers
18118.0,11,35,6157.87,5,5,5,555,Champions
18119.0,368,1,180.7,2,2,1,221,Lost Customers
18120.0,214,1,111.15,2,2,1,221,Lost Customers
18121.0,149,2,653.3,3,2,3,323,Lost Customers
18122.0,8,6,1793.06,5,4,4,544,Champions
18123.0,24,3,666.64,4,3,3,433,Loyal Customers
18124.0,472,1,102.65,1,2,1,121,Lost Customers
18125.0,30,5,1130.1,4,4,3,443,Loyal Customers
18126.0,61,1,200.92000000000002,3,2,1,321,Lost Customers
18127.0,19,4,556.13,4,3,2,432,Loyal Customers
18128.0,537,1,399.29,1,2,2,122,Lost Customers
18129.0,243,1,112.55000000000001,2,2,1,221,Lost Customers
18130.0,9,4,1045.74,5,3,3,533,Loyal Customers
18131.0,632,1,222.95999999999998,1,2,1,121,Lost Customers
18132.0,504,1,220.13,1,2,1,121,Lost Customers
18133.0,211,2,715.4999999999999,2,2,3,223,Lost Customers
18134.0,598,2,445.0,1,2,2,122,Lost Customers
18135.0,29,13,1229.22,4,5,4,454,Champions
18136.0,63,9,1531.71,3,4,4,344,Loyal Customers
18137.0,551,2,145.99,1,2,1,121,Lost Customers
18138.0,295,1,152.65,2,2,1,221,Lost Customers
18139.0,17,8,8393.22,5,4,5,545,Champions
18140.0,474,1,536.41,1,2,2,122,Lost Customers
18141.0,361,4,838.57,2,3,3,233,At Risk
18142.0,151,4,1014.9,3,3,3,333,Loyal Customers
18143.0,117,2,1000.16,3,2,3,323,Lost Customers
18144.0,8,19,4892.95,5,5,5,555,Champions
18145.0,13,12,5592.04,5,5,5,555,Champions
18146.0,141,2,160.35000000000002,3,2,1,321,Lost Customers
18147.0,46,2,179.33999999999997,4,2,1,421,Recent Customers
18148.0,647,1,112.85000000000001,1,2,1,121,Lost Customers
18149.0,51,7,1553.96,4,4,4,444,Champions
18150.0,32,3,566.58,4,3,2,432,Loyal Customers
18151.0,135,7,1853.94,3,4,4,344,Loyal Customers
18152.0,646,1,426.69,1,2,2,122,Lost Customers
18153.0,659,1,246.22,1,2,1,121,Lost Customers
18154.0,3,5,932.6,5,4,3,543,Loyal Customers
18155.0,75,4,347.82,3,3,2,332,Loyal Customers
18156.0,13,2,675.64,5,2,3,523,Recent Customers
18157.0,571,1,213.9,1,2,1,121,Lost Customers
18158.0,9,3,451.75,5,3,2,532,Loyal Customers
18159.0,301,1,530.15,2,2,2,222,Lost Customers
18160.0,57,3,1003.88,4,3,3,433,Loyal Customers
18161.0,10,7,1797.2,5,4,4,544,Champions
18162.0,732,1,371.51,1,2,2,122,Lost Customers
18163.0,561,2,639.34,1,2,3,123,Lost Customers
18164.0,31,2,394.7,4,2,2,422,Recent Customers
18165.0,177,1,302.46000000000004,3,2,2,322,Lost Customers
18166.0,624,1,175.5,1,2,1,121,Lost Customers
18167.0,4,6,1355.51,5,4,4,544,Champions
18168.0,176,22,3352.3,3,5,5,355,Loyal Customers
18169.0,61,1,202.65,3,2,1,321,Lost Customers
18170.0,33,9,2878.0,4,4,5,445,Champions
18171.0,59,11,2414.51,3,5,4,354,Loyal Customers
18172.0,15,63,17289.23,5,5,5,555,Champions
18173.0,87,5,2696.36,3,4,4,344,Loyal Customers
18174.0,7,2,162.5,5,2,1,521,Recent Customers
18175.0,676,1,176.1,1,2,1,121,Lost Customers
18176.0,354,2,448.65,2,2,2,222,Lost Customers
18177.0,31,10,2189.07,4,5,4,454,Champions
18178.0,114,15,6054.49,3,5,5,355,Loyal Customers
18179.0,9,8,2547.55,5,4,4,544,Champions
18180.0,5,6,1843.75,5,4,4,544,Champions
18181.0,24,7,1166.61,4,4,4,444,Champions
18182.0,463,1,291.13,1,2,2,122,Lost Customers
18183.0,218,6,600.52,2,4,3,243,At Risk
18184.0,15,1,49.8,5,2,1,521,Recent Customers
18185.0,249,1,304.25,2,2,2,222,Lost Customers
18186.0,723,1,329.58,1,2,2,122,Lost Customers
18187.0,623,3,682.19,1,3,3,133,At Risk
18188.0,15,8,3263.19,5,4,5,545,Champions
18189.0,78,5,1396.58,3,4,4,344,Loyal Customers
18190.0,192,6,735.6700000000001,2,4,3,243,At Risk
18191.0,262,2,529.4,2,2,2,222,Lost Customers
18192.0,72,1,957.97,3,2,3,323,Lost Customers
18193.0,151,5,1176.55,3,4,4,344,Loyal Customers
18194.0,64,7,4084.2000000000003,3,4,5,345,Loyal Customers
18195.0,387,1,101.16,2,2,1,221,Lost Customers
18196.0,95,4,1457.19,3,3,4,334,Loyal Customers
18197.0,514,2,221.4,1,2,1,121,Lost Customers
18198.0,4,21,5083.06,5,5,5,555,Champions
18199.0,676,2,342.2,1,2,2,122,Lost Customers
18200.0,106,1,150.35,3,2,1,321,Lost Customers
18201.0,723,1,447.53000000000003,1,2,2,122,Lost Customers
18202.0,200,3,1396.99,2,3,4,234,At Risk
18203.0,157,4,492.52,3,3,2,332,Loyal Customers
18204.0,71,4,1960.95,3,3,4,334,Loyal Customers
18205.0,36,2,517.36,4,2,2,422,Recent Customers
18206.0,553,1,314.65999999999997,1,2,2,122,Lost Customers
18207.0,494,3,505.12,1,3,2,132,At Risk
18208.0,566,1,360.08,1,2,2,122,Lost Customers
18209.0,29,1,139.10000000000002,4,2,1,421,Recent Customers
18210.0,2,7,2768.83,5,4,4,544,Champions
18211.0,26,5,600.07,4,4,3,443,Loyal Customers
18212.0,326,2,514.37,2,2,2,222,Lost Customers
18213.0,237,1,232.48000000000002,2,2,1,221,Lost Customers
18214.0,531,5,1480.99,1,4,4,144,At Risk
18215.0,89,6,2223.9900000000002,3,4,4,344,Loyal Customers
18216.0,31,1,481.75,4,2,2,422,Recent Customers
18217.0,29,6,902.8,4,4,3,443,Loyal Customers
18218.0,206,6,1086.1399999999999,2,4,3,243,At Risk
18219.0,3,19,3297.2000000000003,5,5,5,555,Champions
18220.0,220,11,1771.7,2,5,4,254,At Risk
18221.0,22,8,1370.34,4,4,4,444,Champions
18222.0,93,1,443.0,3,2,2,322,Lost Customers
18223.0,2,52,13497.58,5,5,5,555,Champions
18224.0,264,1,158.95000000000002,2,2,1,221,Lost Customers
18225.0,3,34,12643.25,5,5,5,555,Champions
18226.0,39,38,11748.58,4,5,5,455,Champions
18227.0,218,3,93.75,2,3,1,231,At Risk
18228.0,50,3,769.2,4,3,3,433,Loyal Customers
18229.0,12,28,10150.51,5,5,5,555,Champions
18230.0,9,12,4197.46,5,5,5,555,Champions
18231.0,192,30,6821.37,2,5,5,255,At Risk
18232.0,82,5,582.47,3,4,3,343,Loyal Customers
18233.0,326,1,440.0,2,2,2,222,Lost Customers
18234.0,552,1,179.6,1,2,1,121,Lost Customers
18235.0,72,3,1796.48,3,3,4,334,Loyal Customers
18236.0,30,12,1795.3500000000001,4,5,4,454,Champions
18237.0,3,5,987.1,5,4,3,543,Loyal Customers
18238.0,515,1,270.92,1,2,2,122,Lost Customers
18239.0,219,6,1712.26,2,4,4,244,At Risk
18240.0,46,1,422.58,4,2,2,422,Recent Customers
18241.0,10,23,2954.09,5,5,5,555,Champions
18242.0,72,8,3605.21,3,4,5,345,Loyal Customers
18243.0,414,1,515.78,1,2,2,122,Lost Customers
18244.0,431,2,568.64,1,2,2,122,Lost Customers
18245.0,7,23,6236.2300000000005,5,5,5,555,Champions
18246.0,24,3,758.8199999999999,4,3,3,433,Loyal Customers
18247.0,410,6,721.43,2,4,3,243,At Risk
18248.0,114,4,783.02,3,3,3,333,Loyal Customers
18249.0,17,1,95.34,5,2,1,521,Recent Customers
18250.0,301,2,342.92,2,2,2,222,Lost Customers
18251.0,87,9,26278.86,3,4,5,345,Loyal Customers
18252.0,51,8,1457.19,4,4,4,444,Champions
18253.0,643,1,317.88,1,2,2,122,Lost Customers
18254.0,581,1,267.9,1,2,2,122,Lost Customers
18255.0,89,2,303.15,3,2,2,322,Lost Customers
18256.0,355,2,60.599999999999994,2,2,1,221,Lost Customers
18257.0,39,18,4496.8,4,5,5,455,Champions
18258.0,464,8,2040.97,1,4,4,144,At Risk
18259.0,25,7,3941.9,4,4,5,445,Champions
18260.0,173,32,9737.1,3,5,5,355,Loyal Customers
18261.0,43,2,324.24,4,2,2,422,Recent Customers
18262.0,140,3,577.54,3,3,3,333,Loyal Customers
18263.0,23,4,1211.08,4,3,4,434,Loyal Customers
18264.0,499,1,603.25,1,2,3,123,Lost Customers
18265.0,72,2,801.51,3,2,3,323,Lost Customers
18266.0,434,1,251.1,1,2,1,121,Lost Customers
18267.0,660,2,252.87,1,2,1,121,Lost Customers
18268.0,134,8,1451.22,3,4,4,344,Loyal Customers
18269.0,358,2,138.9,2,2,1,221,Lost Customers
18270.0,38,4,400.35,4,3,2,432,Loyal Customers
18271.0,610,2,680.85,1,2,3,123,Lost Customers
18272.0,3,11,4347.33,5,5,5,555,Champions
18273.0,2,4,357.0,5,3,2,532,Loyal Customers
18274.0,18,2,1.7763568394002505e-15,4,2,1,421,Recent Customers
18275.0,578,2,741.85,1,2,3,123,Lost Customers
18276.0,21,10,1620.67,4,5,4,454,Champions
18277.0,58,8,1111.38,3,4,3,343,Loyal Customers
18278.0,74,2,414.20000000000005,3,2,2,322,Lost Customers
18279.0,519,1,231.33999999999997,1,2,1,121,Lost Customers
18280.0,278,3,472.45000000000005,2,3,2,232,At Risk
18281.0,181,2,201.14,3,2,1,321,Lost Customers
18282.0,8,3,176.6,5,3,1,531,Loyal Customers
18283.0,4,22,2664.9,5,5,4,554,Champions
18284.0,430,2,436.68,1,2,2,122,Lost Customers
18285.0,661,1,427.0,1,2,2,122,Lost Customers
18286.0,477,3,1188.43,1,3,4,134,At Risk
18287.0,43,8,4177.89,4,4,5,445,Champions
