StockCode,Description,Total_Quantity,Total_Revenue
10002,INFLATABLE POLITICAL GLOBE ,7448,6058.71
10080,GROOVY CACTUS INFLATABLE,315,129.29
10109,BENDY COLOUR PENCILS,4,1.68
10120,DOGGY RUBBER,634,136.44
10125,MINI FUNKY DESIGN TAPES,2103,1715.78
10133,COLOURING PENCILS BROWN TUBE,3817,2360.56
10134,COLOURING PENCILS BROWN TUBE,615,708.63
10135,COLOURING PENCILS BROWN TUBE,4215,4552.46
10138,ASSORTED COLOUR JUMBO PEN,67,29.32
11001,ASSTD DESIGN RACING CAR PEN,4018,6315.26
15030,FAN BLACK FRAME ,254,73.66
15034,PAPER POCKET TRAVELING FAN ,8705,1300.2
15036,ASSORTED COLOURS SILK FAN,43343,32323.0
15039,SANDALWOOD FAN,5074,4322.67
16008,SMALL FOLDING SCISSOR(POINTED EDGE),3141,422.96
16010,FOLDING CAMPING SCISSOR W/KNIF & S,32,3.84
16011, ANIMAL STICKERS,385,80.85
16011,ANIMAL STICKERS,3403,713.43
16012,FOOD/DRINK SPONGE STICKERS,2142,449.82
16012,FOOD/DRINK SPUNGE STICKERS,759,158.19
16014,SMALL CHINESE STYLE SCISSOR,29355,9513.1
16015,MEDIUM CHINESE STYLE SCISSOR,1572,711.38
16016,LARGE CHINESE STYLE SCISSOR,2314,1870.7
16033,MINI HIGHLIGHTER PENS,14641,1486.9199999999998
16043,POP ART PUSH DOWN RUBBER ,1161,112.62
16044,POP-ART FLUORESCENT PENS,6193,389.22
16045,POPART WOODEN PENCILS ASST,9312,429.44
16046,TEATIME PEN CASE & PENS,5424,834.46
16047,POP ART PEN CASE & PENS,5428,639.98
16048,TEATIME ROUND PENCIL SHARPENER ,3461,537.06
16049,TEATIME GEL PENS ASST,3169,560.48
16050,TEATIME PENCIL WITH RUBBER,151,46.45
16051,TEATIME PENCIL W STAMP ASST,941,84.69
16052,TEATIME PUSH DOWN RUBBER,824,271.24
16053,POPART COL BALLPOINT PEN ASST,2313,125.73
16054,POPART RECT PENCIL SHARPENER ASST,1102,146.04000000000002
16119,FUNKY GIRL ADDRESS BOOK,273,130.71
16192,PINK BALLET OPENING CUBE BOX ,3,12.899999999999999
16212,FUNKY GIRLZ ASST MAGNETIC MEMO PAD,366,287.01
16215,FUNKY GIRLZ MAGNETIC TO DO LIST ,8,5.2
16216,LETTER SHAPE PENCIL SHARPENER,4048,354.04
16218,CARTOON  PENCIL SHARPENERS,4629,448.13
16219,HOUSE SHAPE PENCIL SHARPENER,3309,496.67
16225,RATTLE SNAKE EGGS,1520,1271.66
16235,RECYCLED PENCIL WITH RABBIT ERASER,5694,1306.02
16236,KITTY PENCIL ERASERS,2624,587.41
16237,SLEEPING CAT ERASERS,10294,2214.04
16238,PARTY TIME PENCIL ERASERS,2447,559.54
16239,BALLERINA HEART DECORATION.,347,492.17
16254,TRANSPARENT ACRYLIC TAPE DISPENSER,941,305.66
16259,PIECE OF CAMO STATIONERY SET,5339,751.99
17001,HEAVENS SCENT FRAGRANCE OILS ASSTD,1205,297.61
17003,BROCADE RING PURSE ,69629,14550.64
17021,NAMASTE SWAGAT INCENSE,3642,960.8399999999999
17033,"BROCADE PURSE,SMALL ARCH BUTTON",3244,857.4
17038,PORCELAIN BUDAH INCENSE HOLDER,2559,254.51000000000002
17039,INLAID WOOD INCENSE HOLDER,3707,837.88
17061,ASSORTED SHAPED STENCIL FOR HENNA,52,2.08
17096,ASSORTED LAQUERED INCENSE HOLDERS,6240,1117.0900000000001
17174,ASSTD RASTA KEY-CHAINS,36,15.120000000000001
17178,FLAT PALM T-LIGHT HOLDER,133,156.65
17181,CIRCLE OF FRIENDS CANDLE HOLDER,353,642.66
18007,ESSENTIAL BALM 3.5g TIN IN ENVELOPE,8996,923.22
18010,ASSORTED FRAGRANCE BATH CONFETTI,64,30.16
20615,BLUE POLKADOT PASSPORT COVER,321,506.96
20615,BLUE SPOTTY PASSPORT COVER,316,570.85
20616,CHERRY BLOSSOM PASSPORT COVER,283,449.26
20617,FIRST CLASS PASSPORT COVER ,498,992.99
20618,QUEEN OF THE SKIES PASSPORT COVER ,297,648.54
20619,TROPICAL PASSPORT COVER ,578,1014.42
20620,RED SPOTTY PASSPORT COVER,15,61.76
20621,ECONOMY PASSPORT COVER ,207,451.67
20622,VIP PASSPORT COVER ,43,94.04
20622,VIPPASSPORT COVER ,539,1033.55
20652,BLUE POLKADOT LUGGAGE TAG ,280,369.39
20652,BLUE SPOTTY LUGGAGE TAG ,1236,657.9
20653,CHERRY BLOSSOM LUGGAGE TAG,2004,528.77
20654,FIRST CLASS LUGGAGE TAG ,398,505.41
20655,QUEEN OF SKIES LUGGAGE TAG,414,608.48
20657,TROPICAL LUGGAGE TAG,1877,726.47
20658,RED RETROSPOT LUGGAGE TAG,572,851.06
20658,RED SPOTTY LUGGAGE TAG,976,1355.3
20659,ECONOMY LUGGAGE TAG,369,533.51
20660,VIP LUGGAGE TAG ,71,88.75
20661,BLUE POLKADOT PURSE ,85,250.66
20661,BLUE SPOTTY PURSE ,459,519.1
20662,FIRST CLASS HOLIDAY PURSE ,428,420.33000000000004
20663,QUEEN OF THE SKIES HOLIDAY PURSE ,571,275.56
20664,TROPICAL HOLIDAY PURSE ,57,155.41
20665,RED RETROSPOT PURSE ,598,1975.2200000000003
20665,RED SPOTTY PURSE ,705,2186.7200000000003
20666,ECONOMY HOLIDAY PURSE,511,344.45000000000005
20667,CHERRY BLOSSOM PURSE,40,108.69
20668,DISCO BALL CHRISTMAS DECORATION,20948,2454.52
20669,RED HEART LUGGAGE TAG,797,1111.89
20670,VIP HOLIDAY PURSE,382,292.45000000000005
20671,BLUE TEATIME PRINT BOWL ,786,1038.72
20672,PINK TEATIME PRINT BOWL,138,201.0
20673,STRAWBERRIES PRINT BOWL,5,6.25
20674,GREEN POLKADOT BOWL,1841,2376.52
20674,GREEN SPOTTY BOWL,1556,1953.44
20675,BLUE POLKADOT BOWL,3595,4585.83
20675,BLUE SPOTTY BOWL,2830,3432.19
20676,RED RETROSPOT BOWL,5750,7339.38
20676,RED SPOTTY BOWL,4588,5609.51
20677,PINK POLKADOT BOWL,4194,5431.820000000001
20677,PINK SPOTTY BOWL,3566,4348.93
20678,LARGE BLACK DIAMANTE HAIRSLIDE,4,6.6
20679,EDWARDIAN PARASOL RED,6131,29913.870000000003
20680,PINK FLOWERS CHILDS UMBRELLA,6,19.5
20681,PINK POLKADOT CHILDRENS UMBRELLA,401,1451.29
20681,PINK SPOTTY CHILDS UMBRELLA,973,3206.11
20682,RED RETROSPOT CHILDRENS UMBRELLA,1560,5299.5199999999995
20682,RED SPOTTY CHILDS UMBRELLA,1451,4693.04
20683,RAIN GIRL CHILDS UMBRELLA,1,3.25
20684,STRAWBERRY DREAM CHILDS UMBRELLA,568,1873.56
20685,DOOR MAT RED SPOT,2480,15853.44
20685,DOORMAT RED RETROSPOT,4960,34656.74
20685,DOORMAT RED SPOT,1086,7765.42
20685,RED SPOTTY COIR DOORMAT,1166,7509.34
20686,DOLLY MIXTURE CHILDREN'S UMBRELLA,582,1977.84
20688,BEAUTY SPEED EXPRESSO CUPS,464,332.9
20689,RETRO SISTERS EXPRESSO CUPS,417,590.7
20692,FLORAL ELEPHANT SOFT TOY,906,3674.26
20693,FLORAL DINOSAUR GREEN,32,157.64000000000001
20694,FLORAL PINK MONSTER,162,607.33
20695,FLORAL BLUE MONSTER,138,587.58
20696,FLORAL SOFT CAR TOY,151,617.9399999999999
20697,LITTLE GREEN MONSTER SOFT TOY,40,96.6
20698,LITTLE PINK MONSTER SOFT TOY,47,114.44999999999999
20699,MOUSEY LONG LEGS SOFT TOY,294,797.9599999999999
20700,GREEN CAT FLORAL CUSHION COVER ,418,1117.55
20701,PINK CAT FLORAL CUSHION COVER ,353,721.49
20702,PINK PADDED MOBILE,771,3249.95
20703,BLUE PADDED SOFT MOBILE,442,1870.22
20704,MR ROBOT SOFT TOY,357,1343.6200000000001
20705,MRS ROBOT SOFT TOY,272,994.24
20707,CRAZY DAISY HEART DECORATION,1606,1234.93
20711,JUMBO BAG TOYS ,12605,25648.82
20712,JUMBO BAG WOODLAND ANIMALS,17459,37051.76
20713,JUMBO BAG OWLS,20562,40218.07
20714,POSY SHOPPER BAG,1580,649.8199999999999
20715,LITTLE FLOWER SHOPPER BAG,0,0.0
20716,PARTY FOOD SHOPPER BAG,1522,1911.29
20717,STRAWBERRY SHOPPER BAG,6171,7630.23
20718,RED RETROSPOT SHOPPER BAG,6250,8638.77
20718,RED SPOTTY SHOPPER BAG,7045,8746.84
20719,WOODLAND CHARLOTTE BAG,24344,27491.6
20721,OWLS CHARLOTTE BAG,1,0.85
20723,STRAWBERRY CHARLOTTE BAG,18109,20243.27
20724,RED RETROSPOT CHARLOTTE BAG,20437,24786.04
20724,RED SPOTTY CHARLOTTE BAG,11439,10151.34
20725,LUNCH BAG RED RETROSPOT,21636,40152.62
20725,LUNCH BAG RED SPOTTY,17750,29569.92
20726,LUNCH BAG WOODLAND,21103,37008.79
20727,LUNCH BAG  BLACK SKULL.,25467,43876.32
20728,LUNCH BAG CARS BLUE,23456,40592.3
20729,RED SPOTTY CANDY BAG,5240,1750.62
20730,STRAWBERRY CANDY BAG,2207,997.95
20731,POSY CANDY BAG,4087,1194.62
20733,GOLD MINI TAPE MEASURE ,1627,1236.2
20734,SILVER MINI TAPE MEASURE ,1591,1469.77
20735,BLACK MINI TAPE MEASURE ,1515,1540.29
20736,PINK MINI TAPE MEASURE ,290,233.5
20737,RED MINI TAPE MEASURE ,1,1.7
20738,GREEN MINI TAPE MEASURE ,1610,1301.72
20739,*USB Office Glitter Lamp,1,8.65
20747,PICCADILLY TEA SET,679,9169.52
20748,KENSINGTON COFFEE SET,1600,14266.980000000001
20749,ASSORTED COLOUR MINI CASES,3049,21995.86
20750, RED/WHITE DOT MINI CASES,491,3696.59
20750,RED RETROSPOT MINI CASES,2049,14996.119999999999
20750,RED/WHITE DOT MINI CASES,1128,8029.32
20751,FUNKY WASHING UP GLOVES ASSORTED,2836,6016.960000000001
20752,BLUE POLKADOT WASHING UP GLOVES,533,1208.26
20752,RETRO BLUE SPOTTY WASHING UP GLOVES,964,1653.64
20753,RETRO PINK SPOT WASHING UP GLOVES,216,504.8
20754,RETRO RED SPOTTY WASHING UP GLOVES,3107,6193.1900000000005
20754,RETROSPOT RED WASHING UP GLOVES,1954,4185.33
20755,BLUE PAISLEY POCKET BOOK,5145,1089.73
20756,GREEN FERN POCKET BOOK,5728,851.5600000000001
20757,RED DAISY POCKET BOOK ,5347,890.7
20758,ABSTRACT CIRCLES POCKET BOOK,5424,952.5699999999999
20759,CHRYSANTHEMUM POCKET BOOK ,5777,891.13
20760,GARDEN PATH POCKET BOOK,5550,1313.66
20761,BLUE PAISLEY SKETCHBOOK,454,1407.46
20762,GREEN FERN SKETCHBOOK ,454,1328.79
20763,DAISY SKETCHBOOK ,263,687.86
20764,ABSTRACT CIRCLES SKETCHBOOK ,681,2119.76
20765,CHRYSANTHEMUM SKETCHBOOK ,437,1246.31
20766,GARDEN PATH SKETCHBOOK,514,1533.47
20767,BLUE PAISLEY JOURNAL ,805,1723.76
20768,GREEN FERN JOURNAL ,767,1534.19
20769,DAISY JOURNAL ,438,808.81
20770,ABSTRACT CIRCLE JOURNAL ,1035,2170.49
20771,CHRYSANTHEMUM  JOURNAL,600,1186.3799999999999
20772,GARDEN PATH JOURNAL,819,1528.4799999999998
20773,BLUE PAISLEY NOTEBOOK,3338,962.3299999999999
20774,GREEN FERN NOTEBOOK,3483,960.8299999999999
20775,DAISY NOTEBOOK ,3604,926.54
20776,ABSTRACT CIRCLES NOTEBOOK,3258,832.66
20777,CHRYSANTHEMUM NOTEBOOK,3657,1257.75
20778,GARDEN PATH NOTEBOOK ,3608,939.41
20779,PINK EAR MUFF HEADPHONES,-3,-14.790000000000001
20780,BLACK EAR MUFF HEADPHONES,230,1328.47
20781,GOLD EAR MUFF HEADPHONES,97,546.99
20782,CAMOUFLAGE EAR MUFF HEADPHONES,148,957.05
20783,HEART EAR MUFF HEADPHONES,161,1030.28
20784,RED RETRO BAR STOOL,100,3530.92
20785,FUSCHIA RETRO BAR STOOL,101,3632.4
20786,BLACK RETRO BAR STOOL,97,3454.0
20787,BLUE RETRO BAR STOOL,69,2535.1
20791,BLUE TILED SET OF 3 DRAWERS,0,0.0
20793,BLUE TILED TRAY,276,484.75
20794,BLUE  TILE HOOK,194,545.12
20795,LARGE BLUE PROVENCAL CERAMIC BALL,128,294.0
20796,SMALL BLUE PROVENCAL CERAMIC BALL,99,182.15999999999997
20798,CLEAR MILKSHAKE GLASS,475,1167.9
20799,PINK MILKSHAKE GLASS,192,325.87
20800,LARGE GLASS SUNDAE DISH CLEAR,1005,303.96
20801,LARGE PINK GLASS SUNDAE DISH,1060,1398.0
20802,SMALL GLASS SUNDAE DISH CLEAR,1003,1561.8899999999999
20803,SMALL PINK GLASS SUNDAE DISH,1075,836.0
20804,GLASS CHICKEN BUTTER DISH,277,509.71
20812,EMBOSSED FLOWER TRELLIS PHOTO FRAME,5,12.75
20814,SILVER FINCH DECORATION,176,192.64000000000001
20816,GOLD FLOWER CUSHION COVER ,19,89.85
20818,GOLD TEDDY BEAR,87,268.5
20819,SILVER TEDDY BEAR,228,631.49
20820,SILVER LOOKING MIRROR,11,54.45
20821,GOLDIE LOOKING MIRROR,28,217.12
20822,SILVER WINE GOBLET,0,0.0
20823,GOLD WINE GOBLET,249,515.11
20825,GOLD WINE GLASS,355,1232.58
20826,SILVER APERITIF GLASS,355,290.72
20827,GOLD APERITIF GLASS,173,209.36
20828,GLITTER BUTTERFLY CLIPS,4393,10863.98
20829,GLITTER HANGING BUTTERFLY STRING,3726,8023.06
20830,SILVER PHOTO FRAME,396,937.29
20831,GOLD PHOTO FRAME,468,915.36
20832,RED FLOCK LOVE HEART PHOTO FRAME,1673,1115.85
20833,SHAKER THROW  QUILTED,51,761.85
20835,FRENCH LATTICE CUSHION COVER ,80,87.02
20836,FRENCH PAISLEY CUSHION COVER,200,204.64
20837,FRENCH FLORAL CUSHION COVER ,165,188.07
20838,FRENCH LATTICE CUSHION COVER ,434,555.6
20839,FRENCH PAISLEY CUSHION COVER ,633,1018.11
20840,FRENCH FLORAL CUSHION COVER ,666,1053.2399999999998
20845,ZINC HEART LATTICE 2 WALL PLANTER,76,502.27
20846,ZINC HEART LATTICE T-LIGHT HOLDER,1453,1956.81
20847,ZINC HEART LATTICE CHARGER LARGE,79,326.73
20848,ZINC HEART LATTICE CHARGER SMALL,39,115.05000000000001
20849,ZINC HEART LATTICE DOUBLE PLANTER,674,593.03
20850,ZINC HEART LATTICE PLANTER BOWL,820,713.8000000000001
20851,ZINC HEART LATTICE TRAY OVAL ,333,417.67
20854,BLUE PATCH PURSE PINK HEART,426,686.62
20855,PINK PATCH PURSE BLUE HEART,141,232.64999999999998
20856,DENIM PATCH PURSE PINK BUTTERFLY,397,655.9399999999999
20857,BLUE ROSE PATCH PURSE PINK BUTTERFL,233,384.45
20858,SILVER PURSE GOLD PINK BUTTERFLY,4,6.6
20860,GOLD COSMETICS BAG WITH BUTTERFLY,20,42.0
20861,GOLD COSMETIC BAG PINK STAR,46,96.60000000000001
20862,PINK PATCH PENCIL CASE BLUE HEART,324,689.0400000000001
20863,BLUE PATCH PENCIL CASE PINK HEART,292,599.4300000000001
20864,DENIM PATCH PENCIL CASE BUTTERFLY,251,496.04
20865,PATCHWORK PENCIL CASE BUTTERFLY ,169,355.02
20866,BLUE ROSE FABRIC MIRROR,1160,1241.71
20867,PINK ROSE FABRIC MIRROR,1098,1093.14
20868,SILVER FABRIC MIRROR,882,518.07
20869,GOLD FABRIC MIRROR,529,295.12
20870,OPULENT VELVET CANDLE IN BOX,28,50.1
20871,OPULENT VELVET SET/3 CANDLES,1271,1973.8500000000001
20877,MODERN CHRISTMAS BAUBLE CANDLE ,12,5.04
20878,SET/9 CHRISTMAS T-LIGHTS SCENTED ,737,952.51
20879,TREE OF NOAH FESTIVE SCENTED CANDLE,-39,-133.8
20881,MODERN CHRISTMAS TREE CANDLE,3,2.55
20882,MODERN CHRISTMAS TREE CANDLE,3,8.850000000000001
20884,MODERN CHRISTMAS TREE CANDLE ,3,6.300000000000001
20885,BOX OF 3 PEBBLE CANDLES,0,0.0
20886,BOX OF 9 PEBBLE CANDLES,1771,3528.52
20887,BOX OF 6 PEBBLE CANDLES,18,118.39
20888,SET 3 JARDIN DE FEMME SCENT CANDLES,367,547.74
20889,JARDIN DE FEMME SCENTED CANDLE,657,398.03999999999996
20890,SMALL GLASS ROSE SCENTED CANDLE,605,202.62
20891,LARGE GLASS ROSE SCENTED CANDLE ,684,236.32999999999998
20892,SET/3 TALL GLASS CANDLE HOLDER PINK,81,889.1999999999999
20893,HANGING BAUBLE T-LIGHT HOLDER SMALL,448,1074.14
20894,HANGING BAUBLE T-LIGHT HOLDER LARGE,261,810.4000000000001
20895,VINTAGE NOTEBOOK FRENCH LETTER ,16,47.20000000000001
20896,VINTAGE NOTEBOOK PINK FLOWER,39,115.05000000000001
20897,VINTAGE NOTEBOOK PARIS DAYS,339,813.3000000000001
20898,VINTAGE NOTEBOOK TRAVELOGUE,321,676.22
20899,VINTAGE NOTEBOOK RED ROSE,44,129.8
20901,VINTAGE KEEPSAKE BOX PINK FLOWER,89,793.88
20902,VINTAGE KEEPSAKE BOX PARIS DAYS,206,1525.22
20903,VINTAGE KEEPSAKE BOX TRAVELOGUE,186,913.45
20905,VINTAGE KEEPSAKE BOX BEAUTY GIRL,10,63.5
20906,VINTAGE NOTEBOOK BEAUTY GIRL,101,368.24
20910,VINTAGE PHOTO ALBUM PARIS DAYS,106,769.12
20913,SET/5 BLUE SPOTTY LID GLASS BOWLS,314,898.7199999999999
20914,SET/5 RED RETROSPOT LID GLASS BOWLS,7848,22713.04
20914,SET/5 RED SPOTTY LID GLASS BOWLS,10422,28726.72
20931,BLUE POT PLANT CANDLE ,646,2150.52
20932,PINK POT PLANT CANDLE,316,1088.22
20933,YELLOW POT PLANT CANDLE,505,1329.4900000000002
20934,SET/3 POT PLANT CANDLES,177,1077.57
20935,ROUND CACTUS CANDLE,294,556.78
20936,FORKED CACTUS CANDLE,324,817.6400000000001
20939,ORANGE CANDLE,12,10.2
20940,SET/6 GARDEN GNOME T-LIGHT CANDLES,82,236.55
20941,FROG CANDLE,951,854.93
20942,SET/6 GINGERBREAD TREE T-LIGHTS,5,6.25
20943,SET/6 GINGERBREAD STAR T-LIGHTS,380,538.96
20950,SET/6  ANGEL T-LIGHTS WHITE/GOLD,687,353.39
20952,PORCELAIN CHERUB BELL SMALL,69,31.560000000000002
20953,PORCELAIN CHERUB BELL LARGE,33,54.449999999999996
20954,*USB Office Mirror Ball,3,25.590000000000003
20956,PORCELAIN T-LIGHT HOLDERS ASSORTED,2308,3046.32
20957,PORCELAIN HANGING BELL SMALL,125,183.16
20958,PORCELAIN HANGING BELL LARGE,38,70.5
20960,WATERMELON BATH SPONGE,1900,2550.84
20961,STRAWBERRY BATH SPONGE ,3459,4598.9
20963,APPLE BATH SPONGE,3449,4663.65
20964,POLYESTER FILLER PAD 60x40cm,20,50.99999999999999
20966,SANDWICH BATH SPONGE,3006,4263.99
20967,GREY FLORAL FELTCRAFT SHOULDER BAG,1035,3922.34
20968,GREEN FLORAL FELTCRAFT SHOULDER BAG,43,185.11
20969,RED FLORAL FELTCRAFT SHOULDER BAG,3092,11574.61
20970,PINK FLORAL FELTCRAFT SHOULDER BAG,2487,9376.04
20971,PINK BLUE FELT CRAFT TRINKET BOX,19689,25841.65
20972,PINK CREAM FELT CRAFT TRINKET BOX ,18999,23231.920000000002
20973,12 PENCIL SMALL TUBE WOODLAND,9856,6769.400000000001
20974,12 PENCILS SMALL TUBE SKULL,12607,8288.74
20975,12 PENCILS SMALL TUBE RED RETROSPOT,9704,6461.88
20975,12 PENCILS SMALL TUBE RED SPOTTY,6912,4528.4800000000005
20976,12 PENCILS SMALL TUBE POSY,549,376.34000000000003
20977,36 PENCILS TUBE WOODLAND,3716,4974.99
20978,36 PENCILS TUBE SKULLS,4099,5416.07
20979,36 PENCILS TUBE RED RETROSPOT,4551,5757.2
20979,36 PENCILS TUBE RED SPOTTY,3215,4051.43
20980,36 PENCILS TUBE POSY,224,271.06
20981,12 PENCILS TALL TUBE WOODLAND,4639,4002.0099999999998
20982,12 PENCILS TALL TUBE SKULLS,4822,4219.15
20983,12 PENCILS TALL TUBE RED RETROSPOT,3903,3378.87
20983,12 PENCILS TALL TUBE RED SPOTTY,2346,2063.8599999999997
20984,12 PENCILS TALL TUBE POSY,5651,1896.1999999999998
20985,HEART CALCULATOR,2326,2993.56
20986,BLUE CALCULATOR RULER,1217,1530.95
20987,GEISHA GIRL CHOPSTICKS SET/5,131,288.35
20988,TRELLIS FLOWER CHOPSTICKS SET/5,24,46.8
20989,URBAN CHIC CHOPSTICKS SET/5,405,778.28
20990,SPRING FLOWER CHOPSTICKS SET/5,894,1704.19
20991,JAZZ HEARTS MAGNETIC MEMO PAD,7084,884.5600000000002
20992,JAZZ HEARTS PURSE NOTEBOOK,6151,3220.4
20993,JAZZ HEARTS MEMO PAD,10967,1334.1100000000001
20994,JAZZ HEARTS SPIRAL NOTEPAD,47,39.949999999999996
20996,JAZZ HEARTS ADDRESS BOOK,6297,1680.91
20997,ROSE DU SUD CUSHION COVER ,170,796.74
20998,ROSE DU SUD OVEN GLOVE,324,942.2600000000001
21000,ROSE DU SUD COSMETICS BAG,690,1744.98
21001,ROSE DU SUD WASHBAG ,141,717.8000000000001
21002,ROSE DU SUD DRAWSTRING BAG,417,1507.22
21003,ROSE DU SUD CUSHION COVER,109,647.75
21004,ROSE DU SUD CHILDRENS APRON,31,135.93
21004,ROSE DU SUD CHILDS APRON,106,489.14
21007,ETCHED GLASS DROPLET DECORATION,1927,914.6700000000001
21008,ETCHED GLASS HEART TREE DECORATION,1,2.51
21009,ETCHED GLASS STAR TREE DECORATION,1032,1476.24
21010,ETCHED GLASS BIRD TREE DECORATION,838,1099.76
21011,GLITTER SNOW PEAR TREE DECORATION,1837,1369.45
21012,ANTIQUE ALL GLASS CANDLESTICK,2292,4283.2
21014,SWISS CHALET TREE DECORATION ,1849,927.3699999999999
21015,DARK BIRD HOUSE TREE DECORATION,1696,770.5699999999999
21016,LIGHT BIRD HOUSE TREE DECORATION,830,581.17
21017,RED BIRD HOUSE TREE DECORATION,659,535.89
21018,BIRD BOX CHRISTMAS TREE DECORATION,213,182.70999999999998
21025,SPACE FROG,300,396.12
21026,SPACE OWL,549,716.73
21027,NINJA RABBIT PINK,355,433.61
21028,NINJA RABBIT BLACK,323,423.9
21030,SPACE CADET RED,239,290.9
21031,SPACE CADET BLACK,143,175.45
21032,SPACE CADET WHITE,200,248.41
21033,JUMBO BAG CHARLIE AND LOLA TOYS,4579,10100.82
21034,REX CASH+CARRY JUMBO SHOPPER,3974,3775.2999999999997
21035,SET/2 RED RETROSPOT TEA TOWELS ,3130,10119.46
21035,SET/2 RED SPOTTY TEA TOWELS ,2657,7954.67
21036,SET/2 TEA TOWELS MODERN VINTAGE,1,2.55
21038,SET/4 MODERN VINTAGE COTTON NAPKINS,164,349.58000000000004
21039,RED RETROSPOT SHOPPING BAG,615,1595.01
21039,RED SPOTTY SHOPPING BAG,682,1787.84
21040,MODERN VINTAGE COTTON SHOPPING BAG,894,1125.85
21041,RED RETROSPOT OVEN GLOVE DOUBLE,1373,5307.51
21041,RED SPOTTY OVEN GLOVE DOUBLE,1280,3703.4300000000003
21042,RED RETROSPOT APRON ,673,4044.8
21042,RED SPOTTY APRON ,782,4566.71
21043,APRON MODERN VINTAGE COTTON,674,1903.18
21051,RIBBONS PURSE ,748,1473.5600000000002
21053,ZINC HEART HANGER WITH HOOKS,-1,-4.25
21054,NURSE'S BAG SOFT TOY,380,3520.1
21055,TOOL BOX SOFT TOY ,379,3776.4399999999996
21056,DOCTOR'S BAG SOFT TOY,463,4267.429999999999
21058,PARTY INVITES WOODLAND,2384,2045.3899999999999
21059,PARTY INVITES DINOSAURS,1572,1328.1599999999999
21060,PARTY INVITES BALLOON GIRL,1276,952.55
21061,PARTY INVITES FOOTBALL,1384,1036.36
21062,PARTY INVITES SPACEMAN,1053,875.87
21063,PARTY INVITES JAZZ HEARTS,1452,1252.87
21064,BOOM BOX SPEAKER BOYS,875,4379.37
21065,BOOM BOX SPEAKER GIRLS,601,1415.45
21066,VINTAGE RED MUG,2272,1479.67
21067,VINTAGE RED TEATIME MUG,4727,3790.91
21068,VINTAGE BILLBOARD LOVE/HATE MUG,3977,4126.3
21069,VINTAGE BILLBOARD TEA MUG,4373,4633.47
21070,VINTAGE BILLBOARD MUG ,2004,2050.14
21071,VINTAGE BILLBOARD DRINK ME MUG,4257,4984.65
21076,SET/20 COLLAGE PAPER NAPKIN ,842,713.6999999999999
21077,SET/20 WOODLAND PAPER NAPKINS ,2790,2058.1
21078,SET/20 STRAWBERRY PAPER NAPKINS ,7209,6179.549999999999
21080,SET/20 RED RETROSPOT PAPER NAPKINS ,15366,13212.84
21080,SET/20 RED SPOTTY PAPER NAPKINS ,15057,11770.42
21081,SET/20 POSIES PAPER NAPKINS,4,3.4
21082,SET/20 FRUIT SALAD PAPER NAPKINS ,4109,1436.51
21084,SET/6 COLLAGE PAPER CUPS,2905,1004.25
21085,SET/6 WOODLAND PAPER CUPS,13731,1872.68
21086,SET/6 RED SPOTTY PAPER CUPS,15866,10359.17
21087,SET/6 POSIES PAPER CUPS,260,168.08
21088,SET/6 FRUIT SALAD PAPER CUPS,9475,1244.21
21089,SET/6 GREEN SPRING PAPER CUPS,323,112.54
21090,SET/6 COLLAGE PAPER PLATES,3071,1715.05
21091,SET/6 WOODLAND PAPER PLATES,13700,1868.7
21092,SET/6 STRAWBERRY PAPER PLATES,12822,1551.1
21094,SET/6 RED SPOTTY PAPER PLATES,18871,14838.789999999999
21095,SET/6 POSIES PAPER PLATES,295,274.57
21096,SET/6 FRUIT SALAD  PAPER PLATES,8911,1800.67
21097,SET/6 GREEN SPRING  PAPER PLATE,32,27.2
21098,CHRISTMAS TOILET ROLL,8318,13017.54
21099,SET/6 STRAWBERRY PAPER CUPS,13170,1438.64
21100,CHARLIE AND LOLA CHARLOTTE BAG,2536,3788.4
21102,"CANDLE IN JAR COLLAGE , VANILLA",51,142.03
21106,CREAM SLICE FLANNEL CHOCOLATE SPOT ,790,2419.6800000000003
21107,CREAM SLICE FLANNEL PINK SPOT ,2302,6624.77
21108,FAIRY CAKE FLANNEL ASSORTED COLOUR,9803,18792.9
21109,LARGE CAKE TOWEL CHOCOLATE SPOTS,925,2661.67
21109,"LARGE CAKE TOWEL, CHOCOLATE SPOTS",246,1801.32
21110,LARGE CAKE TOWEL PINK SPOTS,1634,7690.47
21111,"SWISS ROLL TOWEL, CHOCOLATE  SPOTS",1372,3166.51
21112,SWISS ROLL TOWEL PINK  SPOTS,706,1913.6899999999998
21112,"SWISS ROLL TOWEL, PINK  SPOTS",1318,3063.2700000000004
21114,LAVENDER SCENTED FABRIC HEART,5606,7231.14
21115,ROSE CARAVAN DOORSTOP,1246,7949.09
21116,OWL DOORSTOP,1354,7895.06
21117,BLOND DOLL DOORSTOP,328,502.08
21118,SHOPPING BAG DOORSTOP,69,104.25
21119,Glow In The Dark Shot Glasses ,3,41.01
21120,*Boombox Ipod Classic,1,16.98
21121,SET/10 RED POLKADOT PARTY CANDLES,8558,10331.93
21121,SET/10 RED SPOTTY PARTY CANDLES,6487,7898.27
21122,SET/10 PINK POLKADOT PARTY CANDLES,6470,7871.37
21122,SET/10 PINK SPOTTY PARTY CANDLES,5666,6882.16
21123,SET/10 IVORY POLKADOT PARTY CANDLES,1442,1754.59
21123,SET/10 IVORY SPOTTY PARTY CANDLES,1261,1578.47
21124,SET/10 BLUE POLKADOT PARTY CANDLES,5079,6144.59
21124,SET/10 BLUE SPOTTY PARTY CANDLES,4901,5966.95
21125,SET 6 FOOTBALL CELEBRATION CANDLES,2108,2192.63
21126,SET OF 6 GIRLS CELEBRATION CANDLES,2311,2331.72
21127,COLOURFUL FISHING GNOME,296,992.08
21128,GOLD FISHING GNOME,126,841.63
21129,SILVER FISHING GNOME ,121,928.59
21130,COLOURFUL STANDING GNOME,720,1197.48
21131,GOLD STANDING GNOME,276,1098.86
21132,SILVER STANDING GNOME   ,93,476.61
21133,PAINTED BIRD ASSORTED CHRISTMAS,410,712.91
21134,VICTORIAN METAL POSTCARD CHRISTMAS,377,646.4399999999999
21135,VICTORIAN  METAL POSTCARD SPRING,5657,8384.44
21136,PAINTED METAL PEARS ASSORTED,10271,17122.079999999998
21137,BLACK RECORD COVER FRAME,18716,65107.0
21143,ANTIQUE GLASS HEART DECORATION ,2069,4112.099999999999
21144,PINK POODLE HANGING DECORATION ,531,282.91
21145,ANTIQUE GLASS PLACE SETTING,856,1239.96
21146,ANTIQUE GLASS RIDGED HANGING BALL,787,1509.77
21147,JINGLE BELLS TREE DECORATION,475,866.28
21153,RED SPOTTY TABLECLOTH ,391,4273.39
21154,RED RETROSPOT OVEN GLOVE ,5066,7688.33
21154,RED SPOTTY OVEN GLOVE ,2806,3765.87
21155,RED RETROSPOT PEG BAG,3764,10547.5
21155,RED SPOTTY PEG BAG,2638,5232.900000000001
21156,RED SPOTTY CHILDS APRON,2504,4674.33
21156,RETROSPOT CHILDRENS APRON,6560,12185.6
21157,RED RETROSPOT WASHBAG,103,296.99
21157,RED SPOTTY WASHBAG,580,1307.3600000000001
21158,MOODY GIRL DOOR HANGER ,2490,1754.49
21159,MOODY BOY  DOOR HANGER ,2028,1410.76
21160,KEEP OUT GIRLS DOOR HANGER ,720,527.23
21161,KEEP OUT BOYS DOOR HANGER ,2274,1758.3899999999999
21162,TOXIC AREA  DOOR HANGER ,2318,1611.12
21163,DO NOT TOUCH MY STUFF DOOR HANGER ,2715,1711.9099999999999
21164,HOME SWEET HOME METAL SIGN ,5959,16561.510000000002
21165,BEWARE OF THE CAT METAL SIGN ,9309,15084.789999999999
21166,COOK WITH WINE METAL SIGN ,19374,37171.63
21167,WHITE SAGE INCENSE,2390,577.02
21169,YOU'RE CONFUSING ME METAL SIGN ,8823,14208.039999999999
21171,BATHROOM METAL SIGN ,1845,2578.27
21172,PARTY METAL SIGN ,7608,11271.31
21173,LOO ROLL  METAL SIGN ,328,588.16
21174,POTTERING IN THE SHED METAL SIGN,9692,19586.01
21175,GIN + TONIC DIET METAL SIGN,18143,38828.4
21175,GIN AND TONIC DIET METAL SIGN,498,1237.5
21179,NO JUNK MAIL METAL SIGN,4272,3513.22
21181,PLEASE ONE PERSON  METAL SIGN,1866,3865.9700000000003
21181,PLEASE ONE PERSON METAL SIGN,22752,46025.270000000004
21185, HOME SWEET HOME  BLACKBOARD,123,819.1399999999999
21185,HOME SWEET HOME  BLACKBOARD,2,12.7
21186,WHITE DOVE HONEYCOMB PAPER GARLAND,5262,8517.67
21187,WHITE BELL HONEYCOMB PAPER GARLAND ,1344,2243.7799999999997
21188,3D HEARTS  HONEYCOMB PAPER GARLAND,877,2681.69
21189,WHITE HONEYCOMB PAPER GARLAND ,797,1698.8799999999999
21190,PINK HEARTS PAPER GARLAND,729,1225.9399999999998
21191,LARGE WHITE HONEYCOMB PAPER BELL  ,1479,3408.61
21192,WHITE BELL HONEYCOMB PAPER ,2119,3816.0399999999995
21193,WHITE HONEYCOMB PAPER FAN ,111,274.37
21194,PINK  HONEYCOMB PAPER FAN,568,745.0
21195,PINK  HONEYCOMB PAPER BALL ,997,2122.66
21196,ROUND WHITE CONFETTI IN TUBE,178,306.89
21197,MULTICOLOUR  CONFETTI IN TUBE,432,627.16
21198,WHITE HEART CONFETTI IN TUBE,1207,1407.59
21199,PINK  HEART CONFETTI IN TUBE,1257,1475.54
21200,MULTICOLOUR HONEYCOMB PAPER GARLAND,1393,2024.56
21201,TROPICAL  HONEYCOMB PAPER GARLAND ,2728,6484.01
21202,DOLLY HONEYCOMB GARLAND,803,1028.9299999999998
21203,BUTTERFLIES  HONEYCOMB GARLAND,1490,2455.7499999999995
21204,DAISIES  HONEYCOMB GARLAND ,1559,2611.74
21205,MULTICOLOUR 3D BALLS GARLAND,648,1693.4199999999998
21206,STRAWBERRY HONEYCOMB  GARLAND ,2144,3049.7499999999995
21207,SKULL AND CROSSBONES  GARLAND ,3112,4888.169999999999
21208,PASTEL COLOUR HONEYCOMB FAN,1036,959.27
21209,MULTICOLOUR HONEYCOMB FAN,1439,1330.01
21210,SET OF 72 RETRO SPOT PAPER  DOILIES,7664,10939.25
21210,SET OF 72 RETROSPOT PAPER  DOILIES,7303,10590.39
21211,SET OF 72 SKULL PAPER  DOILIES,2393,3348.24
21212,PACK OF 72 RETRO SPOT CAKE CASES,46079,23744.41
21212,PACK OF 72 RETROSPOT CAKE CASES,47695,27531.08
21213,PACK OF 72 SKULL CAKE CASES,40174,21341.81
21214,SET OF 72 IVORY PAPER DOILIES,2005,2919.37
21215, IVORY PAPER CUP CAKE CASES ,1153,530.16
21215,IVORY PAPER CUP CAKE CASES ,3154,1986.0800000000002
21216,"SET 3 RED SPOT TIN TEA,COFFEE,SUGAR",1495,7380.04
21216,"SET 3 RETROSPOT TEA,COFFEE,SUGAR",2366,12677.21
21217,RED RETROSPOT ROUND CAKE TINS,1400,14924.199999999999
21217,RED SPOTTY ROUND CAKE TINS,1454,14360.539999999999
21218,RED SPOTTY BISCUIT TIN,5177,20523.06
21219,SET/4 BADGES BALLOON GIRL,1003,1290.77
21220,SET/4 BADGES DOGS,659,888.68
21221,SET/4 BADGES CUTE CREATURES,535,709.66
21222,SET/4 BADGES BEETLES,621,804.65
21223,SET/4 BADGES WOODLAND ANIMAL,492,587.08
21224,SET/4 SKULL BADGES,2149,2664.41
21225,POCKET MIRROR BUTTERFLY ,2,2.5
21226,POCKET MIRROR WOODLAND,213,230.54999999999998
21228,"POCKET MIRROR ""GLAMOROUS""",97,122.57
21231,SWEETHEART CERAMIC TRINKET BOX,19105,23739.93
21232,STRAWBERRY CERAMIC TRINKET BOX,35846,46246.76
21232,STRAWBERRY CERAMIC TRINKET POT,1347,2103.7200000000003
21238,RED RETROSPOT CUP,4666,4109.5599999999995
21238,RED SPOTTY CUP,4662,3928.0499999999997
21239,PINK  POLKADOT CUP,3652,3264.85
21239,PINK  SPOTTY CUP,3665,3129.47
21240,BLUE  SPOTTY CUP,3389,2876.62
21240,BLUE POLKADOT CUP,4147,3621.13
21241,GREEN POLKADOT CUP,111,94.35
21241,GREEN SPOTTY CUP,2101,1773.87
21242,RED RETROSPOT PLATE ,3699,6333.69
21242,RED SPOTTY PLATE ,3344,5513.0599999999995
21243,PINK  POLKADOT PLATE ,2544,4251.53
21243,PINK  SPOTTY PLATE ,2856,4631.57
21243,PINK POLKADOT PLATE ,220,377.56
21244,BLUE  SPOTTY PLATE ,2398,3849.49
21244,BLUE POLKADOT PLATE ,2624,4390.71
21245,GREEN  SPOTTY PLATE ,1308,2155.17
21245,GREEN POLKADOT PLATE ,1255,2106.43
21246,RED RETROSPOT BIG BOWL,324,1524.88
21246,RED SPOTTY BIG BOWL,417,2121.15
21247,SET OF RED SALAD SERVERS ,422,664.73
21248,DOOR HANGER  MUM + DADS ROOM,967,1266.3899999999999
21249,WOOD ANIMALS HEIGHT CHART STICKERS ,6,17.700000000000003
21249,WOODLAND  HEIGHT CHART STICKERS ,1639,4706.43
21250,SET OF SKULL WALL STICKERS,402,997.5500000000001
21251,DINOSAUR HEIGHT CHART STICKER SET,595,1683.93
21252,SET OF MEADOW  FLOWER STICKERS,168,408.66
21253,SET OF PICTURE FRAME  STICKERS,332,1225.17
21254,SET OF KITCHEN WALL  STICKERS,-4,-11.8
21255,"FRENCH BOTTLE , LAVENDER",463,838.6299999999999
21256,"FRENCH BOTTLE, BRASSERIE DES ARTIST",326,588.64
21257,VICTORIAN SEWING BOX MEDIUM,1522,13763.18
21258,VICTORIAN SEWING BOX LARGE,1384,20026.41
21259,VICTORIAN SEWING BOX SMALL ,2266,13688.27
21260,FIRST AID TIN,3451,11367.18
21261,GREEN GOOSE FEATHER CHRISTMAS TREE ,283,1146.1200000000001
21262,WHITE GOOSE FEATHER CHRISTMAS TREE ,595,2277.57
21263,GREEN GOOSE FEATHER TREE 60CM,297,654.39
21264,WHITE GOOSE FEATHER TREE 60CM ,383,902.25
21265,PINK GOOSE FEATHER TREE 60CM,301,650.59
21266,VINTAGE SILVER TINSEL REEL,23,98.9
21267,VINTAGE PINK TINSEL REEL ,24,74.6
21268,VINTAGE BLUE TINSEL REEL,397,261.66
21269,ANTIQUE CREAM CUTLERY SHELF ,114,1036.84
21270,ANTIQUE CREAM CUTLERY CUPBOARD,76,874.43
21272,SALLE DE BAIN HOOK,2335,3093.58
21274,EMBOSSED HEART 3 DRAWER SHELF,174,2407.94
21275,ZINC TOP  2 DOOR WOODEN SHELF ,238,1576.03
21276,TWO EMBOSSED HEART MINI DRAWERS,661,1482.74
21277,FRENCH STYLE EMBOSSED HEART CABINET,50,1221.59
21278,VINTAGE KITCHEN PRINT PUDDINGS,1550,1334.05
21279,VINTAGE KITCHEN PRINT FRUITS,1888,1195.98
21280,VINTAGE KITCHEN PRINT VEGETABLES,2085,1488.44
21281,VINTAGE KITCHEN PRINT SEAFOOD,2144,1332.8
21282,NATURAL BARK CANDLE LARGE,344,1471.28
21283,NATURAL BARK CANDLE SMALL,500,1590.2
21284,RETRO SPOT CANDLE  SMALL,396,724.47
21284,RETROSPOT CANDLE  SMALL,1103,893.61
21285,RETRO SPOT CANDLE  MEDIUM,263,566.22
21285,RETROSPOT CANDLE  MEDIUM,696,730.4000000000001
21286,RETRO SPOT CANDLE  LARGE,283,758.66
21286,RETROSPOT CANDLE  LARGE,711,833.75
21287,SCENTED VELVET LOUNGE CANDLE ,4107,1860.0
21288,STRIPEY CHOCOLATE NESTING BOXES,957,2493.32
21289,LARGE STRIPES CHOCOLATE GIFT BAG,1393,1524.31
21290,LARGE SPOTTY CHOCOLATE GIFT BAG,2,2.5
21291,SMALL POLKADOT CHOCOLATE GIFT BAG ,1304,1130.54
21291,SMALL SPOTTY CHOCOLATE GIFT BAG ,1040,890.4399999999999
21292,SMALL STRIPES CHOCOLATE GIFT BAG ,2433,1413.51
21293,MIRRORED DOVE WALL DECORATION,341,868.1400000000001
21294,ETCHED GLASS COASTER,2246,1653.75
21298,EDWARDIAN 2 DRAWER WALL CABINET ,46,656.1
21299,EDWARDIAN TOILET ROLL UNIT ,162,932.95
21300,ANTIQUE EDWARDIAN DRESSER,43,714.2
21303,FILIGREE WALL MIRROR  ANTIQUE WHITE,85,909.09
21304,ARCHED GREY MIRROR,86,591.58
21306,SET/4 DAISY MIRROR MAGNETS,662,335.48
21307,SET/4 BUTTERFLY MIRROR MAGNETS,748,647.97
21308,LOUVRE VANITY MIRROR,130,690.0
21309,LOUVRE CHALKBOARD,48,315.65
21310,CAPIZ CHANDELIER,5,149.75
21311,SET/4 BIRD MIRROR MAGNETS ,674,531.84
21312,LARGE CHUNKY GLASS ROMAN BOWL,286,1153.8200000000002
21313,GLASS HEART T-LIGHT HOLDER ,6553,5660.96
21314,SMALL GLASS HEART TRINKET POT,10198,22344.59
21315,LARGE GLASS HEART TRINKET POT,-4,-17.0
21316,SMALL CHUNKY GLASS ROMAN  BOWL,691,1140.21
21317,GLASS SPHERE CANDLE STAND MEDIUM,354,1437.55
21318,GLASS CHALICE BLUE SMALL ,940,860.3599999999999
21319,GLASS CHALICE GREEN  SMALL ,469,686.66
21320,GLASS CHALICE GREEN  LARGE ,376,860.84
21321,GLASS CHALICE BLUE  LARGE ,107,267.59999999999997
21322,GLASS SPHERE CANDLE STAND LARGE ,301,590.45
21323,HANGING MEDINA LANTERN LARGE,737,2494.14
21324,HANGING MEDINA LANTERN SMALL,960,2705.61
21326,AGED GLASS SILVER T-LIGHT HOLDER,17668,11527.560000000001
21327,SKULLS WRITING SET ,1926,3378.5099999999998
21328,BALLOONS  WRITING SET ,2441,4612.63
21329,DINOSAURS  WRITING SET ,2062,3727.66
21330,WOODLAND ANIMAL  WRITING SET ,1443,2439.22
21331,MOROCCAN BEATEN METAL DISH LARGE,107,908.4300000000001
21332,MOROCCAN BEATEN METAL MIRROR,249,1534.42
21333,CLASSIC WHITE FRAME,1039,3133.07
21335,LIBRARY LAMP,38,904.8199999999999
21336,GOLD WASHBAG,958,412.29
21337,SILVER WASHBAG,33,103.53000000000002
21338,MARAKESH LANTERN SMALL ,199,873.25
21339,MARAKESH LANTERN LARGE,30,544.5
21340,CLASSIC METAL BIRDCAGE PLANT HOLDER,1696,18524.03
21341,KASBAH LANTERN WITH GLASS ,72,410.64000000000004
21343,GOLD JEWELERY BOX,18,58.10000000000001
21344,MOROCCAN BEATEN METAL DISH,161,712.07
21346,LARGE SILVER BALUSTRADE CANDLESTICK,-1,-5.95
21347,GOTHIC CARRIAGE LANTERN,8,47.6
21348,PINK SPOTS CHOCOLATE NESTING BOXES ,811,1976.5900000000001
21349,IVY HEART WREATH,545,3956.73
21350,GINGHAM HEART WREATH,223,641.85
21351,CINAMMON & ORANGE WREATH,1074,3610.8
21352,EUCALYPTUS & PINECONE  WREATH,869,3036.03
21353,SILVER SLEIGHBELL  WREATH,19,160.45
21354,TOAST ITS - BEST MUM,2476,2979.46
21355,TOAST ITS - I LOVE YOU ,3404,4158.05
21356,TOAST ITS - FAIRY FLOWER,1591,2012.9099999999999
21357,TOAST ITS - DINOSAUR,1340,1767.76
21358,TOAST ITS - HAPPY BIRTHDAY,1128,1397.46
21359,RELAX LARGE WOOD LETTERS,204,2076.68
21360,JOY LARGE WOOD LETTERS,439,2770.5099999999998
21361,LOVE LARGE WOOD LETTERS ,540,7159.54
21363,HOME SMALL WOOD LETTERS,965,5203.83
21364,PEACE SMALL WOOD LETTERS,466,3394.2200000000003
21365,MIRRORED WALL ART STARS,469,707.9200000000001
21366,MIRRORED WALL ART PHOTO FRAMES,238,1140.0
21367,MIRRORED WALL ART GENTS,211,278.47999999999996
21368,MIRRORED WALL ART LADIES,201,212.04
21369,MIRRORED WALL ART SPLODGES,133,225.36
21370,MIRRORED WALL ART FOXY,54,251.97
21371,MIRRORED WALL ART POPPIES,404,556.01
21372,MIRRORED WALL ART TABLE LAMP,156,267.01
21373,MIRRORED WALL ART SNOWFLAKES,624,539.89
21374,MIRRORED WALL ART SKULLS,470,809.67
21375,LARGE CAMPHOR WOOD FIELD MUSHROOM ,134,817.6
21376,LARGE  TALL CAMPHOR WOOD TOADSTOOL ,183,849.91
21377,SMALL CAMPHOR WOOD FIELD  MUSHROOM,494,723.36
21378,SMALL TALL CAMPHOR WOOD TOADSTOOL,560,728.9699999999999
21379, CAMPHOR WOOD PORTOBELLO MUSHROOM,70,122.36
21379,CAMPHOR WOOD PORTOBELLO MUSHROOM,571,583.1
21380,WOODEN HAPPY BIRTHDAY GARLAND,4449,12991.62
21381,MINI WOODEN HAPPY BIRTHDAY GARLAND,4501,7618.29
21382,SET/4 SPRING FLOWER DECORATION,1230,1659.66
21383,PACK OF 12 STICKY BUNNIES,2142,1550.13
21384,IVORY HANGING DECORATION  BUTTERFLY,1917,1810.1899999999998
21385,IVORY HANGING DECORATION  HEART,10826,9353.84
21386,IVORY HANGING DECORATION  EGG,1148,680.78
21387,IVORY HANGING DECORATION  RABBIT,25,21.25
21388,IVORY HANGING DECORATION  CHICKEN,311,290.16999999999996
21389,IVORY HANGING DECORATION  BIRD,2269,1982.59
21390,FILIGRIS HEART WITH BUTTERFLY,10862,13459.22
21391,FRENCH EMROIDR LAVENDER SCENT HEART,341,741.6
21391,FRENCH LAVENDER SCENT HEART,1073,1063.99
21392,RED POLKADOT PUDDING BOWL,69,134.66
21392,RED SPOTTY PUDDING BOWL,3826,865.03
21393,BLUE  SPOTTY PUDDING BOWL,2676,717.25
21393,BLUE POLKADOT PUDDING BOWL,69,124.78000000000002
21394,RED POLKADOT BEAKER ,3898,1690.3
21394,RED SPOTTY BEAKER ,85,165.75
21395,BLUE POLKADOT BEAKER ,2846,1170.26
21395,BLUE SPOTTY BEAKER ,102,207.94
21396,RED SPOTTY EGG CUP ,943,1199.0
21397,BLUE  SPOTTY EGG CUP ,982,1323.3600000000001
21397,BLUE POLKADOT EGG CUP ,1163,679.38
21398,RED  SPOTTY COFFEE  MUG,708,1363.5900000000001
21398,RED POLKADOT COFFEE  MUG,1585,864.11
21399,BLUE  SPOTTY  COFFEE MUG,240,493.88000000000005
21399,BLUE POLKADOT COFFEE MUG,2026,1011.17
21400,RED PUDDING SPOON,1066,208.03
21401,BLUE PUDDING SPOON,1437,315.7
21402,RED  EGG  SPOON,1697,333.0
21403,BLUE EGG  SPOON,2319,523.0699999999999
21406,SPOTTY CAT DOORSTOP ,1,8.65
21407,BROWN CHECK CAT DOORSTOP ,1292,5874.83
21408,SPOTTY PINK DUCK DOORSTOP,698,3024.06
21409,SPOTTY COCKEREL DOORSTOP,1,4.25
21410,COUNTRY COTTAGE  DOORSTOP GREEN,311,1454.03
21411,GINGHAM HEART  DOORSTOP RED,2082,8318.94
21412,VINTAGE GOLD TINSEL REEL,266,275.21999999999997
21413,PERIWINKLE T-LIGHT HOLDER,3162,1131.14
21414,SCALLOP SHELL SOAP DISH,1636,868.79
21415,CLAM SHELL SMALL ,348,726.1600000000001
21416,CLAM SHELL LARGE,751,603.0600000000001
21417,COCKLE SHELL DISH,477,971.4000000000001
21418,STARFISH SOAP DISH,191,526.1899999999999
21419,CONCH SHELL,1259,577.6899999999999
21420,OYSTER TRINKET BOX,120,332.16
21421,PORCELAIN ROSE LARGE ,1786,2136.98
21422,PORCELAIN ROSE SMALL,3156,2615.77
21424,WOODLAND STORAGE BOX LARGE ,897,2709.7400000000002
21425,SKULLS STORAGE BOX LARGE,474,1183.48
21426,WOODLAND STORAGE BOX SMALL,924,1485.67
21427,SKULLS STORAGE BOX SMALL,491,965.46
21428,SET3 BOOK BOX GREEN GINGHAM FLOWER ,2841,11596.93
21429,RED GINGHAM ROSE JEWELLERY BOX,6289,11221.949999999999
21430,SET/3 RED GINGHAM ROSE STORAGE BOX,4559,17822.19
21431,GREEN GINGHAM FLOWER JEWELLERY BOX,1481,2508.06
21432,SET OF 3 CASES WOODLAND DESIGN,919,5306.56
21437,24 HANGING EASTER EGGS FLORAL TUB,672,2332.17
21438,TUB 24 HANGING EASTER EGGS SPOTTY,369,1214.8200000000002
21439,BASKET OF TOADSTOOLS,1851,2405.06
21440,12 MINI TOADSTOOL PEGS,470,595.06
21441,BLUE BIRDHOUSE DECORATION,928,655.4599999999999
21442,GREEN BIRDHOUSE DECORATION,973,704.9699999999999
21443,OLIVE CHALET BIRDFEEDER,251,705.4300000000001
21444,BLUE CHALET BIRDFEEDER,290,898.2800000000001
21445,12 PINK ROSE PEG PLACE SETTINGS,1507,1872.23
21446,12 RED ROSE PEG PLACE SETTINGS,1258,1669.83
21447,12 IVORY ROSE PEG PLACE SETTINGS,2775,3841.38
21448,12 DAISY PEGS IN WOOD BOX,955,1640.1699999999998
21450,DISTRESSED CANDLE STICK WHITE,3,17.849999999999998
21452,TOADSTOOL MONEY BOX,1832,5607.280000000001
21454,PAINTED PINK RABBIT ,925,797.4
21455,PAINTED YELLOW WOODEN DAISY,884,782.8199999999999
21456,2 PICTURE BOOK EGGS EASTER CHICKS,737,774.8
21457,2 PICTURE BOOK EGGS EASTER DUCKS,685,716.0
21458,2 PICTURE BOOK EGGS EASTER BUNNY,768,849.24
21459,YELLOW EASTER EGG HUNT START POST,245,485.45
21460,GREEN EASTER EGG HUNT START POST,105,234.04999999999998
21461,BLUE EASTER EGG HUNT START POST,77,161.29
21462,"NURSERY A,B,C PAINTED LETTERS",407,2384.91
21463,MIRRORED DISCO BALL ,1276,7087.46
21464,DISCO BALL ROTATOR BATTERY OPERATED,518,2197.5
21465,PINK FLOWER CROCHET FOOD COVER,791,2868.1400000000003
21466,RED FLOWER CROCHET FOOD COVER,927,3479.79
21467,CHERRY CROCHET FOOD COVER,1020,3245.0
21468,BUTTERFLY CROCHET FOOD COVER,667,2353.89
21469,POLKA DOT RAFFIA FOOD COVER,1115,3414.51
21470,FLOWER VINE RAFFIA FOOD COVER,1093,4157.18
21471,STRAWBERRY RAFFIA FOOD COVER,1402,5080.63
21472,LADYBIRD + BEE RAFFIA FOOD COVER,1056,4077.82
21473,SWEETHEART CREAM STEEL TABLE RECT,153,3132.3599999999997
21474,SWEETHEART CREAM STEEL FOLDIN BENCH,203,4049.85
21475,SWEETHEART CREAM STEEL FOLDIN CHAIR,0,0.0
21476,STEEL SWEETHEART ROUND TABLE CREAM,140,2189.6099999999997
21477,STRING OF 20 ROSE LIGHTS,250,2991.69
21478,SILVER SKULL HOT WATER BOTTLE ,203,850.48
21479,WHITE SKULL HOT WATER BOTTLE ,6023,30402.62
21480,PINK STRIPE HOT WATER BOTTLE,279,881.82
21481,FAWN BLUE HOT WATER BOTTLE,7372,23547.55
21482,MUSHROOM BLUE HOT WATER BOTTLE,734,2279.06
21484,CHICK GREY HOT WATER BOTTLE,4533,18013.190000000002
21485,RED SPOT HEART HOT WATER BOTTLE,2411,11601.36
21485,RETROSPOT HEART HOT WATER BOTTLE,5146,25299.11
21486,PINK HEART DOTS HOT WATER BOTTLE,1115,3634.92
21488,RED WHITE SCARF  HOT WATER BOTTLE,2384,9784.58
21489,BLUE WHITE SCARF HOT WATER BOTTLE,28,157.60000000000002
21490,SET OF THREE 50'S GIFT WRAPS ,609,1156.0
21491,SET OF THREE VINTAGE GIFT WRAPS,2827,5267.5599999999995
21493, VINTAGE DESIGN GIFT TAGS,269,249.89999999999998
21493,VINTAGE DESIGN GIFT TAGS,3,2.55
21494,ROTATING LEAVES T-LIGHT HOLDER,3829,6444.0
21495,SKULLS AND CROSSBONES WRAP,9040,3684.8
21495,SKULLS WRAP,3400,1424.0
21496,WOODLAND CREATURES  WRAP,0,0.0
21497,FANCY FONTS BIRTHDAY WRAP,17500,6978.0
21498,RED RETROSPOT WRAP ,14001,5715.42
21498,RED SPOTS  WRAP ,12625,5094.5
21499,BLUE POLKADOT WRAP,8477,3422.34
21499,BLUE SPOTS  WRAP,6350,2555.0
21500,PINK POLKADOT WRAP ,8125,3298.5
21500,PINK SPOTS  WRAP ,7825,3144.5
21503,TOYBOX  WRAP ,1800,740.0
21504,SKULLS GREETING CARD,4901,1999.98
21506,"FANCY FONT BIRTHDAY CARD, ",10818,4509.29
21507,ELEPHANT BIRTHDAY CARD ,1098,469.74
21507,"ELEPHANT, BIRTHDAY CARD, ",7101,2975.59
21508,VINTAGE KID DOLLY CARD ,6704,2803.58
21509,COWBOYS AND INDIANS BIRTHDAY CARD ,8672,3577.14
21511,VINTAGE COLLAGE  GREETING  CARD ,40,16.8
21518,BANK ACCOUNT  GREETING  CARD ,1107,469.28
21519,GIN & TONIC DIET GREETING CARD ,7320,3134.81
21520,BOOZE & WOMEN GREETING CARD ,955,410.79
21523,DOOR MAT FANCY FONT HOME SWEET HOME,1177,8231.31
21523,DOORMAT FANCY FONT HOME SWEET HOME,5070,33426.21
21523,FANCY FONT HOME SWEET HOME DOORMAT,663,4378.65
21524,DOOR MAT SPOTTY HOME SWEET HOME,1772,10563.06
21524,DOORMAT SPOTTY HOME SWEET HOME,2810,21357.65
21524,SPOTTY  HOME SWEET HOME DOORMAT,666,3978.34
21525,BEWARE OF THE CAT DOORMAT,0,0.0
21527,RED RETROSPOT TRADITIONAL TEAPOT ,2235,16242.66
21527,RETRO SPOT TRADITIONAL TEAPOT ,939,7392.33
21528,DAIRY MAID TRADITIONAL TEAPOT ,867,5466.75
21529,RED RETROSPOT TOASTRACK,117,434.01000000000005
21529,RETRO SPOT CERAMIC TOASTRACK,378,1328.8300000000002
21530,DAIRY MAID CERAMIC TOASTRACK,58,180.11
21530,DAIRY MAID TOASTRACK,837,1124.41
21531,RED RETROSPOT SUGAR JAM BOWL,3124,7722.28
21531,RETRO SPOT SUGAR JAM BOWL,912,2359.29
21532,DAIRY MAID SUGAR JAM BOWL,1371,1386.1100000000001
21533,RETRO SPOT LARGE MILK JUG,1642,8207.33
21533,RETROSPOT LARGE MILK JUG,1621,8032.540000000001
21534,DAIRY MAID LARGE MILK JUG,909,4625.09
21535,RED RETROSPOT SMALL MILK JUG,5002,12317.039999999999
21535,RETRO SPOT SMALL MILK JUG,1686,4296.91
21536,DAIRY MAID  SMALL  MILK JUG,214,460.04
21537,RED RETROSPOT PUDDING BOWL,655,2852.45
21537,RETRO SPOTS PUDDING BOWL,286,1239.26
21538,DAIRY MAID  PUDDING BOWL,1306,1917.01
21539,RED RETROSPOT BUTTER DISH,1809,9185.51
21539,RETRO SPOTS BUTTER DISH,844,4031.82
21540,DAIRY MAID BUTTER DISH,1201,1854.83
21540,DAIRY MAID CERAMIC BUTTER DISH,102,458.62
21541,DINOSAURS WATER TRANSFER TATTOOS ,1888,1620.09
21542,WOODLAND WATER TRANSFER TATTOOS ,1807,1541.25
21543,BUTTERFLY WATER TRANSFER TATTOOS ,284,215.0
21544,SKULLS  WATER TRANSFER TATTOOS ,6040,5031.8099999999995
21545,CERAMIC BIRDHOUSE BUTTERFLY SMALL,695,1634.22
21547,CERAMIC BIRDHOUSE CRESTED TIT SMALL,717,1842.5700000000002
21548,CERAMIC BIRDHOUSE FINCH BLUE ROOF,667,1731.8700000000001
21549,CERAMIC BIRDHOUSE RED ROOF SMALL,540,1249.74
21550,CERAMIC BIRDHOUSE CRESTED TIT LARGE,294,1559.5600000000002
21551,CERAMIC BIRDHOUSE BUTTERFLY LARGE,169,824.95
21552,CERAMIC BIRDHOUSE BLACK ROSE  LARGE,162,819.75
21553,CERAMIC BIRDHOUSE FINCH BLUE  LARGE,89,575.32
21554,CERAMIC BIRDHOUSE RED ROOF LARGE,164,749.9
21555,CERAMIC STRAWBERRY TRINKET TRAY,424,1128.82
21556,CERAMIC STRAWBERRY MONEY BOX,1603,4234.21
21557,SET OF 6 FUNKY BEAKERS,931,3166.44
21558,SKULL LUNCH BOX WITH CUTLERY ,3900,9991.59
21558,SKULL LUNCHBOX WITH CUTLERY ,198,586.12
21559,STRAWBERRY LUNCH BOX WITH CUTLERY,6749,16815.39
21559,STRAWBERRY LUNCHBOX WITH CUTLERY,1444,3443.89
21560,TOADSTOOL  LUNCHBOX WITH CUTLERY,4,15.44
21561,DINOSAUR LUNCH BOX WITH CUTLERY,2396,5866.36
21561,DINOSAUR LUNCHBOX WITH CUTLERY,570,1429.8999999999999
21562,HAWAIIAN GRASS SKIRT ,678,970.2800000000001
21563,RED HEART SHAPE LOVE BUCKET ,2767,6823.660000000001
21564,PINK  HEART SHAPE LOVE BUCKET ,1940,4492.85
21576,LETS GO SHOPPING COTTON TOTE BAG,723,1665.94
21577,SAVE THE PLANET COTTON TOTE BAG,2540,5680.5199999999995
21578,WOODLAND DESIGN  COTTON TOTE BAG,2195,5040.36
21579,LOLITA  DESIGN  COTTON TOTE BAG,1012,1522.6
21580,RABBIT  DESIGN  COTTON TOTE BAG,536,1316.1299999999999
21581,SKULLS  DESIGN  COTTON TOTE BAG,1152,1845.74
21582,KINGS CHOICE SMALL TUBE MATCHES,117,193.04999999999998
21584,RETRO SPOT SMALL TUBE MATCHES,1985,3150.45
21584,RETROSPOT SMALL TUBE MATCHES,1757,2875.0499999999997
21585,SWALLOW SMALL TUBE MATCHES,1,1.65
21586,KINGS CHOICE GIANT TUBE MATCHES,2546,5924.4
21587,COSY HOUR GIANT TUBE MATCHES,2065,5157.75
21588,RETRO SPOT GIANT  TUBE MATCHES,1271,2973.75
21588,RETROSPOT GIANT TUBE MATCHES,2055,4711.05
21589,SWALLOW GIANT TUBE MATCHES,1107,2552.85
21590,KINGS CHOICE CIGAR BOX MATCHES ,3422,4108.78
21591,COSY HOUR CIGAR BOX MATCHES ,3924,5935.58
21592,RETRO SPOT  CIGAR BOX MATCHES ,3080,3622.0
21592,RETROSPOT CIGAR BOX MATCHES ,2772,2900.46
21593,SWALLOW CIGAR BOX MATCHES ,1367,1599.31
21594,Dr. Jam's Arouzer Stress Ball,5,21.06
21595,Dad's Cab Electronic Meter,9,76.95
21596,Hypochondriac Pill Stress Ball,10,42.64
21609,SET 12 LAVENDER  BOTANICAL T-LIGHTS,1499,4186.29
21610,SET 12 PEAR BOTANICAL T-LIGHTS,542,1543.67
21611,SET OF 12 LILY BOTANICAL T-LIGHTS,744,2164.4900000000002
21612,SET 12 WILDFLOWER BOTANICAL T-LIGHT,692,2008.0700000000002
21613,S/12 VANILLA  BOTANICAL T-LIGHTS,632,1861.4500000000003
21614,SET OF 12 ROSE BOTANICAL T-LIGHTS,1496,4202.12
21615,4 LAVENDER BOTANICAL DINNER CANDLES,1168,2308.67
21616,4 PEAR BOTANICAL DINNER CANDLES,1152,2458.58
21617,4 LILY  BOTANICAL DINNER CANDLES,834,2135.01
21618,4 WILDFLOWER BOTANICAL CANDLES,698,1823.74
21619,4 VANILLA BOTANICAL CANDLES,1131,2069.02
21620,S/4 ROSE    BOTANICAL  CANDLE,127,477.12
21620,SET OF 4 ROSE BOTANICAL CANDLES,954,1707.11
21621,VINTAGE UNION JACK BUNTING,6836,59742.04
21622,VINTAGE UNION JACK CUSHION COVER,3656,19724.09
21623,VINTAGE UNION JACK MEMOBOARD,6109,44902.979999999996
21624,VINTAGE UNION JACK DOORSTOP,1746,10512.4
21625,VINTAGE UNION JACK APRON,984,7037.62
21626,VINTAGE UNION JACK PENNANT,1436,2900.0699999999997
21627,ELEPHANT CARNIVAL POUFFE,189,3687.65
21628,TRIANGULAR POUFFE VINTAGE ,160,3125.48
21629,SQUARE FLOOR CUSHION VINTAGE PINK ,19,270.47
21629,SQUARE FLOOR CUSHION VINTAGE RED,157,1682.95
21630,FLOOR CUSHION ELEPHANT CARNIVAL,158,1937.59
21631,HIPPY CHIC DECORATIVE PARASOL,221,1571.75
21632,VINTAGE PINK DECORATIVE PARASOL,131,1063.47
21633,SUNFLOWER DECORATIVE PARASOL,173,1637.61
21634,ASSORTED MINI MADRAS NOTEBOOK,1650,1356.49
21635,MADRAS NOTEBOOK LARGE ,386,810.24
21636,MADRAS NOTEBOOK MEDIUM,1002,955.14
21637,ASSORTED SANSKRIT MINI NOTEBOOK,1340,1719.22
21638,ASSORTED TUTTI FRUTTI NOTEBOOK,1012,2204.1400000000003
21639,ASSORTED TUTTI FRUTTI KEYRING,251,221.85
21640,ASSORTED TUTTI FRUTTI  FOB NOTEBOOK,2225,2049.4
21641,ASSORTED TUTTI FRUTTI KEYRING BALL,1666,946.31
21642,ASSORTED TUTTI FRUTTI PEN,4147,2402.8399999999997
21643,ASSORTED TUTTI FRUTTI MIRROR,1507,2110.44
21644,ASSORTED TUTTI FRUTTI HEART BOX,1059,1426.47
21645,ASSORTED TUTTI FRUTTI ROUND BOX,939,1593.1499999999999
21647,ASSORTED TUTTI FRUTTI LARGE PURSE,844,1890.88
21648,ASSORTED TUTTI FRUTTI SMALL PURSE,2684,3682.08
21649,ASSORTED TUTTI FRUTTI PHOTO FRAME,417,1151.0900000000001
21650,ASSORTED TUTTI FRUTTI BRACELET,3176,1156.64
21651,HANGING GLASS ETCHED TEALIGHT,1361,2200.3599999999997
21652,GLASS ETCHED T-LIGHT HOLDER MEDIUM,875,1706.99
21653,GLASS ETCHED T-LIGHT HOLDER LARGE,1239,2550.9700000000003
21654,RIDGED GLASS FINGER BOWL,1183,820.21
21655,HANGING RIDGE GLASS T-LIGHT HOLDER,1268,2075.58
21656,RIDGED GLASS POSY VASE ,983,1611.6399999999999
21657,MILK BOTTLE WITH GLASS STOPPER ,252,1932.63
21658,GLASS  BEURRE DISH,2135,8920.45
21659,GLASS CAKE STAND,116,1831.8999999999999
21661,VINTAGE GLASS TEA CADDY,233,1476.1100000000001
21662,VINTAGE GLASS COFFEE CADDY,265,1711.25
21663,VINTAGE GLASS SUGAR CADDY,69,446.51000000000005
21664,RIDGED GLASS STORAGE JAR CREAM LID,251,1004.8199999999999
21665,TRIANGULAR RIDGED GLASS POSY HOLDER,879,638.8000000000001
21666, RIDGED GLASS T-LIGHT HOLDER,950,550.82
21666,RIDGED GLASS T-LIGHT HOLDER,807,552.38
21667,GLASS CAKE COVER AND PLATE,329,5732.5
21668,RED STRIPE CERAMIC DRAWER KNOB,10270,13805.75
21669,BLUE STRIPE CERAMIC DRAWER KNOB,10472,13691.86
21670,BLUE SPOT CERAMIC DRAWER KNOB,8773,11974.4
21671,RED SPOT CERAMIC DRAWER KNOB,9318,12102.01
21672,WHITE SPOT RED CERAMIC DRAWER KNOB,11058,14329.83
21673,WHITE SPOT BLUE CERAMIC DRAWER KNOB,9947,13128.44
21674,RIDGED GLASS PENDANT LAMPSHADE,43,680.8499999999999
21675,BUTTERFLIES STICKERS,1770,1566.6399999999999
21676,FLOWERS  STICKERS,1193,893.7199999999999
21677,HEARTS  STICKERS,2089,1828.78
21678,PAISLEY PATTERN  STICKERS,572,423.0
21679,SKULLS  STICKERS,3971,3381.83
21680,WOODLAND  STICKERS,2828,2458.18
21681,GIANT MEDINA STAMPED METAL BOWL ,230,2204.96
21682,LARGE MEDINA STAMPED METAL BOWL ,555,2747.79
21683,MEDIUM MEDINA STAMPED METAL BOWL ,935,2754.5200000000004
21684,SMALL MEDINA STAMPED METAL BOWL ,1683,1346.56
21685,MEDINA STAMPED METAL TRAY ,2,29.9
21686,MEDINA STAMPED METAL STOOL,58,2210.4900000000002
21687,SILVER PLATE CANDLE BOWL LARGE,476,1867.48
21688,SILVER PLATE CANDLE BOWL SMALL,906,2827.9500000000003
21689,SILVER VANILLA  FLOWER CANDLE POT,342,1268.12
21690,SILVER  CANDLEPOT JARDIN ,258,990.84
21691,SILVER VANILLA FLOWER CANDLE POT,249,960.99
21692,SILVER LATTICE VANILLA CANDLE POT,498,1891.62
21693,SMALL HAMMERED SILVER CANDLEPOT ,871,2648.6200000000003
21694,SMALL REGAL  SILVER CANDLEPOT ,556,1593.16
21695,SMALL SILVER FLOWER CANDLE POT,629,1949.2300000000002
21696,SMALL SILVER TRELLIS CANDLEPOT,719,2162.6400000000003
21697,SET 5 MINI DOUGHNUT FRIDGE MAGNET ,372,295.08000000000004
21698,MOCK LOBSTER FRIDGE MAGNET,530,399.01
21699,SET 5 MINI CHOCOLATE FRIDGE MAGNETS,108,82.44
21700,BIG DOUGHNUT FRIDGE MAGNETS,6214,6925.66
21701,SET 6 MINI SUSHI SET FRIDGE MAGNETS,-12,-20.28
21702,SET 5 MINI GATEAUX  FRIDGE MAGNETS,2636,918.6800000000001
21703,BAG 125g SWIRLY MARBLES,14406,5574.650000000001
21704,BAG 250g SWIRLY MARBLES,16473,12723.09
21705,BAG 500g SWIRLY MARBLES,2508,3104.2099999999996
21706,"FOLDING UMBRELLA , RED/WHITE SPOT",887,2819.27
21706,FOLDING UMBRELLA RED/WHITE POLKADOT,431,2058.44
21707,"FOLDING UMBRELLA , BLACK/BLUE  SPOT",775,3077.01
21707,FOLDING UMBRELLA BLACKBLUE POLKADOT,230,1107.94
21708,FOLDING UMBRELLA  CREAM/MULTI  SPOT,376,1245.4
21708,FOLDING UMBRELLA CREAM POLKADOT,231,1071.28
21709,FOLDING UMBRELLA  CHOC/WHITE  SPOT,533,2115.77
21709,FOLDING UMBRELLA CHOCOLATE POLKADOT,163,760.95
21710,FOLDING UMBRELLA  PINK/WHITE  SPOT,577,1514.69
21710,FOLDING UMBRELLA PINKWHITE POLKADOT,142,685.6700000000001
21711,FOLDING UMBRELLA  WHITE/RED  SPOT,262,953.0
21711,FOLDING UMBRELLA WHITE/RED POLKADOT,120,602.6600000000001
21713,CITRONELLA CANDLE FLOWERPOT,2605,4912.4400000000005
21714,CITRONELLA CANDLE GARDEN POT,4213,6112.29
21715,GIRLS VINTAGE TIN SEASIDE BUCKET,3520,8917.49
21716,BOYS VINTAGE TIN SEASIDE BUCKET,3699,9371.57
21717,EASTER TIN BUCKET,1545,4016.68
21718,RED METAL BEACH SPADE ,3978,5185.3
21719,LOVELY BONBON STICKER SHEET,906,813.14
21720,CAKE SHOP  STICKER SHEET,1056,919.6099999999999
21721,CANDY SHOP  STICKER SHEET,1088,988.8
21722,SWEET PUDDING STICKER SHEET,344,325.2
21723,ALPHABET HEARTS STICKER SHEET,866,769.13
21724,PANDA AND BUNNIES STICKER SHEET,994,886.64
21725,SWEETIES  STICKERS,1133,1034.73
21726,MULTI HEARTS  STICKERS,1075,929.29
21728,METAL MEDINA LANTERN ,296,2747.61
21729,SMALL MARAKESH METAL  LANTERN ,124,422.9
21730,GLASS STAR FROSTED T-LIGHT HOLDER,1080,5361.62
21731,RED TOADSTOOL LED NIGHT LIGHT,27920,46857.939999999995
21732,RED HANGING METAL STAR TLIGHT HLDR,922,3204.04
21733,RED HANGING HEART T-LIGHT HOLDER,17152,49244.240000000005
21734,SMALL MARAKESH LANTERN ON STICK,91,506.99
21735,TWO DOOR CURIO CABINET,629,8577.25
21736,GOLD SCROLL GLASS T-LIGHT HOLDER,190,392.52000000000004
21737,SET 3 WICKER LOG BASKETS,398,7362.66
21738,COSY SLIPPER SHOES SMALL  RED ,417,1307.88
21739,COSY SLIPPER SHOES SMALL GREEN,493,1448.9
21740,COSY SLIPPER SHOES LARGE RED,201,698.0100000000001
21741,COSY SLIPPER SHOES LARGE GREEN,700,2291.2000000000003
21742,LARGE ROUND WICKER PLATTER ,437,2647.28
21743,STAR PORTABLE TABLE LIGHT ,1229,3593.03
21744,SNOWFLAKE PORTABLE TABLE LIGHT ,892,2679.4600000000005
21745,GAOLERS KEYS DECORATIVE GARDEN ,2680,9130.24
21746,SMALL RED RETROSPOT WINDMILL,5079,6309.4
21746,SMALL RED SPOT  WINDMILL,828,1086.44
21747,SMALL SKULL WINDMILL,1923,2315.37
21749,LARGE RED RETROSPOT WINDMILL,1980,4069.3600000000006
21749,LARGE RED SPOT WINDMILL,2933,5529.72
21750, LARGE SKULL WINDMILL,8,16.8
21750,LARGE SKULL WINDMILL,300,644.95
21752,GLASS CAKE STAND MIRRORED BASE,70,1140.1599999999999
21754,HOME BUILDING BLOCK WORD,7556,46285.340000000004
21755,LOVE BUILDING BLOCK WORD,5595,34550.42
21756,BATH BUILDING BLOCK WORD,1606,9908.95
21757,LIGHTHOUSE PRINTED METAL SIGN,80,454.3
21758,VINTAGE SHELLS PRINT,135,1069.76
21759,METAL WALL SHELF UNIT WITH HOOKS,30,1274.47
21760,FRENCH STYLE WALL DRESSER,13,1490.0
21761,WOOD AND GLASS MEDICINE CABINET,64,1784.8
21763,VINTAGE WOODEN BAR STOOL,40,1076.05
21764,VINTAGE WOODEN PLATE RACK,16,619.2
21765,HANGING METAL BIRD BATH,362,3009.64
21766,VINTAGE WOOD ORGANISER,-2,-33.9
21767,FRENCH STYLE WIRE DOOR CABINET ,1,29.95
21768,WALL MOUNTED VINTAGE ORGANISER,495,6728.389999999999
21769,VINTAGE POST OFFICE CABINET,119,7635.07
21770,OPEN CLOSED METAL SIGN,2943,14594.900000000001
21772,VINTAGE METAL CAKE STAND CREAM ,1,12.75
21773,DECORATIVE ROSE BATHROOM BOTTLE,1617,1868.15
21774,DECORATIVE CATS BATHROOM BOTTLE,1710,2128.56
21775,DECORATIVE FLORE BATHROOM BOTTLE,870,1321.29
21777,RECIPE BOX WITH METAL HEART,1111,8956.26
21779,MA CAMPAGNE MINI WOODEN CHEST,291,1062.75
21780,MA CAMPAGNE 4 DRAWER WALL SHELF,203,1745.85
21781,MA CAMPAGNE CUTLERY BOX,611,9525.119999999999
21784,SHOE SHINE BOX ,283,3468.6299999999997
21785,RAIN PONCHO ,2005,1514.63
21786,POLKADOT RAIN HAT ,2992,1351.59
21786,RAIN HAT WITH RED SPOTS,4409,1668.04
21787,RAIN PONCHO RETROSPOT,9880,7913.11
21787,RAIN PONCHO WITH RED SPOTS,4727,3592.9700000000003
21788,KIDS RAIN MAC BLUE,3302,2663.24
21789,KIDS RAIN MAC PINK,2828,2358.87
21790,VINTAGE SNAP CARDS,27041,23343.5
21791,VINTAGE HEADS AND TAILS CARD GAME ,16527,21702.35
21792,CLASSIC FRENCH STYLE BASKET GREEN ,481,2432.93
21793,CLASSIC FRENCH STYLE BASKET BROWN,353,1627.3600000000001
21794,CLASSIC FRENCH STYLE BASKET NATURAL,700,3472.7400000000002
21795,SET OF 3 BLUE STRIPE BASKET,440,3722.1900000000005
21796,SET OF 3 RED STRIPE BASKETS,324,2782.19
21801,CHRISTMAS TREE DECORATION WITH BELL,3362,1452.54
21802,CHRISTMAS TREE HEART DECORATION,4376,1916.78
21803,CHRISTMAS TREE STAR DECORATION,4463,1938.96
21804,WHITE CHRISTMAS GARLAND STARS TREES,595,2233.4900000000002
21805,WHITE CHRISTMAS TREE DECORATION ,2221,957.63
21806,WHITE CHRISTMAS HEART DECORATION,2707,1179.4299999999998
21807,WHITE CHRISTMAS STAR DECORATION,3223,1421.61
21808,"CHRISTMAS GARLAND STARS,TREES",955,2560.53
21809,CHRISTMAS HANGING TREE WITH BELL,3015,2427.89
21810,CHRISTMAS HANGING STAR WITH BELL,6900,4300.66
21811,CHRISTMAS HANGING HEART WITH BELL,1721,2202.38
21811,HANGING HEART WITH BELL,4571,2356.08
21812,GARLAND WITH HEARTS AND BELLS,779,3788.7900000000004
21813,GARLAND WITH STARS AND BELLS,794,3657.46
21814,HEART T-LIGHT HOLDER ,670,1016.53
21815, STAR  T-LIGHT HOLDER ,24,41.16
21815,STAR  T-LIGHT HOLDER ,653,1016.18
21816,CHRISTMAS TREE T-LIGHT HOLDER,421,635.89
21817,GLITTER CHRISTMAS TREE,1687,1077.19
21818,GLITTER CHRISTMAS HEART ,1727,1460.86
21818,GLITTER HEART DECORATION,2469,1088.5900000000001
21819,GLITTER CHRISTMAS STAR ,3847,2247.14
21820,GLITTER HEART GARLAND WITH BELLS ,765,3019.89
21821,GLITTER STAR GARLAND WITH BELLS ,700,2817.85
21822,GLITTER CHRISTMAS TREE WITH BELLS,1001,1327.31
21823,PAINTED METAL HEART WITH HOLLY BELL,2444,2412.92
21824,PAINTED METAL STAR WITH HOLLY BELLS,2758,2316.66
21825,PAINTED METAL TREE WITH HOLLY BELLS,730,1048.84
21826,EIGHT PIECE DINOSAUR SET,1743,2255.62
21827,EIGHT PIECE CREEPY CRAWLIE SET,822,1052.64
21828,EIGHT PIECE SNAKE  SET,1105,1396.6200000000001
21829,DINOSAUR KEYRINGS ASSORTED,14746,3181.49
21830,ASSORTED CREEPY CRAWLIES,6986,2937.92
21832,CHOCOLATE CALCULATOR,3296,5767.459999999999
21833,CAMOUFLAGE LED TORCH,6049,10384.17
21836,GINGHAM OVEN GLOVE RED HEART ,245,988.89
21837,CROSS STITCH ALPHABET CUSHION COVER,242,1610.74
21838,DADDY MOUSE RED GINGHAM BOW TIE,1,5.45
21839,MUMMY MOUSE RED GINGHAM RIBBON,199,1074.69
21841,BABY MOUSE RED GINGHAM DRESS,434,1844.72
21842,PINK HEART CANDY BUTTON CALCULATOR,551,1308.74
21843,RED RETROSPOT CAKE STAND,4141,44290.39
21843,RETRO SPOT CAKE STAND,1400,15357.659999999998
21844,RED RETROSPOT MUG,3859,10886.53
21844,RETRO SPOT MUG,1467,4301.71
21845,DAIRY MAID STRIPE MUG,2457,3647.3700000000003
21846,PINK DIAMANTE PEN IN GIFT BOX,1574,3721.5499999999997
21847,GREEN  DIAMANTE PEN IN GIFT BOX,347,675.37
21849,SILVER DIAMANTE PEN IN GIFT BOX,537,1363.51
21850,BLUE  DIAMANTE PEN IN GIFT BOX,411,919.98
21851,LILAC DIAMANTE PEN IN GIFT BOX,628,1473.56
21852,EMPIRE TEDDY,2,13.9
21853,GUMBALL CUSTOM CARS TOP TRUMPS GAME,3,15.399999999999999
21854,EURO FOOTBALL STARS TOP TRUMPS GAME,1,5.17
21857,STAR WARS TOP TRUMPS GAME,2,10.23
21858,HIGH SCHOOL MUSICAL 3 TOP TRUMPS ,2,10.23
21860,DR WHO TOP TRUMPS GAME,1,5.17
21864,UNION JACK FLAG PASSPORT COVER ,1833,4389.54
21865,PINK UNION JACK  PASSPORT COVER ,890,2073.04
21866,UNION JACK FLAG LUGGAGE TAG,2143,3560.25
21867,PINK UNION JACK  LUGGAGE TAG,1144,1562.87
21868,POTTING SHED TEA MUG,8868,10913.25
21869,POTTING SHED COFFEE MUG,1247,1448.3300000000002
21870,I CAN ONLY PLEASE ONE PERSON MUG,5986,7506.24
21871,SAVE THE PLANET MUG,10686,12762.7
21872,GLAMOROUS  MUG,5057,5122.33
21873,IF YOU CAN'T STAND THE HEAT MUG,1919,2259.94
21874,GIN AND TONIC MUG,6303,8172.71
21875,KINGS CHOICE MUG,6747,7800.55
21876,POTTERING MUG,5578,7238.849999999999
21877,HOME SWEET HOME MUG,12968,14777.93
21878,PACK OF 6 SANDCASTLE FLAGS ASSORTED,5165,4281.67
21879,HEARTS GIFT TAPE,1567,664.84
21880,RED AND WHITE SPOT TAPE,471,353.13
21880,RED RETROSPOT TAPE,1988,921.1
21881,CUTE CATS TAPE,1332,554.95
21882,SKULLS TAPE,1052,499.44000000000005
21883,STARS GIFT TAPE ,2347,1199.2900000000002
21884,CAKES AND BOWS GIFT  TAPE,1448,663.61
21888,BINGO SET,3423,13498.42
21889,WOODEN BOX OF DOMINOES,12650,16901.91
21890,S/6 WOODEN SKITTLES IN COTTON BAG,3479,10421.4
21891,TRADITIONAL WOODEN SKIPPING ROPE,12049,15429.68
21892,TRADITIONAL WOODEN CATCH CUP GAME ,7772,10083.78
21893,POTTING SHED SEED TIN,172,587.8
21894,POTTING SHED SEED ENVELOPES,1320,1836.14
21895,POTTING SHED SOW 'N' GROW SET,551,1701.63
21896,POTTING SHED TWINE,2373,4915.39
21897,POTTING SHED CANDLE CITRONELLA,861,2626.61
21898,POTTING SHED ROSE CANDLE,827,2538.81
21899,GARAGE KEY FOB,777,565.8100000000001
21899,"KEY FOB , GARAGE DESIGN",5832,3713.11
21900,"KEY FOB , SHED",8318,5525.89
21901,"KEY FOB , BACK DOOR ",6005,3962.0600000000004
21902,"KEY FOB , FRONT  DOOR ",5302,3370.98
21903,MAN FLU METAL SIGN,3420,6875.77
21904,HOUSE WRECKING METAL SIGN ,660,1021.82
21905,MORE BUTTER METAL SIGN ,1613,2136.87
21906,PHARMACIE FIRST AID TIN,1747,12616.210000000001
21907,I'M ON HOLIDAY METAL SIGN,5142,10822.12
21908,CHOCOLATE THIS WAY METAL SIGN,9646,19058.780000000002
21910,WAY OUT METAL SIGN ,1066,1398.1799999999998
21911,GARDEN METAL SIGN ,2534,4061.0499999999997
21912,VINTAGE SNAKES & LADDERS,3658,14366.33
21913,VINTAGE SEASIDE JIGSAW PUZZLES,1125,4287.48
21914,BLUE HARMONICA IN BOX ,12837,17575.36
21915,RED  HARMONICA IN BOX ,35405,41673.54
21916,SET 12 RETRO WHITE CHALK STICKS,10786,4656.5599999999995
21917,SET 12 KIDS  WHITE CHALK STICKS,7989,3315.4
21918,SET 12 KIDS COLOUR  CHALK STICKS,14555,5995.08
21919,Electronic Talking Breath-A-Loser,6,30.47
21922,UNION STRIPE WITH FRINGE  HAMMOCK,1416,11008.53
21923,RED/CREAM STRIPE FRINGE HAMMOCK,335,2646.7400000000002
21924,BLUE/CREAM STRIPE FRINGE HAMMOCK,305,2407.1600000000003
21925,UNION STRIPE CUSHION COVER ,1183,1539.83
21926,RED/CREAM STRIPE CUSHION COVER ,983,1292.77
21927,BLUE/CREAM STRIPE CUSHION COVER ,1195,1646.99
21928,JUMBO BAG SCANDINAVIAN BLUE PAISLEY,8146,16760.11
21928,JUMBO BAG SCANDINAVIAN PAISLEY,15827,28905.83
21929,JUMBO BAG PINK VINTAGE PAISLEY,25336,49168.02
21930,JUMBO STORAGE BAG SKULLS,13384,27356.59
21931,JUMBO STORAGE BAG SUKI,28792,60826.92
21932,SCANDINAVIAN PAISLEY PICNIC BAG,3837,8440.31
21933,PINK VINTAGE PAISLEY PICNIC BAG,4095,9029.58
21934,SKULL SHOULDER BAG,4536,8174.57
21935,SUKI  SHOULDER BAG,6996,12907.06
21936,RED RETROSPOT PICNIC BAG,6551,19226.27
21936,RED/WHITE SPOT PICNIC BAG,1111,3123.29
21937,STRAWBERRY   PICNIC BAG,4042,11869.72
21942,SKULLS DESIGN FLANNEL,1648,1115.8799999999999
21943,CAKES AND RABBITS DESIGN FLANNEL ,591,529.16
21944,KITTENS DESIGN FLANNEL,1787,1104.31
21945,STRAWBERRIES  DESIGN FLANNEL ,1861,1306.25
21946,PARTY TIME DESIGN FLANNEL,625,358.96999999999997
21947,SET OF 6 HEART CHOPSTICKS,1675,2302.81
21948,SET OF 6 CAKE CHOPSTICKS,2293,2921.36
21949,SET OF 6 STRAWBERRY CHOPSTICKS,2592,3156.68
21950,SET OF 6 DOTS CHOPSTICKS,30,71.57999999999998
21955,  DOORMAT UNION JACK GUNS AND ROSES,177,1193.31
21955,DOOR MAT UNION JACK GUNS AND ROSES,783,5424.01
21955,DOORMAT UNION JACK GUNS AND ROSES,2160,12960.19
21955,UNION JACK GUNS & ROSES  DOORMAT,763,3973.61
21967,PACK OF 12 SKULL TISSUES,15652,4401.44
21972,SET OF 36 DINOSAUR PAPER DOILIES,1053,1557.9199999999998
21973,SET OF 36 MUSHROOM PAPER DOILIES,1657,2401.18
21974,SET OF 36 PAISLEY FLOWER DOILIES,6906,10420.699999999999
21975,PACK OF 60 DINOSAUR CAKE CASES,31237,15187.36
21976,PACK OF 60 MUSHROOM CAKE CASES,14515,7762.12
21977,PACK OF 60 PINK PAISLEY CAKE CASES,55842,27964.43
21980,PACK OF 12 RED RETROSPOT TISSUES ,8448,2619.6099999999997
21980,PACK OF 12 RED SPOTTY TISSUES ,22697,5974.849999999999
21981,PACK OF 12 WOODLAND TISSUES ,26173,7119.7699999999995
21982,PACK OF 12 SUKI TISSUES ,32049,10385.05
21983,PACK OF 12 BLUE PAISLEY TISSUES ,6070,1861.1
21984,PACK OF 12 PINK PAISLEY TISSUES ,25207,6982.67
21985,PACK OF 12 HEARTS DESIGN TISSUES ,25415,8940.789999999999
21986,PACK OF 12 PINK POLKADOT TISSUES,5159,1591.9399999999998
21986,PACK OF 12 PINK SPOT TISSUES ,8293,3187.23
21987,PACK OF 6 SKULL PAPER CUPS,6116,3850.01
21988,PACK OF 6 SKULL PAPER PLATES,7253,5451.46
21989,PACK OF 20 SKULL PAPER NAPKINS,7928,6381.259999999999
21990,MODERN FLORAL STATIONERY SET,2441,4515.54
21991,BOHEMIAN COLLAGE STATIONERY SET,1091,1912.54
21992,VINTAGE PAISLEY STATIONERY SET,3314,6727.1
21993,FLORAL FOLK STATIONERY SET,2837,5201.88
22003,VINTAGE BLUE VACUUM FLASK 0.5L ,-10,-67.5
22016,Dotcomgiftshop Gift Voucher £100.00,1,83.33
22021,BLUE FELT EASTER EGG BASKET,1401,2410.5099999999998
22023,EMPIRE BIRTHDAY CARD,4963,2071.73
22024,RAINY LADIES BIRTHDAY CARD,5355,2241.88
22025,RING OF ROSES BIRTHDAY CARD,3958,1636.6
22026,BANQUET BIRTHDAY  CARD  ,4017,1712.43
22027,TEA PARTY BIRTHDAY CARD,11069,4719.37
22028,PENNY FARTHING BIRTHDAY CARD,6320,2655.05
22029,SPACE BOY BIRTHDAY CARD,823,349.12
22029,SPACEBOY BIRTHDAY CARD,16719,6906.44
22030,SWALLOWS GREETING CARD,12615,5147.44
22031,BOTANICAL LAVENDER BIRTHDAY CARD,1113,488.95
22032,BOTANICAL LILY GREETING CARD,980,418.12
22033,BOTANICAL ROSE GREETING CARD,1603,681.93
22034,ROBIN CHRISTMAS CARD,1593,663.41
22035,VINTAGE CARAVAN GREETING CARD ,4034,1710.66
22036,DINOSAUR BIRTHDAY CARD,1584,667.81
22037,ROBOT BIRTHDAY CARD,7042,3030.66
22038,BOTANICAL LAVENDER GIFT WRAP ,1150,481.0
22039,BOTANICAL LILY GIFT WRAP,825,342.5
22040,BOTANICAL ROSE GIFT WRAP,2815,1144.3
22041,"RECORD FRAME 7"" SINGLE SIZE ",7498,18546.920000000002
22042,CHRISTMAS CARD SINGING ANGEL,1714,617.11
22043,CHRISTMAS CARD SCREEN PRINT ,2185,614.21
22044,CHRISTMAS CARD STACK OF PRESENTS,1927,544.82
22045,SPACE BOY GIFT WRAP,775,325.5
22045,SPACEBOY GIFT WRAP,13662,5612.04
22046,TEA PARTY  WRAPPING PAPER ,6341,2599.22
22047,EMPIRE GIFT WRAP,8000,3262.0
22048,BIRTHDAY BANQUET GIFT WRAP,2790,1155.8
22049,WRAP CHRISTMAS SCREEN PRINT,3475,1005.25
22050,PINK PAISLEY ROSE GIFT WRAP,3250,1333.0
22051,BLUE SCANDINAVIAN PAISLEY WRAP,3175,1317.5
22052,VINTAGE CARAVAN GIFT WRAP,3475,1439.5
22053,EMPIRE DESIGN ROSETTE,4549,4018.3899999999994
22054,MINI CAKE STAND HANGING HEARTS,347,631.91
22055,MINI CAKE STAND  HANGING STRAWBERY,4874,8096.24
22056,CERAMIC PLATE LOVE HEART DESIGN,606,655.38
22057,CERAMIC PLATE STRAWBERRY DESIGN,2978,3889.5499999999997
22058,CERAMIC LOVE HEARTS DESIGN MUG,512,783.8
22059,CERAMIC STRAWBERRY DESIGN MUG,2563,3201.23
22059,CERAMIC STRWBERRY DESIGN MUG,2312,3340.95
22060,LARGE CAKE STAND HANGING HEARTS,707,5504.71
22061,LARGE CAKE STAND  HANGING STRAWBERY,2057,18061.02
22062,CERAMIC BOWL WITH LOVE HEART DESIGN,754,1240.22
22063,CERAMIC BOWL WITH STRAWBERRY DESIGN,2287,6309.26
22064,PINK DOUGHNUT TRINKET POT ,6469,10371.41
22065,CHRISTMAS PUDDING TRINKET POT ,8595,6219.07
22066,LOVE HEART TRINKET POT,3424,2718.5099999999998
22067,CHOC TRUFFLE GOLD TRINKET POT ,1835,2987.12
22068, BLACK PIRATE TREASURE CHEST,55,108.47999999999999
22068,BLACK PIRATE TREASURE CHEST,1043,1848.2399999999998
22069, BROWN  PIRATE TREASURE CHEST ,59,138.22
22069,BROWN  PIRATE TREASURE CHEST ,909,2026.4099999999999
22070,SMALL RED RETROSPOT MUG IN BOX ,1210,4107.66
22070,SMALL RETRO SPOT MUG IN BOX  RED,286,1119.04
22071,SMALL RETRO SPOT MUG IN BOX  WHITE,362,1365.38
22071,SMALL WHITE RETROSPOT MUG IN BOX ,859,2741.75
22072,RED RETROSPOT TEA CUP AND SAUCER ,1672,6240.92
22072,TEA CUP AND SAUCER RETRO SPOT,684,2806.34
22073,RED RETROSPOT STORAGE JAR,1363,5485.32
22073,RETRO SPOT STORAGE JAR,717,2808.29
22074,6 RIBBONS SHIMMERING PINKS ,2144,2196.54
22075,6 RIBBONS ELEGANT CHRISTMAS ,3067,4640.889999999999
22076,6 RIBBONS EMPIRE  ,2353,3490.1899999999996
22077,6 RIBBONS RUSTIC CHARM,17121,31320.059999999998
22078,RIBBON REEL LACE DESIGN ,3946,8370.14
22079,RIBBON REEL HEARTS DESIGN ,4967,8357.19
22080,RIBBON REEL POLKADOTS ,1666,2827.36
22080,RIBBON REEL SPOTS DESIGN ,2180,3617.43
22081,RIBBON REEL FLORA + FAUNA ,1518,2693.39
22082,RIBBON REEL STRIPES DESIGN ,7236,12140.9
22083,PAPER CHAIN KIT RETRO SPOT,7119,19954.79
22083,PAPER CHAIN KIT RETROSPOT,6069,19060.43
22084,PAPER CHAIN KIT EMPIRE,8692,24864.11
22085,PAPER CHAIN KIT SKULLS ,1953,5382.12
22086,PAPER CHAIN KIT 50'S CHRISTMAS ,34494,116298.59
22087,PAPER BUNTING WHITE LACE,8316,24923.7
22088,PAPER BUNTING COLOURED LACE,4324,12878.830000000002
22089,PAPER BUNTING VINTAGE PAISLEY,3445,10129.45
22090,PAPER BUNTING RETRO SPOTS,7874,23860.84
22090,PAPER BUNTING RETROSPOT,8327,25280.91
22091,EMPIRE TISSUE BOX,3124,2417.11
22092,BLUE PAISLEY TISSUE BOX,933,592.91
22093,MOTORING TISSUE BOX,2298,1376.71
22094,RED POLKA DOT TISSUE BOX,976,1191.14
22094,RED RETROSPOT TISSUE BOX,2489,1384.19
22095,LADS ONLY TISSUE BOX,2871,3003.15
22096,PINK PAISLEY SQUARE TISSUE BOX ,1649,921.52
22097,SWALLOW SQUARE TISSUE BOX,2045,1266.6
22098,BOUDOIR SQUARE TISSUE BOX,2786,1916.93
22099,CARAVAN SQUARE TISSUE BOX,2099,1555.46
22100,SKULLS SQUARE TISSUE BOX,1005,709.5
22101,MIRROR MOSAIC VOTIVE HOLDER,1584,2661.81
22102,MIRROR MOSAIC T-LIGHT HOLDER ,1121,909.24
22103,MIRROR MOSAIC T-LIGHT HOLDER ROUND,1263,1557.33
22104,MIRROR MOSAIC CANDLE PLATE,1187,968.0799999999999
22105,MIRROR MOSAIC GOBLET CANDLE HOLDER,451,1062.45
22106,MIRROR MOSAIC HURRICANE LAMP ,388,1433.23
22107,PIZZA PLATE IN BOX,1145,4509.88
22108,PING! MICROWAVE PLATE,309,963.74
22109,FULL ENGLISH BREAKFAST PLATE,3260,13478.85
22110,BIRD HOUSE HOT WATER BOTTLE,2605,8553.56
22111,SCOTTIE DOG HOT WATER BOTTLE,9559,48835.29
22112,CHOCOLATE HOT WATER BOTTLE,10909,57294.46
22113,GREY HEART HOT WATER BOTTLE,5727,21904.13
22114,HOT WATER BOTTLE TEA AND SYMPATHY,11457,58393.94
22115,METAL SIGN EMPIRE TEA,2888,5692.150000000001
22116,METAL SIGN HIS DINNER IS SERVED,805,1075.98
22117,METAL SIGN HER DINNER IS SERVED ,1764,5204.78
22118,JOY WOODEN BLOCK LETTERS,797,3832.17
22119, PEACE WOODEN BLOCK LETTERS,137,952.74
22119,PEACE WOODEN BLOCK LETTERS,753,4549.43
22120,WELCOME  WOODEN BLOCK LETTERS,999,10126.59
22121,NOEL WOODEN BLOCK LETTERS ,1473,9120.01
22122,SET OF 2 FANCY FONT TEA TOWELS,1095,3290.0800000000004
22123,PING MICROWAVE APRON,631,1557.34
22124,SET OF 2 TEA TOWELS PING MICROWAVE,298,751.9300000000001
22125,UNION JACK HOT WATER BOTTLE ,590,3774.2400000000002
22127,PARTY CONES CARNIVAL ASSORTED,3370,4030.8
22128,PARTY CONES CANDY ASSORTED,3867,4689.59
22129,PARTY CONES CANDY DECORATION,454,621.96
22129,PARTY CONES CANDY TREE DECORATION,2774,2457.8599999999997
22130,PARTY CONE CHRISTMAS DECORATION ,9554,10854.509999999998
22131,FOOD CONTAINER SET 3 LOVE HEART ,5227,9885.789999999999
22132,RED LOVE HEART SHAPE CUP,3333,2979.6099999999997
22133,PINK LOVE HEART SHAPE CUP,2452,2248.41
22134,LADLE LOVE HEART RED ,1477,637.36
22134,MINI LADLE LOVE HEART RED ,865,401.18
22135,LADLE LOVE HEART PINK,1072,498.66999999999996
22135,MINI LADLE LOVE HEART PINK,528,297.4
22136,LOVE HEART SOCK HANGER,1986,3317.6699999999996
22137,BATHROOM SET LOVE HEART DESIGN,603,1499.43
22138,BAKING SET 9 PIECE RETROSPOT ,8507,41829.060000000005
22139,11 PC CERAMIC TEA SET POLKADOT,3,14.850000000000001
22139,RETRO SPOT TEA SET CERAMIC 11 PC ,4028,19521.440000000002
22139,RETROSPOT TEA SET CERAMIC 11 PC ,6118,31292.22
22141,CHRISTMAS CRAFT TREE TOP ANGEL,3647,8861.61
22142,CHRISTMAS CRAFT WHITE FAIRY ,4282,6419.29
22143,CHRISTMAS CRAFT HEART DECORATIONS,434,917.6800000000001
22144,CHRISTMAS CRAFT LITTLE FRIENDS,5087,12283.77
22145,CHRISTMAS CRAFT HEART STOCKING ,1300,2740.0600000000004
22146,EASTER CRAFT IVY WREATH WITH CHICK,1367,2555.43
22147,FELTCRAFT BUTTERFLY HEARTS,11924,16750.78
22148,EASTER CRAFT 4 CHICKS ,3185,6378.89
22149,FELTCRAFT 6 FLOWER FRIENDS,12010,24974.57
22150, 3 STRIPEY MICE FELTCRAFT,689,1338.1299999999999
22150,3 STRIPEY MICE FELTCRAFT,6362,11883.619999999999
22151,PLACE SETTING WHITE HEART,26647,11276.73
22152,PLACE SETTING WHITE STAR,6230,2637.66
22153,ANGEL DECORATION STARS ON DRESS,5539,2399.44
22154,ANGEL DECORATION 3 BUTTONS ,6910,2987.64
22155,STAR DECORATION RUSTIC,5872,2649.55
22156,HEART DECORATION WITH PEARLS ,5939,5354.16
22157,ANGEL DECORATION WITH LACE PADDED,1602,1369.8
22158,3 HEARTS HANGING DECORATION RUSTIC,8903,28958.38
22161,HEART DECORATION RUSTIC HANGING ,6638,2709.4
22162,HEART GARLAND RUSTIC PADDED,1206,3702.5
22163,HEART STRING MEMO HOLDER HANGING,1190,2056.07
22164,STRING OF STARS CARD HOLDER,314,880.2700000000001
22165,"DIAMANTE HEART SHAPED WALL MIRROR, ",967,7584.4800000000005
22166,"WALL MIRROR , RECT DIAMANTE, PINK/",214,1707.03
22166,WALL MIRROR RECTANGLE DIAMANTE PINK,218,1758.12
22167, OVAL WALL MIRROR DIAMANTE ,260,2674.67
22167,"WALL MIRROR , DIAMANTE OVAL SHAPE",405,3132.91
22168,ORGANISER WOOD ANTIQUE WHITE ,611,5068.78
22168,"ORGANISER WOOD, ANTIQUE WHITE ",3,25.5
22169,FAMILY ALBUM WHITE PICTURE FRAME,2182,18766.4
22170,PICTURE FRAME WOOD TRIPLE PORTRAIT,2295,15063.37
22171,3 HOOK PHOTO SHELF ANTIQUE WHITE,2987,22497.36
22172,METAL SHELF WITH RAIL ,374,3417.82
22173,METAL 4 HOOK HANGER FRENCH CHATEAU,4880,15012.18
22174,PHOTO CUBE,5074,10295.13
22175,PINK OWL DECORATION,96,244.79999999999998
22175,PINK OWL SOFT TOY,1720,5009.910000000001
22176,BLUE OWL DECORATION,96,244.79999999999998
22176,BLUE OWL SOFT TOY,1079,3271.38
22177,5 HOOK BLACKBOARD ORGANISER ,300,2874.46
22178,VICTORIAN GLASS HANGING T-LIGHT,39073,51119.88
22179,SET 10 LIGHTS NIGHT OWL,1504,10416.98
22179,SET 10 NIGHT OWL LIGHTS,484,3783.78
22180,RETRO SPOT LAMP,490,4955.469999999999
22180,RETROSPOT LAMP,436,4664.71
22181,SNOWSTORM PHOTO FRAME FRIDGE MAGNET,1496,1255.68
22182,CAKE STAND VICTORIAN FILIGREE SMALL,557,2136.65
22183,CAKE STAND VICTORIAN FILIGREE MED,577,3241.05
22184,CAKE STAND VICTORIAN FILIGREE LARGE,371,2752.27
22185,SLATE TILE NATURAL HANGING,3892,6218.119999999999
22186,RED STAR CARD HOLDER,1934,5249.1
22187,GREEN CHRISTMAS TREE CARD HOLDER,2055,6629.25
22188,BLACK HEART CARD HOLDER,10348,28092.28
22189,CREAM HEART CARD HOLDER,16143,49132.21
22190,LOCAL CAFE MUG,1399,2589.57
22191,EAU DE NIL DINER WALL CLOCK,243,2025.55
22191,IVORY DINER WALL CLOCK,1314,11027.65
22191,IVORY WALL CLOCK,60,459.0
22192,BLUE DINER WALL CLOCK,1395,11852.35
22193,RED DINER WALL CLOCK,1811,15339.380000000001
22193,RED WALL CLOCK,60,459.0
22194,BLACK DINER WALL CLOCK,367,3161.1
22195,HEART MEASURING SPOONS LARGE,84,138.59999999999997
22195,LARGE HEART MEASURING SPOONS,5024,8977.289999999999
22196,HEART MEASURING SPOONS SMALL,12,10.2
22196,SMALL HEART MEASURING SPOONS,6529,6094.95
22197,POPCORN HOLDER,36322,33959.26
22197,"POPCORN HOLDER , SMALL ",3175,2520.65
22197,SMALL POPCORN HOLDER,48198,42423.71
22198,LARGE POPCORN HOLDER ,6147,10778.8
22198,"POPCORN HOLDER , LARGE",970,1633.5099999999998
22199,FRYING PAN RED POLKADOT ,935,3857.39
22199,FRYING PAN RED RETROSPOT,609,2556.21
22200,FRYING PAN PINK POLKADOT,635,2831.69
22200,FRYING PAN PINK POLKADOT ,643,2875.01
22200,FRYING PAN PINK RETROSPOT,7,33.97
22201,FRYING PAN BLUE POLKADOT,227,865.52
22201,FRYING PAN BLUE POLKADOT ,276,1139.16
22201,FRYING PAN BLUE RETROSPOT,4,21.22
22202,MILK PAN PINK POLKADOT,327,1310.01
22202,MILK PAN PINK RETROSPOT,716,2909.9900000000002
22203,MILK PAN RED RETROSPOT,1387,5413.26
22204,MILK PAN BLUE POLKADOT,221,763.41
22204,MILK PAN BLUE RETROSPOT,302,1158.38
22206,"MUG , DOTCOMGIFTSHOP.COM ",14,11.82
22207,FRYING PAN UNION FLAG,3018,12973.82
22208,WOOD STAMP SET THANK YOU,2341,3005.5399999999995
22209,WOOD STAMP SET HAPPY BIRTHDAY,1387,1717.58
22210,WOOD STAMP SET BEST WISHES,1571,1873.6699999999998
22211,WOOD STAMP SET FLOWERS,1482,1951.1
22212,FOUR HOOK  WHITE LOVEBIRDS,3984,8558.300000000001
22214,CANDLE PLATE LACE WHITE,549,1279.79
22215,CAKE STAND WHITE TWO TIER LACE,1023,8299.93
22216,T-LIGHT HOLDER WHITE LACE,1393,1213.28
22217,T-LIGHT HOLDER HANGING LACE,2318,2744.81
22218,CAKE STAND LACE WHITE,1167,5114.91
22219,LOVEBIRD HANGING DECORATION WHITE ,9648,9176.59
22220,CAKE STAND LOVEBIRD 2 TIER WHITE,694,6399.74
22221,CAKE STAND LOVEBIRD 2 TIER PINK,893,6582.929999999999
22222,CAKE PLATE LOVEBIRD WHITE,1484,6136.09
22223,CAKE PLATE LOVEBIRD PINK,725,3354.71
22224,WHITE LOVEBIRD LANTERN,2351,7463.040000000001
22227,"DECORATION, HANGING HEART+MIRROR ",2952,2140.8500000000004
22227,HANGING HEART MIRROR DECORATION ,3036,2181.87
22228,BUNNY WOODEN PAINTED WITH BIRD ,1692,1426.85
22229,BUNNY WOODEN PAINTED WITH FLOWER ,955,801.0999999999999
22230,JIGSAW TREE WITH WATERING CAN,1612,1096.4599999999998
22231,JIGSAW TREE WITH BIRDHOUSE,2028,2562.33
22232,3 PIECE JIGSAW TOADSTOOLS,16,26.4
22232,JIGSAW TOADSTOOLS 3 PIECE,1019,1221.37
22233,JIGSAW RABBIT AND BIRDHOUSE,887,1108.87
22236,CAKE STAND 3 TIER MAGIC GARDEN,1032,12844.269999999999
22241,"GARLAND , WOODEN  "" HAPPY EASTER""",105,133.89
22241,GARLAND WOODEN HAPPY EASTER,4226,5706.22
22242,5 HOOK HANGER MAGIC TOADSTOOL,1724,2681.4599999999996
22242,"HOOK, 5 HANGER , MAGIC TOADSTOOL",2975,4784.4
22243,5 HOOK HANGER RED MAGIC TOADSTOOL,4493,6896.999999999999
22243,"HOOK, 5 HANGER ,MAGIC TOADSTOOL RED",3099,4821.349999999999
22244,3 HOOK HANGER MAGIC GARDEN,2715,5089.61
22244,"HOOK, 3 HANGER ,MAGIC GARDEN",1985,3895.3499999999995
22245,"HOOK, 1 HANGER ,MAGIC GARDEN",4602,3962.5
22246,"GARLAND, MAGIC GARDEN 1.8M",656,1332.36
22246,MAGIC GARDEN FELT GARLAND ,413,932.1899999999999
22247,BUNNY DECORATION MAGIC GARDEN,1183,1022.04
22248,DECORATION  PINK CHICK MAGIC GARDEN,992,883.65
22249,DECORATION WHITE CHICK MAGIC GARDEN,1632,1431.26
22250,DECORATION  BUTTERFLY  MAGIC GARDEN,1517,1379.56
22251,BIRDHOUSE DECORATION MAGIC GARDEN,1852,2293.89
22252,BIRDCAGE DECORATION MAGIC GARDEN,21,53.55
22252,BIRDCAGE DECORATION TEALIGHT HOLDER,922,1105.76
22253,6 CROCHET STRAWBERRIES,964,1158.28
22254,FELT TOADSTOOL LARGE,1326,1702.21
22255,FELT TOADSTOOL  SMALL,1140,1088.86
22256,FELT FARM ANIMAL CHICKEN,921,1185.07
22257,FELT FARM ANIMAL SHEEP,407,330.47999999999996
22258,FELT FARM ANIMAL RABBIT,1287,1222.3
22259,FELT FARM ANIMAL HEN,587,479.2
22260,FELT EGG COSY BLUE RABBIT ,1541,1581.1699999999998
22261,FELT EGG COSY WHITE RABBIT ,2101,2020.9499999999998
22262,FELT EGG COSY CHICKEN,2009,1933.37
22263,FELT EGG COSY LADYBIRD ,787,595.04
22264,FELT FARM ANIMAL WHITE BUNNY ,2014,1152.22
22265,EASTER DECORATION NATURAL CHICK,1843,1207.8000000000002
22266,EASTER DECORATION HANGING BUNNY,2535,1035.56
22267,EASTER DECORATION EGG BUNNY ,1469,1287.72
22268,DECORATION SITTING BUNNY,1441,342.13000000000005
22268,EASTER DECORATION SITTING BUNNY,1060,909.8499999999999
22269,EGG CUP NATURAL CHICKEN,1496,1326.45
22270,HAPPY EASTER HANGING DECORATION,659,2541.89
22271,FELTCRAFT DOLL ROSIE,4562,13082.53
22272,FELTCRAFT DOLL MARIA,1370,3845.3900000000003
22273,FELTCRAFT DOLL MOLLY,5891,16588.190000000002
22274,FELTCRAFT DOLL EMILY,3699,10570.970000000001
22275,WEEKEND BAG VINTAGE ROSE PAISLEY,941,7832.83
22276,WASH BAG VINTAGE ROSE PAISLEY,1872,4841.96
22277,COSMETIC BAG VINTAGE ROSE PAISLEY,1398,2923.2900000000004
22278,OVERNIGHT BAG VINTAGE ROSE PAISLEY,995,5842.21
22279,POCKET BAG BLUE PAISLEY RED SPOT,1403,2058.37
22280,POCKET BAG PINK PAISELY BROWN SPOT,877,1248.74
22281,EASTER TREE YELLOW BIRDS,495,3190.6600000000003
22282,12 EGG HOUSE PAINTED WOOD,559,7279.19
22283,6 EGG HOUSE PAINTED WOOD,1014,8389.99
22284,HEN HOUSE DECORATION,2439,3974.8399999999997
22285,"DECORATION HEN ON NEST, HANGING",1865,2809.39
22285,HANGING HEN ON NEST DECORATION,828,1418.82
22286,"DECORATION , WOBBLY RABBIT , METAL ",1107,1696.2899999999997
22286,DECORATION WOBBLY RABBIT METAL ,830,504.46
22287,"DECORATION , WOBBLY CHICKEN, METAL ",780,1116.61
22287,DECORATION WOBBLY CHICKEN,548,314.46
22288,"DECORATION , HANGING METAL RABBIT",834,904.02
22288,HANGING METAL RABBIT DECORATION,476,621.97
22289,"DECORATION , HANGING METAL CHICKEN",616,623.96
22289,HANGING METAL CHICKEN DECORATION,148,193.52
22290,STANDING METAL RABBIT WITH EGG,669,1220.92
22291,HANGING CHICK CREAM DECORATION,1269,1878.55
22291,"SPRING DEC , HANGING CHICK CREAM",1876,2464.7799999999997
22292,HANGING CHICK  YELLOW DECORATION,1139,1608.86
22292,"SPRING DEC , HANGING CHICK  YELLOW",1616,2130.08
22293,HANGING CHICK GREEN DECORATION,906,1343.28
22293,"SPRING DEC , HANGING CHICK  GREEN",1104,1482.12
22294,HEART FILIGREE DOVE  SMALL,16564,20495.63
22295,HEART FILIGREE DOVE LARGE,8363,13794.339999999998
22296,HEART IVORY TRELLIS LARGE,9711,16014.359999999999
22297,HEART IVORY TRELLIS SMALL,13440,17358.87
22299,PIG KEYRING WITH LIGHT & SOUND ,3855,4359.57
22300,COFFEE MUG DOG + BALL DESIGN,4053,9730.75
22301,COFFEE MUG CAT + BIRD DESIGN,4933,11932.78
22302,COFFEE MUG PEARS  DESIGN,4889,10398.1
22303,COFFEE MUG APPLES DESIGN,5300,12365.18
22304,COFFEE MUG BLUE PAISLEY DESIGN,2362,4645.01
22305,COFFEE MUG PINK PAISLEY DESIGN,2256,4683.48
22306,SILVER MUG BONE CHINA TREE OF LIFE,1604,2287.5
22307,GOLD MUG BONE CHINA TREE OF LIFE,1158,1754.31
22308,TEA COSY BLUE STRIPE,651,2018.75
22309,TEA COSY RED  STRIPE,1305,3392.7799999999997
22310,IVORY KNITTED MUG COSY ,1142,2140.35
22310,KNITTED MUG COSY IVORY COLOUR ,584,952.3399999999999
22311,OFFICE MUG WARMER BLACK+SILVER ,2106,6722.06
22312,OFFICE MUG WARMER POLKADOT,1206,4172.400000000001
22313,OFFICE MUG WARMER PINK,733,2498.67
22314,OFFICE MUG WARMER CHOC+BLUE,1106,3872.6800000000003
22315,200 RED + WHITE BENDY STRAWS,2131,2743.26
22316,200 BENDY SKULL STRAWS,1256,1431.57
22317,FIVE CATS HANGING DECORATION,587,1827.64
22318,FIVE HEART HANGING DECORATION,1563,4924.9800000000005
22319,HAIRCLIPS FORTIES FABRIC ASSORTED,2910,1647.9900000000002
22320,BIRDS MOBILE VINTAGE DESIGN,575,3408.17
22321,BIRD DECORATION RED RETROSPOT,1260,1169.55
22321,BIRD DECORATION RED SPOT,1267,1169.55
22322,BIRD DECORATION GREEN  SPOT,676,658.92
22322,BIRD DECORATION GREEN POLKADOT,926,856.54
22323,BAG FOR CHILDREN VINTAGE PINK ,96,408.0
22323,PINK POLKADOT KIDS BAG,527,1251.9099999999999
22324,BAG FOR CHILDREN VINTAGE BLUE ,96,408.0
22324,BLUE POLKADOT KIDS BAG,560,1373.46
22325,MOBILE VINTAGE HEARTS ,651,2902.3900000000003
22326,"ROUND SNACK BOXES ,SET4, WOODLAND ",66,194.70000000000002
22326,ROUND SNACK BOXES SET OF4 WOODLAND ,15323,43894.89
22327,ROUND SNACK BOXES SET OF 4 SKULLS,3043,9879.050000000001
22328,"ROUND SNACK BOXES ,SET 4, FRUITS ",84,247.8
22328,ROUND SNACK BOXES SET OF 4 FRUITS ,12176,34110.06
22329,ROUND CONTAINER SET OF 5 RETROSPOT,5094,8323.199999999999
22329,ROUND FOOD CONTAINER S/5 RETROSPOT,36,59.39999999999999
22330,72 ROUND PINK DOILIES,116,180.5
22331,WOODLAND PARTY BAG + STICKER SET,3632,5965.37
22332,SKULLS PARTY BAG + STICKER SET,3700,5851.249999999999
22333,RETRO SPORT PARTY BAG + STICKER SET,2970,4674.38
22333,RETRO SPOT PARTY BAG + STICKER SET,937,1410.6
22333,RETROSPOT PARTY BAG + STICKER SET,4797,7606.7699999999995
22334,DINOSAUR PARTY BAG + STICKER SET,2211,3521.0099999999998
22335,HEART DECORATION PAINTED ZINC ,8171,5351.820000000001
22336,DOVE DECORATION PAINTED ZINC ,4638,2220.01
22337,ANGEL DECORATION PAINTED ZINC ,2473,1522.52
22338,STAR DECORATION PAINTED ZINC ,5992,2091.6200000000003
22339,CHRISTMAS TREE PAINTED ZINC ,3391,1304.18
22340,NOEL GARLAND PAINTED ZINC ,1786,1491.9999999999998
22341,LOVE GARLAND PAINTED ZINC ,2271,3840.6899999999996
22342,HOME GARLAND PAINTED ZINC ,1747,2424.95
22343,PARTY PIZZA DISH RED RETROSPOT,2755,1505.77
22343,PARTY PIZZA DISH RED WHITE SPOT ,488,434.06999999999994
22343,PARTY PIZZA DISH RED+WHITE SPOT ,12,10.2
22344,PARTY PIZZA DISH PINK POLKADOT,1296,526.64
22344,PARTY PIZZA DISH PINK RETROSPOT,185,181.54999999999998
22344,PARTY PIZZA DISH PINK WHITE SPOT ,75,78.72999999999999
22344,PARTY PIZZA DISH PINK+WHITE SPOT ,24,20.4
22345,PARTY PIZZA DISH BLUE POLKADOT,1165,442.28
22345,PARTY PIZZA DISH BLUE RETROSPOT,206,178.33999999999997
22345,PARTY PIZZA DISH BLUE WHITE SPOT ,53,54.28
22345,PARTY PIZZA DISH BLUE+WHITE SPOT ,24,20.4
22346,PARTY PIZZA DISH GREEN POLKADOT,1159,479.59999999999997
22346,PARTY PIZZA DISH GREEN RETROSPOT,89,80.50999999999999
22346,PARTY PIZZA DISH GREEN WHITE SPOT ,40,42.3
22346,PARTY PIZZA DISH GREEN+WHITE SPOT ,12,10.2
22347,PIZZA DISH SLICE ,36,45.0
22347,PIZZA SLICE DISH,2680,3074.18
22348,TEA BAG PLATE RED RETROSPOT,5311,4635.33
22348,TEA BAG PLATE RED SPOTTY ,7042,5862.79
22349,"DOG BOWL , CHASING BALL DESIGN",742,2972.18
22349,DOG BOWL CHASING BALL DESIGN,1793,7447.37
22350,CAT BOWL ,945,2518.69
22350,ILLUSTRATED CAT BOWL ,1893,5359.65
22351,DOTCOMGIFTSHOP TEA TOWEL,15,29.809999999999995
22352,LUNCH BOX WITH CUTLERY RETROSPOT ,5647,14270.22
22352,LUNCHBOX WITH CUTLERY RETROSPOT ,1378,3395.19
22353,LUNCH BOX WITH CUTLERY FAIRY CAKES ,1583,4307.46
22353,LUNCHBOX WITH CUTLERY FAIRY CAKES ,1436,3559.43
22354,RETRO SPOT PADDED SEAT CUSHION,475,1718.93
22354,RETROSPOT PADDED SEAT CUSHION,1734,6664.74
22355,"CHARLOTTE BAG , SUKI DESIGN",4397,3788.94
22355,CHARLOTTE BAG SUKI DESIGN,27374,41445.93
22356,"CHARLOTTE BAG , PINK/WHITE SPOTS",4146,3518.56
22356,CHARLOTTE BAG PINK POLKADOT,10951,12968.77
22356,CHARLOTTE BAG PINK WITH WHITE SPOTS,4336,3953.83
22357,KINGS CHOICE BISCUIT TIN,2025,9154.41
22358,KINGS CHOICE TEA CADDY ,2590,8223.26
22359,GLASS JAR KINGS CHOICE,1197,3813.23
22359,"GLASS JAR, KINGS CHOICE SOAP",42,123.9
22360,GLASS JAR ENGLISH CONFECTIONERY,2316,7011.05
22360,"GLASS JAR, ENGLISH CONFECTIONERY",0,0.0
22361,GLASS JAR DAISY FRESH COTTON WOOL,1764,5803.41
22362,GLASS JAR PEACOCK BATH SALTS,698,2265.98
22363,GLASS JAR MARMALADE ,629,1902.99
22364,GLASS JAR DIGESTIVE BISCUITS,1944,6191.71
22365,DOOR MAT RESPECTABLE HOUSE,378,2758.94
22365,DOORMAT RESPECTABLE HOUSE,1948,12508.2
22366,DOOR MAT AIRMAIL ,455,3366.71
22366,DOORMAT AIRMAIL ,2056,13665.62
22367,CHILDRENS APRON SPACEBOY DESIGN,5683,11266.35
22367,CHILDS APRON SPACEBOY DESIGN,2325,4412.87
22371,AIRLINE BAG VINTAGE TOKYO 78,1810,8859.92
22372,AIRLINE BAG VINTAGE WORLD CHAMPION ,597,3039.48
22374,AIRLINE BAG VINTAGE JET SET RED,1018,5076.49
22375,AIRLINE BAG VINTAGE JET SET BROWN,588,2958.69
22376,AIRLINE BAG VINTAGE JET SET WHITE,529,2632.18
22377,BOTTLE BAG RETROSPOT ,3558,6803.3099999999995
22378,WALL TIDY RETROSPOT ,3734,6795.01
22379,RECYCLING BAG RETROSPOT ,15698,34511.89
22380,TOY TIDY SPACEBOY  ,4919,10123.16
22381,TOY TIDY PINK POLKADOT,4685,10033.56
22381,TOY TIDY PINK RETROSPOT  ,4550,9523.23
22382,LUNCH BAG SPACEBOY DESIGN ,19351,32662.12
22382,LUNCHBAG SPACEBOY DESIGN ,644,1022.6
22383,LUNCH BAG SUKI  DESIGN ,14303,23824.89
22383,LUNCH BAG SUKI DESIGN ,10157,18482.03
22383,LUNCHBAG SUKI  DESIGN ,410,661.63
22384,LUNCH BAG PINK POLKADOT,11594,19256.21
22384,LUNCH BAG PINK POLKADOTS,10,16.5
22384,LUNCH BAG PINK RETROSPOT,8786,14201.32
22384,LUNCHBAG PINK RETROSPOT,108,179.91
22385,JUMBO BAG SPACEBOY DESIGN,16631,31708.06
22386,JUMBO BAG PINK POLKADOT,24774,49255.93
22386,JUMBO BAG PINK WITH WHITE SPOTS,14181,26201.71
22389,PAPERWEIGHT SAVE THE PLANET,547,1035.52
22390,PAPERWEIGHT CHILDHOOD MEMORIES,813,1448.52
22391,PAPERWEIGHT HOME SWEET HOME,323,635.1899999999999
22393,PAPERWEIGHT VINTAGE COLLAGE,782,1348.37
22394,PAPERWEIGHT KINGS CHOICE ,340,528.99
22395,PAPERWEIGHT VINTAGE PAISLEY,234,413.76
22396,MAGNETS PACK OF 4 RETRO PHOTO,1883,1412.08
22398,MAGNETS PACK OF 4 SWALLOWS,4143,3567.48
22399,MAGNETS PACK OF 4 CHILDHOOD MEMORY,4016,4704.6
22400,MAGNETS PACK OF 4 HOME SWEET HOME,2425,2019.17
22402,MAGNETS PACK OF 4 VINTAGE COLLAGE,3417,2995.28
22403,MAGNETS PACK OF 4 VINTAGE LABELS ,1703,1180.8899999999999
22405,MONEY BOX POCKET MONEY DESIGN,1605,1947.32
22405,TIN CAN POCKET MONEY DESIGN,24,30.0
22406,MONEY BOX KINGS CHOICE DESIGN,2401,3048.69
22406,TIN CAN KINGS CHOICE DESIGN,36,45.0
22407,MONEY BOX FIRST ADE DESIGN,358,446.18
22407,MONEY BOX FIRST AID DESIGN,44,36.78
22408,MONEY BOX CONFECTIONERY DESIGN,601,744.26
22408,TIN CAN CONFECTIONERY DESIGN,12,15.0
22409,MONEY BOX BISCUITS DESIGN,1624,2212.96
22409,TIN CAN BISCUITS DESIGN,48,60.0
22410,MONEY BOX HOUSEKEEPING DESIGN,1327,1622.46
22410,TIN CAN HOUSEKEEPING DESIGN,24,30.0
22411,JUMBO SHOPPER VINTAGE RED PAISLEY,26840,56527.19
22412,METAL SIGN NEIGHBOURHOOD WITCH ,2399,5136.620000000001
22413,METAL SIGN TAKE IT OR LEAVE IT ,6847,19387.690000000002
22414,DOOR MAT NEIGHBOURHOOD WITCH ,95,783.87
22414,DOORMAT NEIGHBOURHOOD WITCH ,1090,6403.5
22415,WHITE TISSUE REAM,317,2520.15
22416,36 DOILIES SPACEBOY DESIGN ,709,1005.3699999999999
22416,SET OF 36 DOILIES SPACEBOY DESIGN ,1210,1682.57
22416,SET OF 36 SPACEBOY PAPER DOILIES,45,66.72
22417,PACK OF 60 SPACEBOY CAKE CASES,21337,11097.2
22418,10 COLOUR SPACEBOY PEN,12082,10220.529999999999
22418,"PEN, 10 COLOURS - SPACEBOY",24,20.4
22419,LIPSTICK PEN RED,6837,3238.45
22420,LIPSTICK PEN BABY PINK,2110,1014.3299999999999
22421,LIPSTICK PEN FUSCHIA,4676,2333.2599999999998
22422,TOOTHPASTE TUBE PEN,2719,1745.3400000000001
22423,REGENCY CAKESTAND 3 TIER,25028,314045.01999999996
22424,ENAMEL BREAD BIN CREAM,1482,20316.44
22425,ENAMEL COLANDER CREAM,707,3641.8500000000004
22425,ENAMEL COLLANDER CREAM,122,567.12
22426,ENAMEL WASH BOWL CREAM,1295,5003.6
22427,ENAMEL FLOWER JUG CREAM,3160,18981.780000000002
22428,ENAMEL FIRE BUCKET CREAM,444,3275.42
22429,ENAMEL MEASURING JUG CREAM,2238,9665.539999999999
22430,ENAMEL WATERING CAN CREAM,1360,6589.43
22431,WATERING CAN BLUE ELEPHANT,3347,6736.419999999999
22432,WATERING CAN GREEN DINOSAUR,48,93.6
22432,WATERING CAN PINK BUNNY,3466,6601.719999999999
22433,WATERING CAN GREEN DINOSAUR,2709,5051.73
22433,WATERING CAN PINK BUNNY,54,105.3
22434,BALLOON PUMP WITH 10 BALLOONS,2529,4698.389999999999
22435,SET OF 9 HEART SHAPED BALLOONS,4776,6030.47
22436,12 COLOURED PARTY BALLOONS,4188,2669.5
22437,SET OF 9 BLACK SKULL BALLOONS,6498,5444.37
22438,BALLOON ART MAKE YOUR OWN FLOWERS,1459,1913.22
22439,6 ROCKET BALLOONS ,3816,2550.26
22440,BALLOON WATER BOMB PACK OF 35,8479,3380.93
22441,GROW YOUR OWN BASIL IN ENAMEL MUG,2634,5708.570000000001
22442,GROW YOUR OWN FLOWERS SET OF 3,848,4623.42
22443,GROW YOUR OWN HERBS SET OF 3,678,5353.68
22444,GROW YOUR OWN PLANT IN A CAN ,10018,13714.1
22445,PENCIL CASE GINGHAM FOREST,36,106.20000000000002
22445,PENCIL CASE LIFE IS BEAUTIFUL,1251,3842.6600000000003
22446,PIN CUSHION BABUSHKA PINK,491,1309.38
22446,PIN CUSHION RUSSIAN DOLL PINK,121,422.45000000000005
22447,PIN CUSHION BABUSHKA BLUE,174,538.1800000000001
22447,PIN CUSHION RUSSIAN DOLL BLUE,68,238.06
22448,PIN CUSHION BABUSHKA RED,352,1175.96
22448,PIN CUSHION RUSSIAN DOLL RED,395,1230.67
22449,SILK PURSE BABUSHKA PINK,851,2803.63
22449,SILK PURSE RUSSIAN DOLL PINK,460,1530.6200000000001
22450,SILK PURSE BABUSHKA BLUE,451,1525.5500000000002
22450,SILK PURSE RUSSIAN DOLL BLUE,372,1235.88
22451,SILK PURSE BABUSHKA RED,726,2494.92
22451,SILK PURSE RUSSIAN DOLL RED,605,1975.27
22452,MEASURING TAPE BABUSHKA PINK,1082,2785.75
22452,MEASURING TAPE RUSSIAN DOLL PINK,176,534.0000000000001
22453,MEASURING TAPE BABUSHKA BLUE,691,1885.46
22453,MEASURING TAPE RUSSIAN DOLL BLUE,102,303.86000000000007
22454,MEASURING TAPE BABUSHKA RED,737,2095.9100000000003
22454,MEASURING TAPE RUSSIAN DOLL RED,654,1796.42
22456,NATURAL SLATE CHALKBOARD LARGE ,4312,21081.7
22457,NATURAL SLATE HEART CHALKBOARD ,15264,46972.280000000006
22458,CAST IRON HOOK GARDEN FORK,1523,3790.47
22459,CAST IRON HOOK GARDEN TROWEL,1378,3389.74
22460,EMBOSSED GLASS TEALIGHT HOLDER,4745,6251.75
22461,SAVOY ART DECO CLOCK,348,2982.11
22464,HANGING METAL HEART LANTERN,7597,12606.409999999998
22465,HANGING METAL STAR LANTERN,4372,7066.589999999999
22466,FAIRY TALE COTTAGE NIGHT LIGHT,959,1951.29
22466,FAIRY TALE COTTAGE NIGHTLIGHT,4314,7834.94
22467,GUMBALL COAT RACK,11574,27393.93
22468,BABUSHKA LIGHTS STRING OF 10,1678,11190.3
22469,HEART OF WICKER SMALL,27627,48510.46
22470,HEART OF WICKER LARGE,17377,52477.43
22471,TV DINNER TRAY AIR HOSTESS ,624,2556.91
22472,"TRAY FOR TV DINNER , DOLLY GIRL",6,29.700000000000003
22472,TV DINNER TRAY DOLLY GIRL,1088,5105.87
22473,TV DINNER TRAY VINTAGE PAISLEY,811,3070.92
22474,SPACEBOY TV DINNER TRAY,934,4580.83
22474,"TRAY FOR TV DINNER ,SPACEBOY",6,29.700000000000003
22475,SKULL DESIGN TV DINNER TRAY,763,3827.1000000000004
22476,EMPIRE UNION JACK TV DINNER TRAY,1322,5169.11
22477,WATERING CAN GARDEN MARKER,2413,3355.49
22478,BIRDHOUSE GARDEN MARKER ,2770,3845.91
22479,DAISY GARDEN MARKER,1939,2691.19
22480,RED TEA TOWEL CLASSIC DESIGN,2368,2863.06
22481,BLACK TEA TOWEL CLASSIC DESIGN,1272,1309.81
22482,BLUE TEA TOWEL CLASSIC DESIGN,2319,2739.43
22483,RED GINGHAM TEDDY BEAR ,1860,5390.360000000001
22485,SET OF 2 WOODEN MARKET CRATES,1088,14512.09
22486,PLASMATRONIC LAMP,90,677.9
22487,WHITE WOOD GARDEN PLANT LADDER,1562,15738.099999999999
22488,NATURAL SLATE RECTANGLE CHALKBOARD,6856,11707.21
22489,PACK OF 12 TRADITIONAL CRAYONS,17568,7419.79
22491,PACK OF 12 COLOURED PENCILS,7243,5815.719999999999
22492,MINI PAINT SET VINTAGE ,42005,26873.54
22492,MINI PAINT SET VINTAGE  BOY+ GIRL,1260,761.4
22493, PAINT YOUR OWN CANVAS SET,492,744.5999999999999
22493,PAINT YOUR OWN CANVAS SET,3972,6465.419999999999
22494,EMERGENCY FIRST AID TIN ,2714,3667.17
22495,SET OF 2 ROUND TINS CAMEMBERT ,934,2664.6200000000003
22496,SET OF 2 ROUND TINS DUTCH CHEESE,725,1978.39
22497,SET OF 2 TINS VINTAGE BATHROOM ,924,4217.82
22498,WOODEN REGATTA BUNTING,1135,6933.740000000001
22499,WOODEN UNION JACK BUNTING,3577,21784.870000000003
22500,SET OF 2 TINS JARDIN DE PROVENCE,576,2627.51
22501,PICNIC BASKET WICKER LARGE,2481,29180.91
22502,PICNIC BASKET WICKER 60 PIECES,61,39619.5
22502,PICNIC BASKET WICKER SMALL,3619,20824.38
22503,CABIN BAG VINTAGE PAISLEY,119,2631.3199999999997
22504,CABIN BAG VINTAGE RETROSPOT,354,7662.78
22505,MEMO BOARD COTTAGE DESIGN,3754,17940.58
22507,MEMO BOARD RETROSPOT  DESIGN,5431,25485.36
22508,DOORSTOP RETROSPOT HEART,2854,11464.45
22509,SEWING BOX RETROSPOT DESIGN ,368,4842.3099999999995
22510,DOORSTOP RUSSIAN DOLL GINGHAM,44,188.22
22510,GINGHAM BABUSHKA DOORSTOP,272,633.35
22511,DOORSTOP RUSSIAN DOLL RETROSPOT,101,371.1
22511,RETROSPOT BABUSHKA DOORSTOP,295,671.8100000000001
22512,DOORSTOP RACING CAR DESIGN,384,956.17
22513,DOORSTOP FOOTBALL DESIGN,585,1894.7
22514,CHILDS GARDEN SPADE BLUE,1080,2198.7200000000003
22515,CHILDS GARDEN SPADE PINK,1042,2121.34
22516,CHILDS GARDEN RAKE BLUE,836,1694.3000000000002
22517,CHILDS GARDEN RAKE PINK,806,1589.41
22518,CHILDS GARDEN BRUSH BLUE,1398,2899.8
22519,CHILDS GARDEN BRUSH PINK,1411,2939.3700000000003
22520,CHILDS GARDEN TROWEL BLUE ,2292,2009.58
22521,CHILDS GARDEN TROWEL PINK,2286,1986.2299999999998
22522,CHILDS GARDEN FORK BLUE ,2224,1893.06
22523,CHILDS GARDEN FORK PINK,2168,1869.54
22524,CHILDRENS GARDEN GLOVES BLUE,1911,2695.73
22525,CHILDRENS GARDEN GLOVES PINK,1931,2730.04
22526,WHEELBARROW FOR CHILDREN ,532,6536.67
22528,GARDENERS KNEELING PAD,5779,7567.16
22529,MAGIC DRAWING SLATE GO TO THE FAIR ,2341,943.71
22529,MAGIC SLATE GO TO THE FAIR ,96,40.32
22530,MAGIC DRAWING SLATE DOLLY GIRL ,9825,4156.29
22530,MAGIC SLATE DOLLY GIRL ,192,80.64
22531,MAGIC DRAWING SLATE CIRCUS PARADE  ,7944,3427.12
22531,MAGIC SLATE CIRCUS PARADE  ,192,80.64
22532,MAGIC DRAWING SLATE LEAP FROG ,2766,1060.78
22532,MAGIC SLATE LEAP FROG ,96,40.32
22533,MAGIC DRAWING SLATE BAKE A CAKE ,4399,1732.96
22533,MAGIC SLATE BAKE A CAKE ,48,20.16
22534,MAGIC DRAWING SLATE SPACEBOY ,12464,5335.45
22534,MAGIC SLATE SPACEBOY ,288,120.96000000000001
22535,MAGIC DRAWING SLATE BUNNIES ,4046,1691.13
22535,MAGIC SLATE BUNNIES AT HOME ,288,120.96000000000001
22536,MAGIC DRAWING SLATE FIDO,360,151.2
22536,MAGIC DRAWING SLATE PURDEY,8312,3266.26
22536,MAGIC SLATE FIDO,288,120.96000000000001
22537,MAGIC DRAWING SLATE DINOSAUR,5669,2340.27
22537,MAGIC SLATE DINOSAUR,144,60.480000000000004
22538,MINI JIGSAW GO TO THE FAIR,1443,610.4300000000001
22539,MINI JIGSAW DOLLY GIRL,5653,2267.71
22540,MINI JIGSAW CIRCUS PARADE ,6159,2409.0299999999997
22541,MINI JIGSAW LEAP FROG,1245,503.92
22543,MINI JIGSAW BAKE A CAKE ,3247,1281.49
22544,MINI JIGSAW SPACEBOY,9291,3718.2999999999997
22545,MINI JIGSAW BUNNIES,2970,1219.04
22545,MINI JIGSAW BUNNIES AT HOME,432,181.44
22546,MINI JIGSAW FIDO,672,282.24
22546,MINI JIGSAW PURDEY,3702,1478.1399999999999
22547,MINI JIGSAW DINOSAUR ,1978,845.98
22548,HEADS AND TAILS SPORTING FUN,3526,4404.31
22549,PICTURE DOMINOES,6520,9716.96
22550,HOLIDAY FUN LUDO,1970,7339.64
22551,PLASTERS IN TIN SPACEBOY,15154,25477.719999999998
22553,PLASTERS IN TIN SKULLS,7698,12854.749999999998
22554,PLASTERS IN TIN WOODLAND ANIMALS,13429,22610.569999999996
22555,PLASTERS IN TIN MR STRONG ,228,357.0
22555,PLASTERS IN TIN STRONGMAN,11281,18257.32
22556,PLASTERS IN TIN CIRCUS PARADE ,13478,22157.53
22557,PLASTERS IN TIN VINTAGE PAISLEY ,10301,17289.1
22558,CLOTHES PEGS RETROSPOT PACK 24 ,13718,19382.46
22559,SEASIDE FLYING DISC,1271,1611.33
22559,SEASIDE FRISBEE ,308,370.54
22560,TRADITIONAL MODELLING CLAY,14661,17670.510000000002
22561,WOODEN SCHOOL COLOURING SET,11232,18912.57
22562,MONSTERS STENCIL CRAFT,3978,4682.3
22563,HAPPY STENCIL CRAFT,5939,6920.1
22564,ALPHABET STENCIL CRAFT,3891,4500.33
22565,FELTCRAFT HAIRBANDS PINK + WHITE ,72,61.199999999999996
22565,FELTCRAFT HAIRBANDS PINK AND WHITE ,2013,1840.1399999999999
22566,FELTCRAFT HAIRBAND PINK AND PURPLE,2740,2292.22
22566,"FELTCRAFT HAIRBAND S/2, PINK/PURPLE",96,81.6
22567,20 DOLLY PEGS RETROSPOT,5512,6894.38
22568,FELTCRAFT CUSHION OWL,5267,19519.81
22569,FELTCRAFT CUSHION BUTTERFLY,5176,18933.8
22570,FELTCRAFT CUSHION RABBIT,5200,19436.77
22571,ROCKING HORSE RED CHRISTMAS ,5671,5055.07
22572,ROCKING HORSE GREEN CHRISTMAS ,3436,3084.63
22573,STAR WOODEN CHRISTMAS DECORATION,4907,4403.83
22574,HEART WOODEN CHRISTMAS DECORATION,4786,4409.33
22575,METAL MERRY CHRISTMAS WREATH,3019,6539.21
22576,SWALLOW WOODEN CHRISTMAS DECORATION,3126,2829.98
22577,WOODEN HEART CHRISTMAS SCANDINAVIAN,13886,7040.879999999999
22577,WOODEN HEART CHRISTMAS SCANDISPOT,36,30.599999999999998
22578,WOODEN STAR CHRISTMAS SCANDINAVIAN,13097,6245.549999999999
22578,WOODEN STAR CHRISTMAS SCANDISPOT,72,61.199999999999996
22579,WOODEN TREE CHRISTMAS SCANDINAVIAN,6960,3634.08
22579,WOODEN TREE CHRISTMAS SCANDISPOT,96,81.6
22580,ADVENT CALENDAR GINGHAM SACK,2258,12809.28
22581,WOOD STOCKING CHRISTMAS SCANDISPOT,3563,2850.93
22582,PACK OF 6 SWEETIE GIFT BOXES,2444,6141.17
22583,PACK OF 6 HANDBAG GIFT BOXES,1762,4682.9
22584,PACK OF 6 PANETTONE GIFT BOXES,219,512.9300000000001
22584,PACK OF 6 PANNETONE GIFT BOXES,4806,12349.0
22585,PACK OF 6 BIRDY GIFT TAGS,17163,21534.39
22586,FELTCRAFT HAIRBAND PINK AND BLUE,2039,1774.34
22587,FELTCRAFT HAIRBAND RED AND BLUE,1908,1686.51
22587,"FELTCRAFT HAIRBAND, S/2, RED/BLUE",204,154.67999999999998
22588,CARD HOLDER GINGHAM HEART,2552,7148.07
22588,CARDHOLDER GINGHAM HEART,102,216.90000000000003
22589,CARDHOLDER GINGHAM STAR,1299,3580.88
22591,CARDHOLDER GINGHAM CHRISTMAS TREE,1265,3639.45
22592,CARDHOLDER HOLLY WREATH METAL,1978,7949.34
22593,CHRISTMAS GINGHAM STAR,5276,4720.219999999999
22594,CHRISTMAS GINGHAM TREE,4790,4376.48
22595,CHRISTMAS GINGHAM HEART,6252,5326.23
22595,GINGHAM HEART DECORATION,6139,5114.41
22596,CHRISTMAS STAR WISH LIST CHALKBOARD,6302,6437.08
22597,CHRISTMAS MUSICAL ZINC HEART ,1850,1586.49
22597,MUSICAL ZINC HEART DECORATION ,2729,1150.69
22598,CHRISTMAS MUSICAL ZINC TREE,1784,1126.75
22599,CHRISTMAS MUSICAL ZINC STAR,3095,1956.4799999999998
22600,CHRISTMAS RETROSPOT STAR WOOD,4832,4186.099999999999
22601,CHRISTMAS RETROSPOT ANGEL WOOD,5246,4543.79
22602,CHRISTMAS RETROSPOT HEART WOOD,4295,3519.1099999999997
22602,RETROSPOT WOODEN HEART DECORATION,2036,1852.28
22603,CHRISTMAS RETROSPOT TREE WOOD,4130,3541.04
22604,SET OF 4 NAPKIN CHARM CUTLERY,18,45.9
22604,SET OF 4 NAPKIN CHARMS CUTLERY,1975,4850.5199999999995
22605,WOODEN CROQUET GARDEN SET,1813,23256.52
22606,WOODEN SKITTLES GARDEN SET,1035,14451.24
22607,WOODEN ROUNDERS GARDEN SET ,2517,22772.99
22608,PENS ASSORTED FUNKY JEWELED ,5692,1541.8799999999999
22609,PENS ASSORTED SPACEBALL,6943,2315.9
22610,PENS ASSORTED FUNNY FACE,12644,5076.94
22611,VINTAGE UNION JACK SHOPPING BAG,903,4318.83
22612,TEA COSY VINTAGE UNION JACK,997,3969.99
22613,PACK OF 20 SPACEBOY NAPKINS,3041,2411.2599999999998
22614,PACK OF 12 SPACEBOY TISSUES,5593,1912.0299999999997
22615,PACK OF 12 CIRCUS PARADE TISSUES ,3706,1141.1999999999998
22616,PACK OF 12 LONDON TISSUES ,39075,12438.08
22617,BAKING SET SPACEBOY DESIGN,4008,19399.440000000002
22618,COOKING SET RETROSPOT,587,5758.28
22619, SET Of 6 SOLDIER SKITTLES,16,60.0
22619,SET OF 6 SOLDIER SKITTLES,3982,15522.59
22620,4 TRADITIONAL SPINNING TOPS,8165,11053.05
22621,TRADITIONAL KNITTING NANCY,8641,13670.269999999999
22622,BOX OF VINTAGE ALPHABET BLOCKS,2884,28890.76
22623,BOX OF VINTAGE JIGSAW BLOCKS ,2233,12077.230000000001
22624,IVORY KITCHEN SCALES,3126,27068.530000000002
22625,RED KITCHEN SCALES,2590,22612.350000000002
22626,BLACK KITCHEN SCALES,824,7056.9800000000005
22627,MINT KITCHEN SCALES,1584,13891.09
22628,PICNIC BOXES SET OF 3 RETROSPOT ,1717,8234.15
22629,SPACEBOY LUNCH BOX ,20736,37829.65
22630,DOLLY GIRL LUNCH BOX,17756,32849.83
22631,CIRCUS PARADE LUNCH BOX ,6236,12171.65
22631,CIRCUS PARADE LUNCHBOX ,0,0.0
22632,HAND WARMER RED POLKA DOT,2592,4876.2
22632,HAND WARMER RED RETROSPOT,7663,15592.630000000001
22633,HAND WARMER UNION JACK,8502,17494.77
22634,CHILDS BREAKFAST SET SPACEBOY ,1594,15040.25
22635,CHILDS BREAKFAST SET DOLLY GIRL ,1536,14681.56
22636,CHILDS BREAKFAST SET CIRCUS PARADE,1573,13061.33
22637,PIGGY BANK RETROSPOT ,4409,11320.92
22638,SET OF 4 NAPKIN CHARMS CROWNS ,404,732.68
22639,SET OF 4 NAPKIN CHARMS HEARTS,1645,4005.8199999999997
22640,SET OF 4 NAPKIN CHARMS 3 KEYS ,357,765.39
22641,SET OF 4 NAPKIN CHARMS INSTRUMENT,288,674.3
22641,SET OF 4 NAPKIN CHARMS INSTUMENT   ,12,30.599999999999998
22642,SET OF 4 NAPKIN CHARMS STARS   ,989,2348.47
22643,SET OF 4 NAPKIN CHARMS LEAVES   ,464,1006.2399999999999
22644,CERAMIC CHERRY CAKE MONEY BANK,4750,6815.429999999999
22645,CERAMIC HEART CAKE MONEY BANK,120,159.6
22645,CERAMIC HEART FAIRY CAKE MONEY BANK,5353,9639.58
22646,CERAMIC STRAWBERRY CAKE MONEY BANK,8804,12499.71
22647,CERAMIC LOVE HEART MONEY BANK,1034,884.8299999999999
22649,STRAWBERRY CAKE TEAPOT,16,79.2
22649,STRAWBERRY FAIRY CAKE TEAPOT,2214,11109.68
22650,CERAMIC PIRATE CHEST MONEY BANK,1749,2664.23
22651,GENTLEMAN SHIRT REPAIR KIT ,3175,2720.8599999999997
22652,TRAVEL SEWING KIT,9854,16701.65
22653,BUTTON BOX ,2987,5532.41
22654,DELUXE SEWING KIT ,2482,16664.87
22655,VINTAGE RED KITCHEN CABINET,64,10524.5
22656,VINTAGE BLUE KITCHEN CABINET,32,6921.5
22657,HEN & 2 CHICKS IN BASKET,59,50.15
22659,LUNCH BOX I LOVE LONDON,15605,28988.86
22659,LUNCHBOX I LOVE LONDON,0,0.0
22660,DOORMAT I LOVE LONDON,875,5791.71
22661,CHARLOTTE BAG DOLLY GIRL DESIGN,8183,6607.11
22662,LUNCH BAG DOLLY GIRL DESIGN,9883,16101.41
22663,JUMBO BAG DOLLY GIRL DESIGN,5730,11398.99
22664,TOY TIDY DOLLY GIRL DESIGN,1417,2928.9900000000002
22665,RECIPE BOX BLUE SKETCHBOOK DESIGN,2910,9459.890000000001
22666,RECIPE BOX PANTRY YELLOW DESIGN,10469,33027.07
22667,RECIPE BOX RETRO SPOT DESIGN,934,2620.9
22667,RECIPE BOX RETROSPOT ,3773,10571.95
22668,PINK BABY BUNTING,3520,10720.4
22669,RED BABY BUNTING ,2331,7471.69
22670,FRENCH WC SIGN BLUE METAL,3272,4170.01
22671,FRENCH LAUNDRY SIGN BLUE METAL,1684,2804.9399999999996
22672,FRENCH BATHROOM SIGN BLUE METAL,2833,4708.0599999999995
22673,FRENCH GARDEN SIGN BLUE METAL,1211,1549.49
22674,FRENCH TOILET SIGN BLUE METAL,2363,2938.83
22675,FRENCH KITCHEN SIGN BLUE METAL,2199,2719.95
22676,FRENCH BLUE METAL DOOR SIGN 1,1242,1708.56
22676,"FRENCH BLUE METAL DOOR SIGN, 1",577,742.67
22677,FRENCH BLUE METAL DOOR SIGN 2,1063,1472.87
22677,"FRENCH BLUE METAL DOOR SIGN, 2",509,656.41
22678,FRENCH BLUE METAL DOOR SIGN 3,888,1216.63
22678,"FRENCH BLUE METAL DOOR SIGN, 3",501,645.15
22679,FRENCH BLUE METAL DOOR SIGN 4,785,1086.84
22679,"FRENCH BLUE METAL DOOR SIGN, 4",468,596.34
22680,FRENCH BLUE METAL DOOR SIGN 5,849,1172.84
22680,"FRENCH BLUE METAL DOOR SIGN, 5",477,610.11
22681,FRENCH BLUE METAL DOOR SIGN 6,725,994.61
22681,"FRENCH BLUE METAL DOOR SIGN, 6",430,550.1
22682,FRENCH BLUE METAL DOOR SIGN 7,712,948.06
22682,"FRENCH BLUE METAL DOOR SIGN, 7",443,560.05
22683,FRENCH BLUE METAL DOOR SIGN 8,661,900.3
22683,"FRENCH BLUE METAL DOOR SIGN, 8",458,586.36
22684,FRENCH BLUE METAL DOOR SIGN 9,549,753.61
22684,"FRENCH BLUE METAL DOOR SIGN, 9",450,572.58
22685,FRENCH BLUE METAL DOOR SIGN 0,611,805.83
22685,"FRENCH BLUE METAL DOOR SIGN, 0",461,577.51
22686,FRENCH BLUE METAL DOOR SIGN No,1026,1358.45
22686,"FRENCH BLUE METAL DOOR SIGN, No",356,468.94
22687,DOORMAT CHRISTMAS VILLAGE,895,5784.67
22688,DOORMAT PEACE ON EARTH BLUE,865,4756.7
22689,DOORMAT MERRY CHRISTMAS RED ,1040,8012.72
22690,DOORMAT HOME SWEET HOME BLUE ,2524,15788.050000000001
22691,DOORMAT WELCOME SUNRISE,615,4533.25
22692,DOORMAT WELCOME TO OUR HOME,1992,15300.9
22693,GROW A FLYTRAP OR SUNFLOWER IN TIN,17803,20379.08
22694,WICKER STAR ,4713,10610.6
22695,WICKER WREATH SMALL,1457,2070.15
22696,WICKER WREATH LARGE,1415,2790.83
22697,GREEN REGENCY TEACUP AND SAUCER,9437,29445.75
22697,TEACUP AND SAUCER REGENCY GREEN,174,472.5
22698,PINK REGENCY TEACUP AND SAUCER,7852,23443.870000000003
22698,TEACUP AND SAUCER REGENCY PINK,144,384.0
22699,ROSES REGENCY TEACUP AND SAUCER ,12369,36387.55
22699,TEACUP AND SAUCER REGENCY ROSES,210,566.7
22700,BLACK AND WHITE DOG BOWL,1362,3124.1
22701,PINK DOG BOWL,659,1277.57
22702,BLACK AND WHITE CAT BOWL,1587,3152.3699999999994
22703,PINK CAT BOWL,513,921.8100000000001
22704,WRAP RED APPLES ,8628,3543.76
22705,WRAP GREEN PEARS ,3708,1557.36
22706,WRAP COWBOYS  ,4172,1672.24
22707,WRAP MONSTER FUN ,2157,905.94
22708,WRAP DOLLY GIRL,5300,2130.0
22709,WRAP WEDDING DAY,2774,1089.08
22710,WRAP I LOVE LONDON ,7059,2768.78
22711,WRAP CIRCUS PARADE,5327,2189.34
22712,CARD DOLLY GIRL ,7258,2986.88
22713,CARD I LOVE LONDON ,6064,2607.72
22714,CARD BIRTHDAY COWBOY,5169,2116.87
22715,CARD WEDDING DAY,2717,1133.93
22716,CARD CIRCUS PARADE,5206,2206.37
22717,CARD DOG AND BALL ,2393,1013.38
22718,CARD CAT AND TREE ,2569,1126.24
22719,"GUMBALL COATHOOK., BLACK & WHITE ",20,25.0
22719,GUMBALL MONOCHROME COAT RACK,1419,1932.39
22720,SET OF 3 CAKE TINS PANTRY DESIGN ,7329,37378.79
22721,SET OF 3 CAKE TINS SKETCHBOOK,1020,4671.81
22722,SET OF 6 SPICE TINS PANTRY DESIGN,5936,24318.260000000002
22723,SET OF 6 HERB TINS SKETCHBOOK,1162,4254.92
22725,ALARM CLOCK BAKELIKE CHOCOLATE,2461,10111.17
22726,ALARM CLOCK BAKELIKE GREEN,7606,32365.57
22727,ALARM CLOCK BAKELIKE RED ,9150,36228.77
22728,ALARM CLOCK BAKELIKE PINK,6162,24058.56
22729,ALARM CLOCK BAKELIKE ORANGE,2964,11733.11
22730,ALARM CLOCK BAKELIKE IVORY,3644,14649.77
22731,3D CHRISTMAS STAMPS STICKERS ,1984,2786.12
22731,3D STICKERS CHRISTMAS STAMPS,940,1137.0
22732,3D STICKERS VINTAGE CHRISTMAS,1060,1268.0
22732,3D VINTAGE CHRISTMAS STICKERS ,2713,3733.84
22733,3D STICKERS TRADITIONAL CHRISTMAS ,980,1187.0
22733,3D TRADITIONAL CHRISTMAS STICKERS,2441,3213.49
22734,SET OF 6 RIBBONS VINTAGE CHRISTMAS,9742,26677.05
22735,RIBBON REEL SOCKS AND MITTENS,1434,2541.38
22736,RIBBON REEL MAKING SNOWMEN ,2444,4401.33
22736,"RIBBON REEL, MAKING SNOWMEN ",60,99.0
22737,RIBBON REEL CHRISTMAS PRESENT ,3226,5774.43
22738,RIBBON REEL SNOWY VILLAGE,4307,7805.57
22739,RIBBON REEL CHRISTMAS SOCK BAUBLE,3191,6035.94
22739,"RIBBON REEL, XMAS SOCK/BAUBLE",700,1131.0
22740,POLKA DOT PEN,1248,1060.8
22740,POLKADOT PEN,12049,10293.71
22740,POLKADOT PENS,48,40.8
22741,FUNKY DIVA PEN,10601,9129.679999999998
22742,MAKE YOUR OWN PLAYTIME CARD KIT,1000,2469.4
22743,MAKE YOUR OWN FLOWERPOWER CARD KIT,1496,4524.8
22744,MAKE YOUR OWN MONSOON CARD KIT,1453,4081.4700000000003
22745,POPPY'S PLAYHOUSE BEDROOM ,3963,9737.34
22746,POPPY'S PLAYHOUSE LIVINGROOM ,2898,6674.05
22747,POPPY'S PLAYHOUSE BATHROOM,2029,4474.6
22748,POPPY'S PLAYHOUSE KITCHEN,4125,10125.7
22749,FELTCRAFT PRINCESS CHARLOTTE DOLL,3758,15350.6
22750,FELTCRAFT PRINCESS LOLA DOLL,3115,11660.1
22751,FELTCRAFT PRINCESS OLIVIA DOLL,2258,8423.47
22752,SET 7 BABUSHKA NESTING BOXES,3235,26378.25
22753,SMALL YELLOW BABUSHKA NOTEBOOK ,2320,1905.01
22754,SMALL RED BABUSHKA NOTEBOOK ,3912,3034.66
22755,SMALL PURPLE BABUSHKA NOTEBOOK ,3764,2987.43
22756,LARGE YELLOW BABUSHKA NOTEBOOK ,1192,1378.45
22757,LARGE RED BABUSHKA NOTEBOOK ,2695,3068.93
22758,LARGE PURPLE BABUSHKA NOTEBOOK  ,2419,2595.85
22759,SET OF 3 NOTEBOOKS IN PARCEL,9354,15823.659999999998
22760,"TRAY, BREAKFAST IN BED",346,4381.19
22761,CHEST 7 DRAWER MA CAMPAGNE,45,1113.93
22762,CUPBOARD 3 DRAWER MA CAMPAGNE,186,3031.72
22763,KEY CABINET MA CAMPAGNE,655,5360.9400000000005
22764,"RUSTIC WOODEN CABINET, GLASS DOORS",179,3368.6899999999996
22765,NEWSPAPER STAND,310,3493.35
22766,PHOTO FRAME CORNICE,4304,12678.400000000001
22767,TRIPLE PHOTO FRAME CORNICE ,964,9080.23
22768,FAMILY PHOTO FRAME CORNICE,1120,10689.519999999999
22769,CHALKBOARD KITCHEN ORGANISER,157,3256.71
22770,MIRROR CORNICE,105,1694.97
22771,CLEAR DRAWER KNOB ACRYLIC EDWARDIAN,7435,10079.58
22771,DRAWER KNOB ACRYLIC EDWARDIAN CLEAR,24,30.0
22772,DRAWER KNOB ACRYLIC EDWARDIAN PINK,24,30.0
22772,PINK DRAWER KNOB ACRYLIC EDWARDIAN,4338,5866.17
22773,DRAWER KNOB ACRYLIC EDWARDIAN GREEN,24,30.0
22773,GREEN DRAWER KNOB ACRYLIC EDWARDIAN,2356,3126.11
22774,RED DRAWER KNOB ACRYLIC EDWARDIAN,2763,3556.25
22775,DRAWERKNOB ACRYLIC EDWARDIAN PURPLE,24,30.0
22775,PURPLE DRAWERKNOB ACRYLIC EDWARDIAN,3539,5072.53
22776,"CAKESTAND, 3 TIER, LOVEHEART",46,405.5
22776,SWEETHEART 3 TIER CAKE STAND ,260,3151.63
22776,SWEETHEART CAKESTAND 3 TIER,1268,12742.98
22777,GLASS BELL JAR LARGE,2,17.0
22777,GLASS CLOCHE LARGE,447,3771.67
22778,GLASS BELL JAR SMALL,4,15.8
22778,GLASS CLOCHE SMALL,897,3577.89
22779,WOODEN OWLS LIGHT GARLAND ,1709,6520.85
22780,LIGHT GARLAND BUTTERFILES PINK,1598,6061.34
22781,GUMBALL MAGAZINE RACK,816,6693.83
22782,SET 3 WICKER STORAGE BASKETS ,254,3712.2999999999997
22783,SET 3 WICKER OVAL BASKETS W LIDS,482,6316.3
22784,LANTERN CREAM GAZEBO ,1499,7478.14
22785,CUSHION COVER PINK UNION FLAG,120,792.0600000000001
22785,SQUARECUSHION COVER PINK UNION FLAG,119,833.8199999999999
22785,SQUARECUSHION COVER PINK UNION JACK,173,581.23
22786,CUSHION COVER PINK UNION JACK,181,1140.27
22786,PILLOWCUSHION COVER PINK UNION JACK,67,408.83000000000004
22788,BROCANTE COAT RACK,469,3875.87
22789,T-LIGHT HOLDER SWEETHEART HANGING,1237,2417.59
22790,"MIRROR, ARCHED GEORGIAN",200,3884.0000000000005
22791,T-LIGHT GLASS FLUTED ANTIQUE,9268,11519.69
22792,FLUTED ANTIQUE CANDLE HOLDER,3477,3230.93
22794,SWEETHEART WIRE MAGAZINE RACK,384,3231.6
22795,SWEETHEART RECIPE BOOK STAND,1574,11056.86
22796,PHOTO FRAME 3 CLASSIC HANGING,747,7456.599999999999
22797,CHEST OF DRAWERS GINGHAM HEART ,217,3793.81
22798,ANTIQUE GLASS DRESSING TABLE POT,2315,7182.6900000000005
22799,SWEETHEART WIRE FRUIT BOWL,252,2012.34
22800,ANTIQUE TALL SWIRLGLASS TRINKET POT,1111,4526.4
22801,ANTIQUE GLASS PEDESTAL BOWL,1263,5139.56
22802,FAUX FUR CHOCOLATE THROW,110,1933.59
22803,IVORY EMBROIDERED QUILT ,59,2237.84
22804,CANDLEHOLDER PINK HANGING HEART,4041,11536.640000000001
22804,PINK HANGING HEART T-LIGHT HOLDER,716,1244.3600000000001
22805,BLUE DRAWER KNOB ACRYLIC EDWARDIAN,2194,2992.57
22806,SET OF 6 T-LIGHTS WEDDING CAKE ,378,1014.82
22807,SET OF 6 T-LIGHTS TOADSTOOLS,1356,4035.3100000000004
22808,SET OF 6 T-LIGHTS EASTER CHICKS,402,1190.7800000000002
22809,SET OF 6 T-LIGHTS SANTA,2520,7532.72
22810,SET OF 6 T-LIGHTS SNOWMEN,2135,6559.530000000001
22811,SET OF 6 T-LIGHTS CACTI ,1020,2881.18
22812,PACK 3 BOXES CHRISTMAS PANETTONE,70,236.78
22812,PACK 3 BOXES CHRISTMAS PANNETONE,4762,10406.0
22813,PACK 3 BOXES BIRD PANETTONE ,204,451.84
22813,PACK 3 BOXES BIRD PANNETONE ,3740,7210.04
22814,CARD PARTY GAMES ,2728,1147.77
22815,CARD PSYCHEDELIC APPLES,3433,1468.53
22816,CARD MOTORBIKE SANTA,6808,2930.77
22817,CARD SUKI BIRTHDAY,3392,1434.9
22818,CARD CHRISTMAS VILLAGE,6146,2660.38
22819,"BIRTHDAY CARD, RETRO SPOT",3351,1418.12
22820,GIFT BAG BIRTHDAY,1351,843.83
22821,GIFT BAG PSYCHEDELIC APPLES,1644,1037.0500000000002
22822,CREAM WALL PLANTER HEART SHAPED,579,3355.4500000000003
22823,CHEST NATURAL WOOD 20 DRAWERS,32,3655.0
22824,3 TIER SWEETHEART GARDEN SHELF,60,2118.0
22825,DECORATIVE PLANT POT WITH FRIEZE,93,745.77
22826,LOVE SEAT ANTIQUE WHITE METAL,54,5692.5
22827,GIANT SEVENTEEN DRAWER SIDEBOARD,8,1240.0
22827,RUSTIC  SEVENTEEN DRAWER SIDEBOARD,34,5330.0
22828,REGENCY MIRROR WITH SHUTTERS,15,2275.0
22829,BROCANTE SHELF WITH HOOKS,1,9.95
22829,SWEETHEART WIRE WALL TIDY,230,2370.72
22830,UTILTY CABINET WITH HOOKS,181,3760.71
22831,WHITE BROCANTE SOAP DISH,776,2286.28
22832,BROCANTE SHELF WITH HOOKS,166,1835.3
22832,SWEETHEART WIRE WALL TIDY,12,122.6
22833,HALL CABINET WITH 3 DRAWERS,120,4163.54
22834,HAND WARMER BABUSHKA DESIGN,6577,10741.58
22834,MINI HAND WARMER BABUSHKA DESIGN,108,214.8
22835,HOT WATER BOTTLE I AM SO POORLY,4894,25338.04
22837,HOT WATER BOTTLE BABUSHKA ,3361,15679.53
22837,HOT WATER BOTTLE BABUSHKA LARGE,136,618.0
22838,3 TIER CAKE TIN RED AND CREAM,757,11035.71
22838,"CAKE TIN, 3 TIER RED/IVORY",28,383.4
22839,3 TIER CAKE TIN GREEN AND CREAM,551,8572.369999999999
22839,"CAKE TIN, 3 TIER MINT/IVORY",13,176.75
22840,"CAKE TIN, ROUND, VINTAGE RED,CREAM",59,421.05
22840,ROUND CAKE TIN VINTAGE RED,1235,9373.050000000001
22841,"CAKE TIN, ROUND, VINTAGE MINT,IVORY",27,190.65
22841,ROUND CAKE TIN VINTAGE GREEN,726,5660.820000000001
22842,BISCUIT TIN VINTAGE RED,761,4943.83
22842,"BISCUIT TIN, RED,IVORY, VINTAGE",37,230.55
22843,BISCUIT TIN VINTAGE GREEN,578,3744.56
22843,"BISCUIT TIN, MINT,IVORY, VINTAGE",1,6.75
22844,"DOG FOOD CONTAINER , VINTAGE",10,85.0
22844,VINTAGE CREAM DOG FOOD CONTAINER,1152,10963.34
22844,VINTAGE DOG FOOD CONTAINER,36,308.64
22845,"CAT FOOD CONTAINER , VINTAGE",10,63.49999999999999
22845,VINTAGE CAT FOOD CONTAINER,34,218.14
22845,VINTAGE CREAM CAT FOOD CONTAINER,941,6394.86
22846,BREAD BIN DINER STYLE RED ,794,12763.369999999999
22846,"BREAD BIN, DINER STYLE, RED ",3,50.849999999999994
22847,BREAD BIN DINER STYLE IVORY,1063,16875.44
22847,"BREAD BIN, DINER STYLE, IVORY",45,682.7499999999999
22848,BREAD BIN DINER STYLE PINK,360,5792.65
22848,"BREAD BIN, DINER STYLE, PINK",8,127.6
22849,BREAD BIN DINER STYLE MINT,374,5840.179999999999
22849,"BREAD BIN, DINER STYLE, MINT",13,196.35
22850,BREAD BIN DINER STYLE BLACK,0,7.105427357601002e-15
22851,SET 20 NAPKINS FAIRY CAKES DESIGN ,5089,4127.38
22852,DOG BOWL VINTAGE CREAM,476,2111.38
22852,"DOG BOWL, ENAMEL , CREAM COLOUR",8,34.0
22852,ENAMEL DOG BOWL CREAM,76,300.48
22853,CAT BOWL VINTAGE CREAM,575,1989.27
22853,"CAT BOWL, ENAMEL , CREAM COLOUR",12,39.0
22853,ENAMEL CAT BOWL CREAM,52,157.8
22854,CREAM SWEETHEART EGG HOLDER,1154,5594.8
22855,FINE WICKER HEART ,4783,5964.24
22856,ASSORTED EASTER DECORATIONS  BELLS,856,1033.6000000000001
22857,ASSORTED EASTER GIFT TAGS,1230,1048.28
22858,EASTER TIN KEEPSAKE,1125,1860.84
22859,EASTER TIN BUNNY BOUQUET,1218,2032.9499999999998
22860,EASTER TIN CHICKS PINK DAISY,597,1036.1
22861,EASTER TIN CHICKS IN GARDEN,305,522.93
22862,LOVE HEART NAPKIN BOX ,754,3356.22
22863,SOAP DISH BROCANTE,1094,3128.26
22864,MUG AND COASTER SET RED CIRCLES,378,158.76
22865,HAND WARMER OWL DESIGN,14411,31151.690000000002
22866,HAND WARMER SCOTTY DOG DESIGN,12643,28007.370000000003
22867,HAND WARMER BIRD DESIGN,11790,25945.430000000004
22868,NUMBER TILE COTTAGE GARDEN 0 ,67,156.97
22868,"NUMBER TILE COTTAGE GARDEN, 0 ",57,113.40999999999998
22869,NUMBER TILE COTTAGE GARDEN 1,99,251.98999999999998
22869,"NUMBER TILE COTTAGE GARDEN, 1",67,139.69
22870,NUMBER TILE COTTAGE GARDEN 2,98,254.56
22870,"NUMBER TILE COTTAGE GARDEN, 2",57,113.40999999999998
22871,NUMBER TILE COTTAGE GARDEN 3 ,71,180.19
22871,"NUMBER TILE COTTAGE GARDEN, 3 ",56,109.19999999999999
22872,NUMBER TILE COTTAGE GARDEN 4,80,202.1
22872,"NUMBER TILE COTTAGE GARDEN, 4",56,109.19999999999999
22873,NUMBER TILE COTTAGE GARDEN 5,63,151.35
22873,"NUMBER TILE COTTAGE GARDEN, 5",57,111.14999999999999
22874,NUMBER TILE COTTAGE GARDEN 6,70,162.82
22874,"NUMBER TILE COTTAGE GARDEN, 6",56,109.19999999999999
22875,NUMBER TILE COTTAGE GARDEN 7,66,154.94
22875,"NUMBER TILE COTTAGE GARDEN, 7",57,113.41
22876,NUMBER TILE COTTAGE GARDEN 8,62,143.02
22876,"NUMBER TILE COTTAGE GARDEN, 8",56,109.19999999999999
22877,NUMBER TILE COTTAGE GARDEN 9,68,152.38
22877,"NUMBER TILE COTTAGE GARDEN, 9",58,115.36
22878,NUMBER TILE COTTAGE GARDEN No,82,229.44
22878,"NUMBER TILE COTTAGE GARDEN, No",45,98.72000000000001
22879,NUMBER TILE VINTAGE FONT 0,74,117.04
22879,"NUMBER TILE VINTAGE FONT, 0",8,17.36
22880,NUMBER TILE VINTAGE FONT 1,103,212.91
22880,"NUMBER TILE VINTAGE FONT, 1",8,17.36
22881,NUMBER TILE VINTAGE FONT 2,104,201.45999999999998
22881,"NUMBER TILE VINTAGE FONT, 2",8,17.36
22882,NUMBER TILE VINTAGE FONT 3,117,235.76999999999998
22882,"NUMBER TILE VINTAGE FONT, 3",8,17.36
22883,NUMBER TILE VINTAGE FONT 4,100,193.74
22883,"NUMBER TILE VINTAGE FONT, 4",8,17.36
22884,NUMBER TILE VINTAGE FONT 5,102,199.9
22884,"NUMBER TILE VINTAGE FONT, 5",8,17.36
22885,NUMBER TILE VINTAGE FONT 6 ,103,190.95
22885,"NUMBER TILE VINTAGE FONT, 6 ",8,17.36
22886,NUMBER TILE VINTAGE FONT 7,90,156.8
22886,"NUMBER TILE VINTAGE FONT, 7",8,17.36
22887,NUMBER TILE VINTAGE FONT 8,84,143.0
22887,"NUMBER TILE VINTAGE FONT, 8",8,17.36
22888,NUMBER TILE VINTAGE FONT 9 ,79,130.82999999999998
22889,NUMBER TILE VINTAGE FONT No ,173,276.42
22889,"NUMBER TILE VINTAGE FONT, No ",10,23.400000000000002
22890,NOVELTY BISCUITS CAKE STAND 3 TIER,749,7340.61
22891,TEA FOR ONE POLKADOT,607,2946.45
22892,SALT AND PEPPER SHAKERS TOADSTOOLS,397,486.35
22892,SET OF SALT AND PEPPER TOADSTOOLS,3007,3695.77
22893,MINI CAKE STAND T-LIGHT HOLDER,2700,1297.27
22894,TABLECLOTH RED APPLES DESIGN ,559,5143.78
22895,SET OF 2 TEA TOWELS APPLE AND PEARS,2841,8630.79
22896,PEG BAG APPLE DESIGN,387,874.3499999999999
22896,PEG BAG APPLES DESIGN,1671,4310.3
22897,OVEN MITT APPLE DESIGN,343,485.0
22897,OVEN MITT APPLES DESIGN,1571,2348.85
22898,CHILDRENS APRON APPLE DESIGN,291,524.71
22898,CHILDRENS APRON APPLES DESIGN,2876,6077.8
22899,CHILDREN'S APRON DOLLY GIRL ,2659,5528.5
22899,CHILDRENS APRON DOLLY GIRL ,107,226.81000000000003
22900, SET 2 TEA TOWELS I LOVE LONDON ,4024,12952.26
22900,SET 2 TEA TOWELS I LOVE LONDON ,1916,6329.18
22902,TOTE BAG I LOVE LONDON,1692,3456.1600000000003
22903,CALENDAR FAMILY FAVORITES,20,59.0
22903,CALENDAR FAMILY FAVOURITES,405,1114.96
22904,CALENDAR PAPER CUT DESIGN,3145,9869.150000000001
22905,CALENDAR IN SEASON DESIGN,1077,2957.17
22906,12 MESSAGE CARDS WITH ENVELOPES,3309,6126.179999999999
22907,PACK OF 20 NAPKINS PANTRY DESIGN,8442,7111.95
22908,PACK OF 20 NAPKINS RED APPLES,5603,4518.05
22909,SET OF 20 VINTAGE CHRISTMAS NAPKINS,16674,14941.599999999999
22910,PAPER CHAIN KIT VINTAGE CHRISTMAS,18186,57467.100000000006
22911,PAPER CHAIN KIT LONDON,841,2418.9500000000003
22912,YELLOW COAT RACK PARIS FASHION,307,1441.39
22913,RED COAT RACK PARIS FASHION,446,2088.05
22914,BLUE COAT RACK PARIS FASHION,565,2695.9100000000003
22915,ASSORTED BOTTLE TOP  MAGNETS ,3191,1436.72
22916,HERB MARKER THYME,1950,1355.5800000000002
22917,HERB MARKER ROSEMARY,1984,1378.8500000000001
22918,HERB MARKER PARSLEY,1913,1315.0600000000002
22919,HERB MARKER MINT,1788,1247.64
22920,HERB MARKER BASIL,1951,1358.14
22921,HERB MARKER CHIVES ,1759,1218.92
22922,FRIDGE MAGNETS US DINER ASSORTED,1839,1605.8999999999999
22923,FRIDGE MAGNETS LES ENFANTS ASSORTED,1407,1180.8899999999999
22924,FRIDGE MAGNETS LA VIE EN ROSE,1271,1144.37
22925,BLUE GIANT GARDEN THERMOMETER,480,2941.92
22926,IVORY GIANT GARDEN THERMOMETER,665,4061.06
22927,GREEN GIANT GARDEN THERMOMETER,454,2865.27
22928,YELLOW GIANT GARDEN THERMOMETER,290,2005.65
22929,SCHOOL DESK AND CHAIR ,20,1264.75
22930,BAKING MOULD HEART MILK CHOCOLATE,1012,2645.2
22931,BAKING MOULD HEART WHITE CHOCOLATE,813,1963.3
22932,BAKING MOULD TOFFEE CUP  CHOCOLATE,6,15.299999999999999
22932,BAKING MOULD TOFFEE CUP CHOCOLATE,758,1722.78
22933,BAKING MOULD EASTER EGG MILK CHOC,784,2248.1200000000003
22934,BAKING MOULD EASTER EGG WHITE CHOC,586,1698.6200000000001
22935,BAKING MOULD ROSE MILK CHOCOLATE,618,1868.82
22936,BAKING MOULD ROSE WHITE CHOCOLATE,207,697.97
22937,BAKING MOULD CHOCOLATE CUP CAKES,12,30.599999999999998
22937,BAKING MOULD CHOCOLATE CUPCAKES,935,2468.89
22937,BAKING MOULD CUPCAKE CHOCOLATE,12,30.599999999999998
22938,CUPCAKE LACE PAPER SET 6,3627,6774.249999999999
22939,ADULT APRON APPLE DELIGHT,184,945.88
22939,APRON APPLE DELIGHT,502,2487.36
22940,FELTCRAFT CHRISTMAS FAIRY,3452,15162.06
22941,CHRISTMAS LIGHTS 10 REINDEER,2541,21117.28
22942,CHRISTMAS LIGHTS 10 SANTAS ,1144,8853.560000000001
22943,CHRISTMAS LIGHTS 10 VINTAGE BAUBLES,2342,11506.390000000001
22944,CHRISTMAS METAL POSTCARD WITH BELLS,4569,3266.78
22945,CHRISTMAS METAL TAGS ASSORTED ,7371,7154.919999999999
22946,WOODEN ADVENT CALENDAR CREAM,950,14670.27
22947,WOODEN ADVENT CALENDAR RED,996,12482.88
22948,METAL DECORATION NAUGHTY CHILDREN ,2143,2154.49
22949,36 DOILIES DOLLY GIRL,1949,2765.33
22949,SET OF 36 DOLLY GIRL PAPER DOILIES,43,66.75999999999999
22950,36 DOILIES VINTAGE CHRISTMAS,7239,10051.769999999999
22950,SET OF 36 DOILIES VINTAGE CHRISTMAS,444,557.4
22950,SET OF 36 VINTAGE CHRISTMAS DOILIES,37,69.82
22951,60 CAKE CASES DOLLY GIRL DESIGN,9810,5197.72
22951,72 CAKE CASES DOLLY GIRL DESIGN,943,471.85
22952,60 CAKE CASES VINTAGE CHRISTMAS,27418,16529.11
22952,72 CAKE CASES VINTAGE CHRISTMAS,4346,2178.1400000000003
22952,SET 72 CAKE CASES VINTAGE CHRISTMAS,672,291.6
22953,BIRTHDAY BANNER TAPE,48,60.0
22953,BIRTHDAY PARTY CORDON BARRIER TAPE,712,888.55
22954,HEN PARTY BANNER TAPE,12,15.0
22954,HEN PARTY CORDON BARRIER TAPE,225,277.64
22955,36 FOIL STAR CAKE CASES ,1448,2885.26
22956,36 FOIL HEART CAKE CASES,2342,4595.700000000001
22957,SET 3 PAPER VINTAGE CHICK PAPER EGG,1749,4942.75
22959,WRAP CHRISTMAS VILLAGE,9363,3824.46
22959,"WRAPPING PAPER, XMAS VILLAGE",25,10.5
22960,JAM MAKING SET WITH JARS,8772,37367.32
22961,JAM MAKING SET PRINTED,16908,26443.829999999998
22962,JAM JAR WITH PINK LID,4281,3568.81
22963,JAM JAR WITH BLUE LID,26,18.98
22963,JAM JAR WITH GREEN LID,3555,2969.5699999999997
22964,3 PIECE SPACEBOY COOKIE CUTTER SET,2747,5739.43
22965,3 TRADITIONAL COOKIE CUTTERS  SET,354,671.4000000000001
22965,3 TRADITIONAl BISCUIT CUTTERS  SET,1450,3082.84
22966,GINGERBREAD MAN COOKIE CUTTER,8214,10125.01
22967,SET 3 SONG BIRD PAPER EGGS ASSORTED,1149,3206.51
22968,ROSE COTTAGE KEEPSAKE BOX ,1101,10936.27
22969,HOMEMADE JAM SCENTED CANDLES,14321,21316.19
22970,LONDON BUS COFFEE MUG,4318,10107.0
22971,QUEENS GUARD COFFEE MUG,2415,5811.64
22972,CHILDREN'S SPACEBOY MUG,1776,3044.8399999999997
22972,CHILDRENS SPACEBOY MUG,72,118.79999999999998
22973,CHILDREN'S CIRCUS PARADE MUG,1301,2215.7299999999996
22973,CHILDRENS CIRCUS PARADE MUG,36,59.39999999999999
22974,CHILDRENS DOLLY GIRL MUG,1616,2762.8099999999995
22975,SPACEBOY CHILDRENS EGG CUP,1244,1678.41
22976,CIRCUS PARADE CHILDRENS EGG CUP ,1114,1449.01
22977,DOLLY GIRL CHILDRENS EGG CUP,998,1312.61
22978,PANTRY ROLLING PIN,2389,9292.369999999999
22979,PANTRY WASHING UP BRUSH,3999,6274.2699999999995
22980,PANTRY SCRUBBING BRUSH,2282,3785.9599999999996
22981,PANTRY APPLE CORER,465,695.43
22982,PANTRY PASTRY BRUSH,1130,1513.77
22983,CARD BILLBOARD FONT,5214,2231.45
22983,"CARD, BILLBOARD FONT",1300,543.34
22984,CARD GINGHAM ROSE ,2753,1121.29
22984,"CARD, GINGHAM ROSE ",596,249.44
22985,WRAP BILLBOARD FONTS DESIGN,1831,769.02
22985,"WRAP, BILLBOARD FONTS DESIGN",2891,1126.22
22986,GINGHAM ROSE WRAP,3519,1445.98
22986,WRAP GINGHAM ROSE ,2251,933.42
22987,"WRAP , SUMMER ROSE DESIGN",150,63.0
22987,WRAP SUMMER ROSE DESIGN,102,42.84
22988,SOLDIERS EGG CUP ,9251,11105.67
22989,SET 2 PANTRY DESIGN TEA TOWELS,2787,8921.27
22990,COTTON APRON PANTRY DESIGN,507,2363.73
22991,GIRAFFE WOODEN RULER,3173,6418.99
22992,REVOLVER WOODEN RULER ,4517,9180.59
22993,SET OF 4 PANTRY JELLY MOULDS,12581,16393.48
22994,TRAVEL CARD WALLET RETROSPOT,2164,944.34
22995,TRAVEL CARD WALLET SUKI,2332,1038.06
22996,TRAVEL CARD WALLET VINTAGE TICKET,4775,2084.0099999999998
22997,TRAVEL CARD WALLET UNION JACK,2467,1062.17
22998,TRAVEL CARD WALLET KEEP CALM,12189,5188.48
22999,TRAVEL CARD WALLET RETRO PETALS,1544,674.11
22999,TRAVEL CARD WALLET VINTAGE LEAF,1347,577.22
23000,TRAVEL CARD WALLET TRANSPORT,3130,1351.9
23002,TRAVEL CARD WALLET SKULLS,1991,860.61
23003,TRAVEL CARD WALLET VINTAGE ROSE ,542,226.2
23004,TRAVEL CARD WALLET PANTRY,1818,825.88
23005,TRAVEL CARD WALLET I LOVE LONDON,4732,2126.13
23006,TRAVEL CARD WALLET FLOWER MEADOW,1680,729.99
23007, SPACEBOY BABY GIFT SET,492,7640.049999999999
23008,DOLLY GIRL BABY GIFT SET,426,6600.959999999999
23009,I LOVE LONDON BABY GIFT SET,263,4082.5199999999995
23010,CIRCUS PARADE BABY GIFT SET,312,4828.75
23012,GLASS APOTHECARY BOTTLE PERFUME,1063,4165.51
23013,GLASS APOTHECARY BOTTLE TONIC,918,3650.46
23014,GLASS APOTHECARY BOTTLE ELIXIR,847,3384.03
23015,CORDIAL GLASS JUG,27,231.13
23015,CORDIAL JUG,6,49.5
23016,GLASS TWIST BON BON JAR,71,555.3
23017,APOTHECARY MEASURING JAR,66,813.78
23018,LARGE APOTHECARY MEASURING JAR ,51,612.1600000000001
23019,SMALL APOTHECARY MEASURING JAR ,81,629.0500000000001
23020,GLASS  SONGBIRD STORAGE JAR,163,1991.49
23020,GLASS SONGBIRD STORAGE JAR,11,126.7
23021,GLASS BONNE JAM JAR,120,500.82000000000005
23022,SMALL BONNE JAM JAR  T-LIGHT HOLDER,392,745.76
23023,RIDGED BONNE JAM JAR T-LIGHT HOLDER,272,434.5199999999999
23024,LARGE BONNE JAM JAR  T-LIGHT HOLDER,253,662.8700000000001
23025,DRAWER KNOB VINTAGE GLASS BALL,344,748.32
23026,DRAWER KNOB VINTAGE GLASS STAR,542,1169.8400000000001
23027,DRAWER KNOB VINTAGE GLASS HEXAGON,295,627.95
23028,DOORKNOB CRACKED GLAZE BLUE,162,238.49999999999997
23028,DRAWER KNOB CRACKLE GLAZE BLUE,1200,2127.08
23029,DOORKNOB CRACKED GLAZE GREEN,12,19.799999999999997
23029,DRAWER KNOB CRACKLE GLAZE GREEN,1312,2237.9199999999996
23031,DOORKNOB CRACKED GLAZE PINK,12,19.799999999999997
23031,DRAWER KNOB CRACKLE GLAZE PINK,1246,2099.4999999999995
23032,DOORKNOB CRACKED GLAZE IVORY,174,258.29999999999995
23032,DRAWER KNOB CRACKLE GLAZE IVORY,2108,3519.4799999999996
23033,DRAWER KNOB CERAMIC RED,714,1058.8999999999999
23034,DRAWER KNOB CERAMIC BLACK,973,1439.97
23035,DOORKNOB CERAMIC IVORY,36,52.199999999999996
23035,DRAWER KNOB CERAMIC IVORY,2146,3134.74
23036,T-LIGHT HOLDER SILVER PETIT FOUR ,184,232.42000000000002
23037,CANDLE HOLDER SILVER MADELINE,196,325.15999999999997
23038,T-LIGHT HOLDER SILVER SAUCER,44,42.919999999999995
23039,T-LIGHT HOLDER SILVER HEART HANDLE,193,388.01
23040,PAPER LANTERN 9 POINT SNOW STAR,12,69.0
23040,PAPER LANTERN 9 POINT SNOW STAR ,241,1325.03
23041,PAPER LANTERN 6 POINT SNOW STAR,26,107.9
23041,PAPER LANTERN 9 POINT SNOW STAR,222,970.98
23042,PAPER LANTERN 7 POINT SNOW STAR,93,645.01
23043,PAPER LANTERN 9 POINT HOLLY STAR 40,6,37.5
23043,PAPER LANTERN 9 POINT HOLLY STAR L,75,506.01
23044,PAPER LANTERN 9 POINT HOLLY STAR 23,18,74.7
23044,PAPER LANTERN 9 POINT HOLLY STAR S,83,348.59000000000003
23045,PAPER LANTERN 5 POINT STAR MOON ,88,373.48
23045,PAPER LANTERN 5 POINT STAR MOON 30,10,41.5
23046,PAPER LANTERN 9 POINT DELUXE STAR,349,2111.4900000000002
23047,PAPER LANTERN 5 POINT SEQUIN STAR,50,287.5
23047,PAPER LANTERN 5 POINT STUDDED STAR,8,46.0
23048,SET OF 10 LANTERNS FAIRY LIGHT STAR,544,2231.42
23049,RECYCLED ACAPULCO MAT RED,453,3872.09
23050,RECYCLED ACAPULCO MAT GREEN,496,4278.3
23051,RECYCLED ACAPULCO MAT BLUE,363,3206.99
23052,RECYCLED ACAPULCO MAT TURQUOISE,653,5941.09
23053,RECYCLED ACAPULCO MAT PINK,363,3246.07
23054,RECYCLED ACAPULCO MAT LAVENDER,294,2596.68
23055,IVORY CHANDELIER T-LIGHT HOLDER,225,704.46
23056,CRYSTAL CHANDELIER T-LIGHT HOLDER,3,18.75
23056,FLOWERS CHANDELIER T-LIGHT HOLDER,381,1020.3000000000001
23057,BEADED CHANDELIER T-LIGHT HOLDER,262,784.82
23057,GEMSTONE CHANDELIER T-LIGHT HOLDER,78,347.70000000000005
23058,CHRISTMAS HANGING SNOWFLAKE,490,430.86
23060,HEART BEADED TRELLIS DECORATION,249,528.1700000000001
23061,VINTAGE EMBOSSED HEART,952,1253.93
23061,VINTAGE ENGRAVED HEART,60,75.0
23064,CINDERELLA CHANDELIER ,150,2203.51
23065,LARGE DECO JEWELLERY STAND,262,3289.94
23065,LARGE JEWELLERY STAND,10,125.0
23066,SMALL DECO JEWELLERY STAND,242,1997.56
23066,SMALL JEWELLERY STAND,16,132.0
23067,HANGING ENGRAVED METAL HEART,294,1236.66
23068,ALUMINIUM HEART,30,74.7
23068,ALUMINIUM STAMPED HEART,779,1892.2300000000002
23069,EDWARDIAN PHOTO FRAME,88,556.21
23070,EDWARDIAN HEART PHOTO FRAME,160,709.5400000000001
23071,MARIE ANTOIENETT TRINKET BOX GOLD,1,12.5
23071,MARIE ANTOINETTE TRINKET BOX GOLD,238,758.6
23072,MARIE ANTOINETTE TRINKET BOX SILVER,262,889.76
23073,GEORGIAN TRINKET BOX,142,1694.0
23074,EMBOSSED HEART TRINKET BOX,240,534.79
23075,DOUBLE CERAMIC PARLOUR HOOK,22,91.30000000000001
23075,PARLOUR CERAMIC WALL HOOK,416,1727.9
23076,ICE CREAM SUNDAE LIP GLOSS,8048,9900.76
23077,DOUGHNUT LIP GLOSS ,10335,13620.77
23078,ICE CREAM PEN LIP GLOSS ,6783,8493.34
23079, TOADSTOOL BEDSIDE LIGHT ,2,17.9
23079,TOADSTOOL BEDSIDE LIGHT ,235,2082.25
23080,RED METAL BOX TOP SECRET,1063,9026.87
23081,GREEN METAL BOX ARMY SUPPLIES,461,3856.75
23081,GREEN METAL BOX TOP SECRET,16,132.0
23082,SET 6 PAPER TABLE LANTERN HEARTS ,2300,8455.6
23083,SET 6 PAPER TABLE LANTERN STARS ,1869,7036.7300000000005
23084,RABBIT NIGHT LIGHT,30631,66661.63
23085,ANTIQUE SILVER BAUBLE LAMP  ,363,3454.48
23086,ZINC  STAR T-LIGHT HOLDER ,1201,1421.43
23086,ZINC STAR T-LIGHT HOLDER ,8,10.0
23087,ZINC  HEART T-LIGHT HOLDER,853,1071.91
23088,ZINC HEART FLOWER T-LIGHT HOLDER,795,1033.28
23089,GLASS BON BON JAR,2339,4190.13
23090,VINTAGE GLASS T-LIGHT HOLDER,2228,1862.56
23091,METAL HERB GERDEN CONTAINER,24,139.68
23091,ZINC HERB GARDEN CONTAINER,549,3472.89
23092,LARGE ANTIQUE WHITE PHOTO FRAME,513,3680.03
23093,SMALL PARISIENNE HEART PHOTO FRAME ,936,2231.77
23094,LE GRAND TRAY CHIC SET,150,1899.92
23096,PETIT TRAY CHIC,1033,1736.6899999999998
23099,FRENCH CARRIAGE LANTERN,129,872.1500000000001
23100,SILVER BELLS TABLE DECORATION,2165,2738.13
23101,SILVER STARS TABLE DECORATION,2031,1739.6299999999999
23102,SILVER HEARTS TABLE DECORATION,1274,1075.03
23103,BELL HEART DECORATION,252,387.0
23103,JINGLE BELL HEART DECORATION,3792,6412.959999999999
23104,IVORY CAFE HANGING LAMP ,116,1380.42
23104,IVORY PANTRY HANGING LAMP ,2,25.0
23106,ZINC HEARTS PLANT POT HOLDER,271,757.7900000000001
23106,ZINC PLANT POT HOLDER,8,23.12
23107,WHITE HEARTS WIRE PLANT POT HOLDER,343,963.27
23107,WHITE WIRE PLANT POT HOLDER,16,46.24
23108,SET OF 10 LED DOLLY LIGHTS,2155,12972.92
23109,LED TEA LIGHTS,634,1826.76
23109,PACK OF SIX LED TEA LIGHTS,1656,4769.22
23110,PARISIENNE KEY CABINET ,649,3853.93
23111,PARISIENNE SEWING BOX,288,3556.04
23112,PARISIENNE CURIO CABINET,513,4267.2300000000005
23113,PANTRY CHOPPING BOARD,208,1065.44
23114,VINTAGE LEAF CHOPPING BOARD  ,146,723.1
23115,RED APPLES CHOPPING BOARD   ,152,770.32
23116,VEGETABLE GARDEN CHOPPING BOARD,76,382.44
23117,POPPY FIELDS CHOPPING BOARD,92,496.28000000000003
23118,PARISIENNE JEWELLERY DRAWER ,789,5922.18
23119,PACK OF 6 LARGE FRUIT STRAWS ,2246,1379.38
23120,PACK OF 6 SMALL FRUIT STRAWS,1613,652.15
23121,PACK OF 6 COCKTAIL PARASOL STRAWS,2501,1000.4399999999999
23122,PARTY CHARMS 50 PIECES,2248,1723.6
23123,COCKTAIL SWORDS 50 PIECES,929,754.5899999999999
23124,18PC WOODEN CUTLERY SET DISPOSABLE,567,751.38
23125,6PC WOOD PLATE SET DISPOSABLE,459,574.88
23126,DOLLCRAFT GIRL AMELIE,36,178.2
23126,DOLLCRAFT GIRL AMELIE KIT,66,294.7
23126,FELTCRAFT GIRL AMELIE KIT,991,4979.9400000000005
23127,DOLLCRAFT GIRL NICOLE,68,336.6
23127,FELTCRAFT GIRL NICOLE KIT,655,3358.05
23128,DOLLCRAFT BOY JEAN-PAUL ,82,373.9
23128,FELTCRAFT BOY JEAN-PAUL KIT,359,1850.1100000000001
23129,HEART SHAPED HOLLY WREATH,949,3995.3500000000004
23130,MISELTOE HEART WREATH ,80,312.8
23130,MISTLETOE HEART WREATH GREEN,873,3638.8300000000004
23131,MISELTOE HEART WREATH CREAM,240,996.0000000000001
23131,MISELTOE HEART WREATH WHITE,78,304.5
23131,MISTLETOE HEART WREATH CREAM,618,2510.58
23132,SMALL IVORY HEART WALL ORGANISER,1016,5115.6
23133,LARGE IVORY HEART WALL ORGANISER,781,5517.15
23134,LARGE ZINC HEART WALL ORGANISER,1065,6431.110000000001
23135,SMALL ZINC HEART WALL ORGANISER,1541,5416.18
23136,IVORY WIRE SWEETHEART LETTER TRAY,135,511.89
23137,ZINC WIRE SWEETHEART LETTER TRAY,83,275.62
23138,SINGLE WIRE HOOK IVORY HEART,867,1214.11
23139,SINGLE WIRE HOOK PINK HEART,402,511.29999999999995
23140,TRIPLE WIRE HOOK IVORY HEART,170,716.3000000000001
23141,TRIPLE WIRE HOOK PINK HEART,79,272.91
23142,IVORY WIRE KITCHEN ORGANISER,119,1201.2700000000002
23143,ZINC WIRE KITCHEN ORGANISER,30,239.97
23144,ZINC T-LIGHT HOLDER STARS SMALL,5045,4161.3099999999995
23145,ZINC T-LIGHT HOLDER STAR LARGE,2049,1946.2299999999998
23145,ZINC T-LIGHT HOLDER STARS LARGE,24,22.799999999999997
23146,TRIPLE HOOK ANTIQUE IVORY ROSE,748,2481.16
23147,SINGLE ANTIQUE ROSE HOOK IVORY,1853,2730.45
23148,MINIATURE ANTIQUE ROSE HOOK IVORY,2078,1764.7199999999998
23148,MINITURE ANTIQUE ROSE HOOK IVORY,48,40.8
23149,ANTIQUE IVORY WIRE BOWL SMALL,88,224.06000000000003
23150,IVORY SWEETHEART SOAP DISH,147,388.26000000000005
23151,ZINC SWEETHEART SOAP DISH,61,114.33000000000001
23152,IVORY SWEETHEART WIRE LETTER RACK ,547,2054.4
23153,ZINC SWEETHEART WIRE LETTER RACK,259,1005.69
23154,SET OF 4 JAM JAR MAGNETS,2640,5716.0
23155,KNICKERBOCKERGLORY MAGNET ASSORTED ,2052,1775.06
23156,SET OF 5 MINI GROCERY MAGNETS,1641,3373.37
23157,SET OF 6 NATIVITY MAGNETS ,2317,4699.06
23158,SET OF 5 LUCKY CAT MAGNETS ,2573,5389.03
23159,SET OF 5 PANCAKE DAY MAGNETS,2268,4661.52
23160,REGENCY TEA SPOON,1444,1786.98
23161,REGENCY CAKE FORK,1703,2130.3
23162,REGENCY TEA STRAINER,1412,5143.6900000000005
23163,REGENCY SUGAR TONGS,1777,4400.820000000001
23164,REGENCY CAKE SLICE,577,2713.7000000000003
23165,LARGE CERAMIC TOP STORAGE JAR,3012,4986.5599999999995
23166,MEDIUM CERAMIC TOP STORAGE JAR,3539,4221.28
23167,SMALL CERAMIC TOP STORAGE JAR ,5322,4110.82
23168,CLASSIC CAFE SUGAR DISPENSER,3021,4245.74
23168,CLASSIC SUGAR DISPENSER,216,247.32
23169,CLASSIC GLASS COOKIE JAR,1344,5804.24
23169,CLASSIC GLASS SWEET JAR,119,479.45000000000005
23170,REGENCY TEA PLATE ROSES ,6139,10050.949999999999
23171,REGENCY TEA PLATE GREEN ,6150,9905.74
23172,REGENCY TEA PLATE PINK,3759,6190.11
23173,REGENCY TEAPOT ROSES ,2714,24442.73
23174,REGENCY SUGAR BOWL GREEN,2967,11997.230000000001
23175,REGENCY MILK JUG PINK ,3080,9361.65
23176,ABC TREASURE BOOK BOX ,2120,4591.83
23177,TREASURE ISLAND BOOK BOX,2512,5476.29
23178,JAM CLOCK MAGNET,322,922.44
23179,CLOCK MAGNET MUM'S KITCHEN,324,930.48
23180,MUM'S KITCHEN CLOCK,121,616.14
23181,BULL DOG BOTTLE TOP WALL CLOCK,197,1700.57
23182,TOILET SIGN OCCUPIED OR VACANT,3727,3676.5899999999997
23183,MOTHER'S KITCHEN SPOON REST ,218,937.17
23184,BULL DOG BOTTLE OPENER,861,4700.150000000001
23185,FRENCH STYLE STORAGE JAR JAM,316,114.55999999999999
23186,FRENCH STYLE STORAGE JAR CAFE ,1970,810.2199999999999
23187,FRENCH STYLE STORAGE JAR BONBONS,2301,678.5699999999999
23188,VINTAGE  2 METER FOLDING RULER,1831,3052.2699999999995
23188,VINTAGE  2 METRE FOLDING RULER,1626,3372.3999999999996
23189,SET OF 12 FORK CANDLES,1248,3504.62
23190,BUNDLE OF 3 SCHOOL EXERCISE BOOKS  ,1700,2758.5999999999995
23191,BUNDLE OF 3 RETRO EXERCISE BOOKS,60,98.99999999999999
23191,BUNDLE OF 3 RETRO NOTE BOOKS,2138,3524.9399999999996
23192,BUNDLE OF 3 ALPHABET EXERCISE BOOKS,3513,6109.289999999999
23193,BUFFALO BILL TREASURE BOOK BOX,1902,4034.28
23194,GYMKHANA TREASURE BOOK BOX,1678,3732.2799999999997
23194,GYMKHANNA TREASURE BOOK BOX,120,261.84000000000003
23196,LEAVES MAGNETIC  SHOPPING LIST,24,34.8
23196,RETO LEAVES MAGNETIC SHOPPING LIST,36,52.199999999999996
23196,RETRO LEAVES MAGNETIC NOTEPAD,105,154.08999999999997
23196,VINTAGE LEAF MAGNETIC NOTEPAD,1694,2582.2999999999997
23197,SKETCHBOOK MAGNETIC SHOPPING LIST,1417,2217.45
23197,VEGETABLE MAGNETIC  SHOPPING LIST,36,49.8
23198,PANTRY MAGNETIC  SHOPPING LIST,3278,4969.8
23199,JUMBO BAG APPLES,14185,29141.44
23200,JUMBO BAG PEARS,6933,13945.33
23201,JUMBO BAG ALPHABET,12772,26774.81
23202,JUMBO BAG VINTAGE LEAF,10699,21367.97
23203,JUMBO BAG DOILEY PATTERNS,8871,17222.93
23203,JUMBO BAG VINTAGE DOILEY ,144,272.57
23203,JUMBO BAG VINTAGE DOILY ,10880,23458.44
23204,CHARLOTTE BAG APPLES DESIGN,7790,7603.599999999999
23205,CHARLOTTE BAG ALPHABET  DESIGN,400,320.5
23205,CHARLOTTE BAG VINTAGE ALPHABET ,5266,5265.63
23206,LUNCH BAG APPLE DESIGN,12088,20755.43
23207,LUNCH BAG ALPHABET DESIGN,7382,12665.95
23208,LUNCH BAG VINTAGE LEAF DESIGN,6235,10332.06
23209,LUNCH BAG DOILEY PATTERN ,6547,10495.59
23209,LUNCH BAG VINTAGE DOILEY ,71,119.63
23209,LUNCH BAG VINTAGE DOILY ,6512,10737.8
23210,WHITE ROCKING HORSE HAND PAINTED,2649,3331.77
23211,RED ROCKING HORSE HAND PAINTED,2305,2900.57
23212,HEART WREATH DECORATION WITH BELL,2224,2770.89
23212,PAINTED HEART WREATH WITH BELL,12,15.0
23213,STAR WREATH DECORATION WITH BELL,1670,2123.42
23214,BELL HEART ANTIQUE GOLD,12,24.96
23214,JINGLE BELL HEART ANTIQUE GOLD,777,1670.0800000000002
23215,JINGLE BELL HEART ANTIQUE SILVER,3444,6823.6
23216,LAUREL HEART ANTIQUE GOLD,525,630.73
23217,LAUREL HEART ANTIQUE SILVER,1309,1613.82
23218,LAUREL STAR ANTIQUE GOLD,379,483.03
23219,LAUREL STAR ANTIQUE SILVER ,430,568.6
23220,REINDEER HEART DECORATION GOLD,981,859.1899999999999
23221,REINDEER HEART DECORATION SILVER,1478,1314.8999999999999
23222,CHRISTMAS TREE HANGING GOLD,775,698.61
23223,CHRISTMAS TREE HANGING SILVER ,789,740.2299999999999
23224,CHERUB HEART DECORATION GOLD,724,637.4
23225,CHERUB HEART DECORATION SILVER ,1271,1106.4499999999998
23226,FILIGREE HEART DAISY WHITE,1199,1536.67
23227,FILIGREE HEART BUTTERFLY WHITE ,1636,2062.56
23228,FILIGREE HEART BIRD WHITE ,1348,1810.24
23229,DONKEY TAIL GAME ,54,189.54000000000002
23229,VINTAGE DONKEY TAIL GAME ,1804,6509.28
23230,WRAP ALPHABET DESIGN,7901,3186.42
23231,WRAP  VINTAGE DOILEY ,100,42.0
23231,WRAP  VINTAGE DOILY ,2474,1039.08
23231,WRAP DOILEY DESIGN,4703,1927.26
23232,WRAP VINTAGE LEAF DESIGN,5225,2098.5
23232,WRAP VINTAGE PETALS  DESIGN,3250,1317.0
23233,WRAP POPPIES  DESIGN,5150,2095.0
23234,BISCUIT TIN VINTAGE CHRISTMAS,1706,5033.54
23235,BISCUIT TIN VINTAGE LEAF,24,64.56
23235,STORAGE TIN VINTAGE LEAF,698,1845.64
23236,DOILEY BISCUIT TIN,120,327.6
23236,DOILEY STORAGE TIN,1089,2990.01
23236,STORAGE TIN VINTAGE DOILEY ,7,23.13
23236,STORAGE TIN VINTAGE DOILY ,1244,3623.86
23237,SET OF 4 KNICK KNACK TINS LEAF,733,2963.71
23237,SET OF 4 KNICK KNACK TINS LEAVES ,303,1241.3300000000002
23238,SET OF 4 KNICK KNACK TINS LONDON ,1833,7706.01
23239,SET OF 4 KNICK KNACK TINS POPPIES,814,3238.0400000000004
23240,SET OF 4 KNICK KNACK TINS  DOILEY ,6,24.900000000000002
23240,SET OF 4 KNICK KNACK TINS DOILEY ,1796,7153.740000000001
23240,SET OF 4 KNICK KNACK TINS DOILY ,2325,9614.83
23241,TREASURE TIN GYMKHANA DESIGN,2158,4654.99
23242,TREASURE TIN BUFFALO BILL ,1443,2968.4700000000003
23243,SET OF TEA COFFEE SUGAR TINS PANTRY,4683,22943.87
23244,CANNISTER VINTAGE LEAF DESIGN,12,23.4
23244,ROUND STORAGE TIN VINTAGE LEAF,855,1576.6299999999999
23244,STORAGE TIN VINTAGE LEAF,60,117.0
23245,SET OF 3 REGENCY CAKE TINS,6255,30697.050000000003
23247,BISCUIT TIN 50'S CHRISTMAS,2148,6562.71
23249,ENAMEL DINNER PLATE PANTRY,12,19.799999999999997
23249,VINTAGE RED ENAMEL TRIM PLATE,775,1318.59
23250,ENAMEL BOWL PANTRY,24,30.0
23250,VINTAGE RED TRIM ENAMEL BOWL ,1034,1359.23
23251,ENAMEL MUG PANTRY,12,15.0
23251,VINTAGE RED ENAMEL TRIM MUG ,1642,2018.25
23252,ENAMEL JUG PANTRY,8,30.0
23252,VINTAGE RED ENAMEL TRIM JUG ,562,2107.86
23253,16 PC CUTLERY SET PANTRY DESIGN,4,63.8
23253,16 PIECE CUTLERY SET PANTRY DESIGN,252,3753.16
23254,CHILDRENS CUTLERY DOLLY GIRL ,1647,6670.71
23254,KIDS CUTLERY DOLLY GIRL ,36,149.4
23255,CHILDRENS CUTLERY CIRCUS PARADE,1005,4059.8700000000003
23256,CHILDRENS CUTLERY SPACEBOY ,1989,8179.67
23256,KIDS CUTLERY SPACEBOY ,36,149.4
23263,SET OF 3 WOODEN HEART DECORATIONS,3816,5088.44
23264,SET OF 3 WOODEN SLEIGH DECORATIONS,1962,2689.56
23265,SET OF 3 WOODEN TREE DECORATIONS,1754,2386.04
23266,SET OF 3 WOODEN STOCKING DECORATION,2041,2728.82
23267,SET OF 4 SANTA PLACE SETTINGS,1154,1471.95
23268,SET OF 2 CERAMIC CHRISTMAS REINDEER,1435,2000.74
23269,SET OF 2 CERAMIC CHRISTMAS TREES,779,1152.98
23270,SET OF 2 CERAMIC PAINTED HEARTS ,1168,1637.62
23271,CHRISTMAS TABLE CANDLE SILVER SPIKE,16,13.28
23271,CHRISTMAS TABLE SILVER CANDLE SPIKE,1715,1483.61
23272,TREE T-LIGHT HOLDER WILLIE WINKIE,364,562.2199999999999
23273,HEART T-LIGHT HOLDER WILLIE WINKIE,965,1642.4499999999998
23274,STAR T-LIGHT HOLDER WILLIE WINKIE,1177,2000.0499999999997
23275,SET OF 3 HANGING OWLS OLLIE BEAK,3643,4426.31
23280,FOLDING BUTTERFLY MIRROR HOT PINK ,1865,1493.58
23280,FOLDING MIRROR HOT PINK ,156,118.91999999999999
23281,FOLDING BUTTERFLY MIRROR RED  ,1262,985.88
23281,FOLDING MIRROR RED  ,18,14.939999999999998
23282,FOLDING BUTTERFLY MIRROR IVORY ,794,742.92
23282,FOLDING MIRROR IVORY ,18,14.939999999999998
23283,DOORMAT VINTAGE LEAF,557,4064.75
23283,DOORMAT VINTAGE LEAVES DESIGN ,430,2881.18
23284,DOORMAT KEEP CALM AND COME IN,5262,36532.39
23285,PINK VINTAGE SPOT BEAKER,4805,4570.71
23286,BLUE VINTAGE SPOT BEAKER,4999,4705.97
23287,RED VINTAGE SPOT BEAKER,1828,1560.04
23288,GREEN VINTAGE SPOT BEAKER,4607,4429.0599999999995
23289,DOLLY GIRL CHILDRENS BOWL,1610,1998.7
23290,SPACEBOY CHILDRENS BOWL,2420,2877.8500000000004
23291,DOLLY GIRL CHILDRENS CUP,1624,2046.53
23292,SPACE BOY CHILDRENS CUP,131,145.76
23292,SPACEBOY CHILDRENS CUP,2029,2531.32
23293,SET OF 12 FAIRY CAKE BAKING CASES,8439,6962.98
23294,SET OF 6 SNACK LOAF BAKING CASES,4379,3597.02
23295,SET OF 12 MINI LOAF BAKING CASES,6121,5062.66
23296,SET OF 6 TEA TIME BAKING CASES,4952,5951.8
23297,SET 40 HEART SHAPE PETIT FOUR CASES,4277,6749.33
23298,"BUNTING , SPOTTY ",146,634.7
23298,SPOTTY BUNTING,8210,42030.670000000006
23299,"FOOD COVER WITH BEADS , SET 2 SIZES",3,11.25
23299,FOOD COVER WITH BEADS SET 2 ,1001,3731.63
23300,GARDENERS KNEELING PAD CUP OF TEA ,6657,11554.39
23301,GARDENERS KNEELING PAD KEEP CALM ,8693,16158.449999999999
23302,KNEELING MAT HOUSEWORK  DESIGN,1500,2127.18
23303,SET 4 PICNIC CUTLERY FONDANT,65,126.75
23304,SET 4 PICNIC CUTLERY CHERRY ,71,138.45
23305,SET 4 PICNIC CUTLERY BLUEBERRY,82,159.9
23306,SET OF 36 DOILIES PANTRY DESIGN,2734,3973.45
23306,SET OF 36 PANTRY PAPER DOILIES,67,139.78
23307,SET OF 60 PANTRY DESIGN CAKE CASES ,11961,6323.490000000001
23308,SET OF 60 VINTAGE LEAF CAKE CASES ,6139,3272.61
23309,SET OF 60 I LOVE LONDON CAKE CASES ,8211,4460.65
23310,BUBBLEGUM RING ASSORTED,12050,4997.28
23311,VINTAGE CHRISTMAS STOCKING ,2375,6449.95
23312,VINTAGE CHRISTMAS GIFT SACK,1422,5960.0
23313,VINTAGE CHRISTMAS BUNTING,2977,15734.31
23314,VINTAGE CHRISTMAS TABLECLOTH,402,4950.46
23315,IVORY REFECTORY CLOCK,201,1996.44
23316,RED REFECTORY CLOCK ,249,2491.69
23317,BLUE REFECTORY CLOCK ,173,1777.46
23318,BOX OF 6 MINI VINTAGE CRACKERS,3641,8793.7
23319,BOX OF 6 MINI 50'S CRACKERS,3604,8974.560000000001
23320,GIANT 50'S CHRISTMAS CRACKER,2648,7016.0
23321,SMALL WHITE HEART OF WICKER,4677,8374.189999999999
23322,LARGE WHITE HEART OF WICKER,3006,8708.36
23323,WHITE WICKER STAR ,1466,3140.48
23324,RUSTIC STRAWBERRY JAM POT LARGE ,244,509.97
23324,RUSTIC STRAWBERRY JAMPOT LARGE ,120,238.56
23325,RUSTIC STRAWBERRY JAM POT SMALL,408,651.8399999999999
23325,RUSTIC STRAWBERRY JAMPOT SMALL,36,59.39999999999999
23326,HANGING MINI COLOURED BOTTLES,3442,2237.08
23327,HANGING CLEAR MINI BOTTLE,1726,1046.42
23328,SET 6 SCHOOL MILK BOTTLES IN CRATE,2833,13239.85
23329,DECORATIVE WICKER HEART LARGE,1764,3033.24
23330,DECORATIVE WICKER HEART MEDIUM,1788,2279.47
23331,DECORATIVE WICKER HEART SMALL,1596,1062.28
23332,IVORY WICKER HEART LARGE,2057,3539.41
23333,IVORY WICKER HEART MEDIUM,2077,2680.45
23334,IVORY WICKER HEART SMALL,2271,1491.75
23335,EGG FRYING PAN IVORY ,365,765.82
23336,EGG FRYING PAN PINK ,225,519.25
23337,EGG FRYING PAN MINT ,180,388.75
23338,EGG FRYING PAN RED ,425,902.9200000000001
23339,EGG FRYING PAN BLUE ,173,400.84000000000003
23340,VINTAGE CHRISTMAS CAKE FRILL,2500,4034.08
23341,PINK DINER WALL CLOCK,307,2741.35
23342,MINT DINER CLOCK,2,17.0
23342,MINT DINER WALL CLOCK,370,3150.91
23343,JUMBO BAG VINTAGE CHRISTMAS ,5807,13467.03
23344,JUMBO BAG 50'S CHRISTMAS ,10023,23285.11
23345, DOLLY GIRL BEAKER,2444,2877.5
23346,SPACEBOY BEAKER,2622,3104.84
23347,I LOVE LONDON BEAKER,826,1034.8
23348,CHILDRENS TOY COOKING UTENSIL SET,723,1586.55
23349,ROLL WRAP VINTAGE CHRISTMAS,3197,4312.6
23350,ROLL WRAP VINTAGE SPOT ,2688,3415.08
23351,ROLL WRAP 50'S CHRISTMAS,3439,4770.77
23352,ROLL WRAP 50'S RED CHRISTMAS ,1788,2444.2
23353,6 GIFT TAGS VINTAGE CHRISTMAS ,3983,3490.1299999999997
23354,6 GIFT TAGS 50'S CHRISTMAS ,3680,3379.6
23355,HOT WATER BOTTLE KEEP CALM,5720,28301.2
23356,LOVE HOT WATER BOTTLE,2350,13280.77
23357,HOT WATER BOTTLE SEX BOMB,450,1982.0500000000002
23358,HOT STUFF HOT WATER BOTTLE,556,1882.44
23359,SET OF 12 T-LIGHTS VINTAGE DOILEY,61,118.94999999999999
23359,SET OF 12 T-LIGHTS VINTAGE DOILY,929,1747.51
23360,SET 8 CANDLES VINTAGE DOILEY,122,216.29999999999998
23360,SET 8 CANDLES VINTAGE DOILY,1060,2070.1
23365,SET 12 COLOUR PENCILS LOVE LONDON,1857,1463.0800000000002
23366,SET 12 COLOUR PENCILS DOILEY,48,31.200000000000003
23366,SET 12 COLOURING PENCILS DOILEY,1,0.65
23366,SET 12 COLOURING PENCILS DOILY,2200,1636.1000000000001
23367,SET 12 COLOUR PENCILS SPACEBOY ,3262,2480.8
23368,SET 12 COLOUR PENCILS DOLLY GIRL ,2373,1675.65
23369,SET 36 COLOUR PENCILS LOVE LONDON,1105,1581.06
23370,SET 36 COLOUR PENCILS DOILEY,64,80.0
23370,SET 36 COLOURING PENCILS DOILEY,1,1.25
23370,SET 36 COLOURING PENCILS DOILY,1484,2069.1
23371,SET 36 COLOUR PENCILS SPACEBOY ,1705,2304.78
23372,SET 36 COLOUR PENCILS DOLLY GIRL,1373,1730.29
23373,VINTAGE CHRISTMAS PAPER GIFT BAG,1608,1313.3899999999999
23374,RED SPOT PAPER GIFT BAG,2440,1949.7099999999998
23375,50'S CHRISTMAS PAPER GIFT BAG,1341,1099.87
23376,PACK OF 12 VINTAGE CHRISTMAS TISSUE,3015,1375.55
23377,PACK OF 12 DOLLY GIRL TISSUES,1343,589.3299999999999
23378,PACK OF 12 50'S CHRISTMAS TISSUES,3997,1840.08
23379,PACK OF 12 RED APPLE TISSUES,1220,465.36
23380,PACK OF 12 DOILEY TISSUES,72,28.08
23380,PACK OF 12 VINTAGE DOILY TISSUES,2236,941.38
23381,PACK OF 12 VINTAGE LEAF TISSUES ,1496,562.88
23382,BOX OF 6 CHRISTMAS CAKE DECORATIONS,1858,7292.43
23388,WOODLAND MINI BACKPACK,816,3411.34
23388,WOODLAND MINI RUCKSACK ,5,20.75
23389,SPACEBOY MINI BACKPACK,1100,4689.240000000001
23389,SPACEBOY MINI RUCKSACK,13,53.95
23390,DOLLY GIRL MINI BACKPACK,738,2988.2400000000002
23390,DOLLY GIRL MINI RUCKSACK,8,33.2
23391, I LOVE LONDON MINI BACKPACK,388,1624.02
23391, I LOVE LONDON MINI RUCKSACK,1,4.15
23392,SPACEBOY ROCKET LOLLY MAKERS,638,1425.1100000000001
23393,HOME SWEET HOME CUSHION COVER ,780,3129.16
23394,POSTE FRANCE CUSHION COVER,435,1877.65
23395,BELLE JARDINIERE CUSHION COVER,741,3230.83
23396,BUTTERFLY CUSHION COVER,8,30.0
23396,LA JARDIN BOTANIQUE CUSHION COVER,87,375.53
23396,LE JARDIN BOTANIQUE CUSHION COVER,555,2330.0
23397,FOOT STOOL HOME SWEET HOME ,483,5037.95
23398,HANGING HEART BONHEUR,605,534.5
23399,HOME SWEET HOME HANGING HEART,1914,1745.55
23400,SHELF WITH 4 HOOKS HOME SWEET HOME,459,2396.84
23401,RUSTIC MIRROR WITH LACE HEART,456,2336.12
23402,HOME SWEEET HOME 3 PEG HANGER ,25,93.75
23402,HOME SWEET HOME 3 PEG HANGER ,271,1053.53
23403,LETTER HOLDER HOME SWEET HOME,622,2192.86
23404,HOME SWEET HOME BLACKBOARD,982,4418.21
23405,HOME SWEET HOME 2 DRAWER CABINET,251,1306.53
23406,HOME SWEET HOME KEY HOLDER,453,2403.9100000000003
23407,SET OF 2 TRAYS HOME SWEET HOME,259,2649.73
23408,PHOTO FRAME LINEN AND LACE SMALL,296,615.6800000000001
23409,PHOTO FRAME LINEN AND LACE LARGE,208,775.4300000000001
23410,CURIO CABINET LINEN AND LACE ,35,281.95
23411, TRELLIS COAT RACK,226,1113.66
23412,HEART MIRROR ANTIQUE WHITE,356,2339.8
23413,DECORATIVE VINTAGE COFFEE  BOX,52,277.0
23413,DECROTIVEVINTAGE COFFEE GRINDER BOX,12,71.08
23413,VINTAGE COFFEE GRINDER BOX,97,511.43000000000006
23414,ZINC BOX SIGN HOME,137,1338.9499999999998
23415,HOME SWEET HOME HOOK,323,403.92999999999995
23416,CHAMBRE HOOK,132,184.67999999999998
23417,BATHROOM HOOK,146,157.5
23418,LAVENDER TOILETTE BOTTLE,557,1166.0
23419,HOME SWEET HOME BOTTLE ,472,1041.64
23420,PANTRY HOOK TEA STRAINER ,164,351.37
23421,PANTRY HOOK SPATULA,160,349.2
23422,PANTRY HOOK BALLOON WHISK ,213,477.89
23423,PANTRY 3 HOOK ROLLING PIN HANGER,214,858.15
23424,GINGHAM RECIPE BOOK BOX,461,2504.67
23425,STORAGE TIN HOME SWEET HOME,268,604.01
23426,METAL SIGN DROP YOUR PANTS,1269,3427.09
23427,STOOL HOME SWEET HOME ,235,2837.68
23428,IVORY RETRO KITCHEN WALL CLOCK,75,659.61
23429,RED RETRO KITCHEN WALL CLOCK,47,400.01
23430,BLUE RETRO KITCHEN WALL CLOCK,36,301.88
23431,NATURAL HANGING QUILTED HEARTS ,1433,1157.9499999999998
23432,PRETTY HANGING QUILTED HEARTS,1276,1088.36
23433,HANGING QUILTED PATCHWORK APPLES,1211,1069.57
23434,3 RAFFIA RIBBONS 50'S CHRISTMAS ,2085,1876.27
23435,3 RAFFIA RIBBONS VINTAGE CHRISTMAS,824,732.4200000000001
23436,GIFT BAG LARGE VINTAGE CHRISTMAS,148,185.0
23436,VINTAGE CHRISTMAS GIFT BAG LARGE ,1816,2163.64
23437, 50'S CHRISTMAS GIFT BAG LARGE,1913,2341.13
23437,GIFT BAG LARGE 50'S CHRISTMAS,24,30.0
23438, RED SPOT GIFT BAG LARGE,1713,2089.92
23438,GIFT BAG LARGE SPOT ,96,120.0
23439,HAND WARMER RED LOVE HEART,3986,8855.51
23440,PAINT YOUR OWN EGGS IN CRATE,164,299.36
23441,HAND PAINTED HANGING EASTER EGG,22,9.24
23442,12 HANGING EGGS HAND PAINTED,40,83.2
23444,Next Day Carriage,78,1185.0
23445,ICE CREAM BUBBLES,2648,2144.64
23446,BLUE BUNNY EASTER EGG BASKET,157,230.24999999999997
23447,PINK BUNNY EASTER EGG BASKET,158,231.89999999999998
23448,CREAM BUNNY EASTER EGG BASKET,25,41.24999999999999
23449,SET OF 6 EASTER RAINBOW CHICKS,12,15.0
23451,SQUARE MINI PORTRAIT FRAME,277,556.17
23452,HEART MINI PORTRAIT FRAME,517,1019.81
23453,OVAL  MINI PORTRAIT FRAME,316,615.98
23454,SET OF 3 MINI HANGING PORTRAITS,32,123.2
23454,THREE MINI HANGING FRAMES,140,601.7
23455,SMALL PARLOUR FRAME,42,106.98000000000002
23455,SMALL PARLOUR PICTURE FRAME,165,462.45
23456,MEDIUM PARLOUR FRAME ,22,84.1
23456,MEDIUM PARLOUR PICTURE FRAME ,134,541.7
23457,LARGE PARLOUR FRAME,27,122.85
23457,LARGE PARLOUR PICTURE FRAME,85,427.03000000000003
23458,DOLLY CABINET 3 DRAWERS ,46,687.6999999999999
23459,DOLLY CABINET 2 DRAWERS ,30,375.0
23460,SWEETHEART WALL TIDY ,103,957.3299999999999
23461,SWEETHEART BIRD HOUSE,843,3024.61
23462,ROCOCO WALL MIROR,2,39.9
23462,ROCOCO WALL MIRROR WHITE,60,1217.04
23463,VINTAGE ZINC WATERING CAN,13,139.39999999999998
23464,VINTAGE ZINC WATERING CAN SMALL,18,99.2
23465,TUSCAN VILLA BIRD FEEDER,17,148.63
23465,TUSCAN VILLA FEEDING STATION,12,99.0
23466,TUSCAN VILLA DOVECOTE,12,99.0
23466,TUSCAN VILLA DOVECOTE BIRD FEEDER,42,390.78
23467,VINTAGE ZINC PLANTER  ,32,120.08000000000001
23468,TUSCAN VILLA BIRD TABLE ,19,156.75
23469,CARD HOLDER LOVE BIRD SMALL,328,1338.64
23470,CARD HOLDER LOVE BIRD LARGE ,220,1389.8
23471,SIX DRAWER OFFICE TIDY,65,616.79
23472, NINE DRAWER OFFICE TIDY,58,894.42
23473,WOODLAND SMALL RED FELT HEART,678,552.02
23474,WOODLAND SMALL BLUE FELT HEART,312,270.96
23475,WOODLAND SMALL PINK FELT HEART,286,242.17999999999998
23476,WOODLAND LARGE RED FELT HEART,205,264.72
23477,WOODLAND LARGE BLUE FELT HEART,92,123.47
23478,WOODLAND LARGE PINK FELT HEART,285,324.40000000000003
23479,WIRE EGG BASKET ,113,872.38
23480,MINI LIGHTS WOODLAND MUSHROOMS,1778,6651.04
23481,PEARLISED IVORY HEART SMALL ,228,281.17
23482,PEARLISED IVORY HEART LARGE ,418,661.02
23483,HANGING  BUTTERFLY T-LIGHT HOLDER,1306,1610.12
23484,HEART TRELLIS TRIPLE T-LIGHT HOLDER,129,395.11
23484,HEART TRELLISTRIPLE T-LIGHT HOLDER,56,152.24
23485,BOTANICAL GARDENS WALL CLOCK ,244,5436.52
23486,ANTIQUE HEART SHELF UNIT,262,3945.82
23487,SWEET HEART CAKE CARRIER,71,706.03
23489,"GARLAND, VINTAGE BELLS",92,265.88
23489,VINTAGE BELLS GARLAND,821,2443.35
23490,T-LIGHT HOLDER HANGING LOVE BIRD,539,2021.52
23491,VINTAGE JINGLE BELLS HEART,227,1889.51
23492,VINTAGE JINGLE BELLS WREATH,76,635.38
23493,VINTAGE DOILY TRAVEL SEWING KIT,3958,8486.58
23494,VINTAGE DOILY DELUXE SEWING KIT ,744,4967.26
23495,SET OF 3 PANTRY WOODEN SPOONS,225,306.66
23496,PANTRY KITCHEN THERMOMETER ,112,154.52
23497,CLASSIC CHROME BICYCLE BELL ,2486,3561.22
23497,CLASSIC CROME BICYCLE BELL ,60,77.4
23498,CLASSIC BICYCLE CLIPS ,1640,2372.68
23499,SET 12 VINTAGE DOILY CHALK ,1312,586.23
23500,KEY RING BASEBALL BOOT ASSORTED ,1626,2038.33
23501,KEY RING BASEBALL BOOT UNION JACK,1821,2217.87
23502,PLAYING CARDS VINTAGE DOILEY ,13,16.25
23502,PLAYING CARDS VINTAGE DOILY ,701,880.16
23503,PLAYING CARDS KEEP CALM & CARRY ON,3641,4858.05
23504,PLAYING CARDS JUBILEE UNION JACK,1927,2848.89
23505,PLAYING CARDS I LOVE LONDON ,1200,1651.29
23506,MINI PLAYING CARDS SPACEBOY ,2723,1129.1200000000001
23507,MINI PLAYING CARDS BUFFALO BILL ,2882,1155.67
23508,MINI PLAYING CARDS DOLLY GIRL ,2625,1162.6100000000001
23509,MINI PLAYING CARDS FUN FAIR ,1062,451.46000000000004
23510,MINI PLAYING CARDS GYMKHANA,2521,1118.8
23511,EMBROIDERED RIBBON REEL EMILY ,566,1241.6100000000001
23512,EMBROIDERED RIBBON REEL ROSIE,500,975.24
23513,EMBROIDERED RIBBON REEL SUSIE ,560,1101.78
23514,EMBROIDERED RIBBON REEL SALLY ,472,964.9100000000001
23515,EMBROIDERED RIBBON REEL DAISY ,579,1164.98
23516,EMBROIDERED RIBBON REEL SOPHIE  ,296,1058.6
23517,EMBROIDERED RIBBON REEL REBECCA ,334,996.38
23518,EMBROIDERED RIBBON REEL RACHEL ,355,963.07
23519,EMBROIDERED RIBBON REEL CLAIRE,224,792.31
23520,EMBROIDERED RIBBON REEL RUBY ,167,600.55
23521,CAT AND BIRD WALL ART,270,323.64
23521,WALL ART CAT AND BIRD ,143,469.73
23522,DOG AND BALL WALL ART,252,425.87999999999994
23522,WALL ART DOG AND BALL ,102,301.56
23523,TREASURE AHOY WALL ART,270,833.46
23523,WALL ART TREASURE AHOY ,84,317.85
23524,HORSE & PONY WALL ART,256,797.3100000000001
23524,WALL ART HORSE & PONY ,219,737.82
23525,BUFFALO BILL WALL ART ,248,852.72
23525,WALL ART BUFFALO BILL ,328,988.6000000000001
23526,DOG LICENCE WALL ART,408,2081.64
23526,WALL ART DOG LICENCE ,588,3844.56
23527,ANIMALS AND NATURE WALL ART,267,923.97
23527,WALL ART ANIMALS AND NATURE ,146,478.34000000000003
23528,SPACEBOY WALL ART,306,885.9000000000001
23528,WALL ART SPACEBOY,173,618.59
23529,DOLLY GIRL WALL ART,318,1055.94
23529,WALL ART DOLLY GIRL ,319,956.0500000000002
23530,WALL ART ONLY ONE PERSON ,1050,4406.57
23530,"WALL ART,ONLY ONE PERSON ",6,29.700000000000003
23531,WALL ART BIG LOVE ,976,5538.26
23532,WALL ART WORK REST AND PLAY  ,210,901.58
23533,WALL ART GARDEN HAVEN ,215,998.64
23534,STOP FOR TEA WALL ART,518,2572.7
23534,WALL ART STOP FOR TEA ,862,5994.55
23535,BICYCLE SAFTEY WALL ART,458,2371.94
23535,WALL ART BICYCLE SAFETY,844,5948.2
23535,WALL ART BICYCLE SAFTEY ,21,114.15
23536,VILLAGE SHOW WALL ART,386,2072.42
23536,WALL ART VILLAGE SHOW ,236,1345.91
23537,I LOVE LONDON WALL ART,12,59.400000000000006
23537,WALL ART I LOVE LONDON ,99,521.73
23538,WALL ART VINTAGE HEART,331,1329.54
23539,"WALL ART , LOVES' SECRET ",8,47.6
23539,WALL ART LOVES' SECRET ,239,1180.35
23540,"WALL ART , THE MAGIC FOREST ",2,13.9
23540,WALL ART THE MAGIC FOREST ,148,933.16
23541,"WALL ART ,PUDDINGS ",8,61.2
23541,WALL ART CLASSIC PUDDINGS ,862,6746.21
23542,70'S ALPHABET WALL ART,150,1043.1
23542,WALL ART 70'S ALPHABET ,350,2708.36
23543,KEEP CALM WALL ART ,269,2015.97
23543,WALL ART KEEP CALM ,967,4994.790000000001
23544,WALL ART MID CENTURY MODERN ,163,1007.53
23545,WRAP RED DOILEY,380,159.6
23545,WRAP RED VINTAGE DOILY,2100,866.0
23546,WRAP PAISLEY PARK ,3250,1365.0
23547,WRAP FLOWER SHOP  ,1575,661.5
23548,WRAP MAGIC FOREST ,1075,451.5
23549,WRAP BIRD GARDEN ,1305,548.1
23550,WRAP ALPHABET POSTER  ,1855,763.1
23551,PACK OF 12 PAISLEY PARK TISSUES ,1840,839.8399999999999
23552,BICYCLE PUNCTURE REPAIR KIT ,1863,3881.91
23553,LANDMARK FRAME CAMDEN TOWN ,568,6444.65
23554,LANDMARK FRAME OXFORD STREET,422,4805.53
23555,LANDMARK FRAME NOTTING HILL ,421,4780.57
23556,LANDMARK FRAME COVENT GARDEN ,435,4924.51
23557,LANDMARK FRAME BAKER STREET ,350,3930.27
23558,LANDMARK FRAME LONDON BRIDGE ,415,4703.87
23559,WOODLAND BUNNIES LOLLY MAKERS,649,1482.41
23560,SET OF 6 RIBBONS COUNTRY STYLE,172,499.18
23561,SET OF 6 RIBBONS PARTY,170,476.0
23562,SET OF 6 RIBBONS PERFECTLY PRETTY  ,251,724.59
23564,EGG CUP MILKMAID INGRID,644,841.31
23565,EGG CUP MILKMAID HELGA ,405,580.06
23566,EGG CUP MILKMAID HEIDI,877,1151.93
23567,EGG CUP HENRIETTA HEN PINK,210,290.33
23568,EGG CUP HENRIETTA HEN CREAM ,629,786.27
23569,TRADTIONAL ALPHABET STAMP SET,952,4707.76
23570,TRADITIONAL PICK UP STICKS GAME ,2772,4931.87
23571,TRADITIONAL NAUGHTS & CROSSES,2841,6406.91
23574,PACKING CHARGE,12,90.0
23575,SNACK TRAY PAISLEY PARK,179,367.34999999999997
23576,SNACK TRAY RED VINTAGE DOILY,198,400.03999999999996
23578,SNACK TRAY RED GINGHAM,60,125.72
23579,SNACK TRAY I LOVE LONDON,169,358.75
23580,SNACK TRAY HAPPY FOREST  ,116,234.92
23581,JUMBO BAG PAISLEY PARK,4898,11357.07
23582,VINTAGE DOILY JUMBO BAG RED ,4681,9983.73
23583,LUNCH BAG PAISLEY PARK  ,3375,5480.83
23597,PAPER BUNTING PAISLEY PARK,243,661.37
23598,PAPER BUNTING VINTAGE PARTY,427,1215.53
23601,SET 10 CARDS SNOWY SNOWDROPS  17100,8,19.92
23602,SET 10 CARDS 3 WISE MEN 17107,1,2.91
23603,SET 10 CARD KRAFT REINDEER 17084,20,49.800000000000004
23604,SET 10 MINI SANTA & SNOWMAN  17087,4,6.64
23605,SET 10 CARDS 12 DAYS OF XMAS 17059,4,11.64
23607,SET 10 CARDS HATS & STOCKINGS 17081,8,13.28
23608,SET 10 CARDS RUDOLPHS NOSE 17097,4,11.64
23609,SET 10 CARDS SNOWY ROBIN 17099,1,2.91
23610,SET 10 CARDS CHRISTMAS ROBIN 17095,3,6.24
23611,SET 10 CARDS RED RIDING HOOD 17214,40,99.60000000000001
23612,SET 10 MINICARDS CUTE SNOWMAN 17071,5,8.299999999999999
23613,SET 10 XMAS CARDS & BADGES 17070,11,27.39
23614,SET 10 CARDS 12 DAYS WRAP  17058,26,86.58000000000001
23615,SET 10 CARDS PRINTED GRAPHIC 17219,4,9.96
23616,SET 10 CARDS JINGLE BELLS 17217,8,19.92
23617,SET 10 CARDS SWIRLY XMAS TREE 17104,2,5.82
23619,SET 10 CARDS POINSETTIA 17093,4,9.96
23620,SET 10 CARDS PERFECT POST 17090,10,24.900000000000002
23621,SET 10 CARDS DAVID'S MADONNA 17074,6,14.940000000000001
23623,SET 10 CARD CHRISTMAS WELCOME 17112,8,23.28
23624,SET 10 CARD PERFECT NATIVITY 17089,4,9.96
23625,SET 6 CARDS SPARKLY REINDEER 17262,9,44.910000000000004
23626,SET 10 CARDS DINKY TREE 17076,43,107.07000000000001
23627,SET 10 CARDS XMAS GRAPHIC  17218,7,17.43
23628,SET 10 CARDS TRIANGLE ICONS  17220,1,2.91
23629,SET 10 CARDS DRESSING UP 17077,24,59.760000000000005
23630,SET 10 CARDS HANGING BAUBLES 17080,1,2.49
23632,SET 10 CARDS CHEERFUL ROBIN 17065,15,31.200000000000003
23633,SET 10 CARDS WORLD CHILDREN 17067,3,7.470000000000001
23634,SET 10 CARDS XMAS CHOIR 17068,5,14.55
23635,SET 10 CARDS CHRISTMAS HOLLY  17259,3,12.48
23636,SET 10 CARDS WISHING TREE 17116,9,26.19
23637,SET 10 CARDS OUT OF ORDER 17216,11,27.39
23638,SET 10 CARDS ROBIN WATERPUMP  17096,2,5.82
23639,SET 10 CARDS MAGICAL TREE 17086,4,13.32
23640,SET 10 CARDS SCOTTIE DOG 17211,9,22.410000000000004
23643,SET 10 CARDS CHRISTMAS BAUBLE 16954,1,3.33
23644,SET 10 CARDS CHRISTMAS TREE 16955,5,16.65
23645,SET 10 CHRISTMAS CARDS HOHOHO 16956,9,22.410000000000004
23646,SET 10 CARDS JINGLE BELLS 16957,8,19.92
23649,SET 10 CARDS DECK THE HALLS 16960,2,4.98
23650,SET 10 CARDS FILIGREE BAUBLE 16961,4,9.96
23652,SET 10 CARD CHRISTMAS STAMPS 16963,2,5.82
23654,SET 10 CARD SNOWMAN 16965,5,12.450000000000001
23660,HENRIETTA HEN MUG ,290,508.25999999999993
23661,MILK MAIDS MUG ,199,360.59
23664,FLOWER SHOP DESIGN MUG,1,1.65
23681,LUNCH BAG RED VINTAGE DOILY,1576,2525.04
23691,KEEP CALM BIRTHDAY WRAP,50,21.0
23691,WRAP KEEP CALM BIRTHDAY,1125,460.5
23692,WRAP A PRETTY THANK YOU,50,21.0
23694,PAISLEY PARK CARD,376,165.07999999999998
23695,DOILY THANK YOU CARD,741,313.24
23697,A PRETTY THANK YOU CARD,456,194.58
23702,High Resolution Image,4,27.0
23843,"PAPER CRAFT , LITTLE BIRDIE",0,0.0
35015,JACOBS LADDER SMALL,2072,134.08
35071,ASSORTED SANTA CHRISTMAS DECORATION,50,51.13999999999999
35160,BUDDHA INCENSE HOLDER ASSORTED,2180,1590.6399999999999
35233,PASTA ENAMEL/BRASS CONTAINER,10,37.5
35240,ENAMEL BLUE RIM OVAL TRAY SET/2,49,416.01
35241,ENAMEL BLUE RIM BISCUIT BIN,297,1572.02
35265,COLOURFUL FLOWER FRUIT BOWL,21,80.0
35400,WOODEN BOX ADVENT CALENDAR ,1344,13219.65
35443,RASTA IN BATH W SPLIFF ASHTRAY,16,13.6
35537,CANDLE RING W/CLEAR BEADS,13,5.46
35594,WOODEN CHRISTMAS TREE 3 HANGING,141,92.98
35596,WOOD XMAS TREE 9 FIG SHELVES,29,24.65
35644,PAIR PINK/BLACK COATHANGERS,21,40.95
35645,VINTAGE BEAD PINK JEWEL BOX,61,301.81
35646,VINTAGE BEAD PINK EVENING BAG,642,1043.44
35647,VINTAGE BEAD PINK SHADE ,563,748.24
35648,VINTAGE BEAD PINK PURSE ,1016,1250.18
35649,VINTAGE BEAD COSMETIC BAG ,1826,1362.8999999999999
35650,VINTAGE BEAD PINK JEWEL STAND,3,14.850000000000001
35651,VINTAGE BEAD PINK SCARF ,447,1037.82
35652,VINTAGE BEAD CHAISE LONG JEWEL BOX,18,21.5
35653,VINTAGE BEAD NOTEBOOK,311,982.5300000000001
35654,VINTAGE BEAD FILLED PINK CUSHION,12,59.400000000000006
35793,S/3 PUPPIES CHRISTMAS DECORATIONS,108,216.33
35832,WOOLLY HAT SOCK GLOVE ADVENT STRING,1734,5328.300000000001
35837,SET OF SIX SILVER+RED FLOCK BAUBLES,2,1.7
35840,FLAT GLASS  BAUBLE WHITE FLOCK ,44,106.28
35914,PINK CHICK EGG WARMER + EGG CUP,243,336.58
35920,FOUR RABBIT EASTER DECORATIONS,1070,296.34
35921,EASTER BUNNY HANGING GARLAND,182,329.07
35922,EASTER BUNNY WREATH,93,556.19
35923,CANDY HEART HANGING DECORATION,1541,1019.63
35924,HANGING FAIRY CAKE DECORATION,1959,3701.72
35930,PINK HEART CHRISTMAS DECORATION,1,0.38
35931,PINK STAR CHRISTMAS DECORATION,156,78.12
35932,PINK CHRISTMAS TREE DECORATION,37,15.63
35933,PINK STOCKING CHRISTMAS DECORATION,319,131.38
35936,CERISE+GOLD CHRISTMAS TREE DEC,36,13.68
35937,CERISE+GOLD CHRISTMAS STOCKING DEC,188,71.44
35945,GOLD CHRISTMAS STOCKING DECORATION,1,1.95
35950,FOLKART HEART CHRISTMAS DECORATIONS,1,1.25
35951,FOLKART BAUBLE CHRISTMAS DECORATION,1352,717.99
35953,FOLKART STAR CHRISTMAS DECORATIONS,3844,1977.22
35954,SMALL FOLKART STAR CHRISTMAS DEC,2181,850.49
35955,SMALL FOLKART CHRISTMAS TREE DEC,135,34.620000000000005
35957,SMALLFOLKART BAUBLE CHRISTMAS DEC,3465,1234.98
35958,FOLKART ZINC STAR CHRISTMAS DEC,1131,984.6299999999999
35961,FOLKART ZINC HEART CHRISTMAS DEC,11429,9513.929999999998
35962,12 ASS ZINC CHRISTMAS DECORATIONS,486,1145.95
35962,SET/12 ZINC CHRISTMAS DECORATIONS,94,203.73000000000002
35963,FOLKART ZINC CLIP ON ANGEL WINGS,101,38.38
35964,FOLKART CLIP ON STARS,1187,689.76
35965,FOLKART HEART NAPKIN RINGS,605,1404.67
35966,FOLKART CHRISTMAS TREE T-LIGHT HOLD,255,111.34
35967,FOLK ART METAL STAR T-LIGHT HOLDER,935,488.13
35968,FOLK ART METAL HEART T-LIGHT HOLDER,736,353.84000000000003
35969,FOLKART CROWN TABLE DECORATIONS,523,542.47
35970,ZINC FOLKART SLEIGH BELLS,8301,14949.720000000001
35971,ROSE FOLKART HEART DECORATIONS,1946,1926.49
35972,DAISY FOLKART HEART DECORATION,440,611.38
35973,GERANIUM FOLKART HEART DECORATION,49,61.25
35974,S/6 CHRISTMAS TREE PLACE SETTING,1,3.75
35979,SIX STRING SCANDINAVIAN HEART DECS,82,275.63000000000005
35991,SET/6 BLACK SNOWFLAKE T-LIGHTS ,402,232.08
35995,SET/6 BLACK GLITTER REINDEER CANDLE,5,3.7800000000000002
35999,S/6 SCANDINAVIAN HEART T-LIGHT,1,2.55
37112,YELLOW BIRDS FELT DES FOODCOVER,10,37.5
37326,FAIRY DESIGN MUGS,2,4.609999999999999
37327,ASSTD MULTICOLOUR CIRCLES MUG,1735,1050.1299999999999
37330,BIG POLKADOT MUG,80,136.76
37330,SPOTS MUG,425,767.5999999999999
37333,"RETRO ""TEA FOR ONE"" ",145,805.1
37340,MULTICOLOUR SPRING FLOWER MUG,8669,3380.11
37342,POLKADOT COFFEE CUP & SAUCER PINK,1533,1531.94
37342,SPOTTY COFFEE CUP & SAUCER,40,153.78
37343,POLKADOT MUG PINK ,193,313.26
37343,SPOTS DESIGN MUG W PINK INSIDE,917,1445.78
37345,ASSTD HEARTS DESIGN MUGS,321,561.05
37348,SET OF 4 PASTEL STACKING MUGS,12,30.6
37351,ORANGE FLOWER MUG ,5404,612.5099999999999
37352,BIRD IN TREE MUG ,4643,504.55
37370,RETRO COFFEE MUGS ASSORTED,7098,10763.87
37399,"ASS RETROSPOOF MUGS,SPORTS",143,75.0
37408,ASSORTED DESIGN GEISHA GIRL MUGS,5,6.25
37409,ASSORTED DESIGN FLOWER MUGS,7,5.949999999999999
37410,BLACK AND WHITE PAISLEY FLOWER MUG,25701,3281.15
37413,ICON MUG REVOLUTIONARY,703,284.49
37422,WHITE WITH BLACK CATS BOWL,434,292.08
37423,WHITE WITH BLACK CATS PLATE,3216,548.68
37424,WHITE WITH BLACK CATS MUG,3137,860.12
37432,MUG PINK AND PURPLE ARABIC DESIGN,6,3.9000000000000004
37438,FUNKY FLOWER COFFEE POT,1,3.75
37441,ASSORTED WHITE EMBOSSED CHINA MUGS,699,1637.7
37446,MINI CAKE STAND WITH HANGING CAKES,3597,5210.55
37447,CERAMIC CAKE DESIGN SPOTTED PLATE,2815,4431.69
37448,CERAMIC CAKE DESIGN SPOTTED MUG,4483,6729.349999999999
37449,CERAMIC CAKE STAND + HANGING CAKES,2127,20099.15
37450,CERAMIC CAKE BOWL + HANGING CAKES,2372,6829.9400000000005
37451,CERAMIC CAKE TEAPOT WITH CHERRY,-1,-3.55
37461,FUNKY MONKEY MUG,741,777.39
37464,ROBOT MUG IN DISPLAY BOX,316,431.18
37467,PIG MUG IN TWO COLOUR DESIGNS,273,328.51
37468,HARDMAN MUG 3 ASSORTED,65,39.81
37471,MULTICOLOUR DOTS PLATE,692,99.02
37471,MULTICOLOUR POLKADOT PLATE,29,30.43
37474,SET/4 2 TONE EGG SHAPE MIXING BOWLS,63,651.05
37475,SET/4 COLOURFUL MIXING BOWLS,116,1160.56
37476,CONDIMENT TRAY 4 BOWLS AND 4 SPOONS,209,2010.6000000000001
37481,CUBIC MUG TEATIME CAKES,6,15.299999999999999
37483,ENGLISH ROSE MUG IN GIFT BOX,142,230.34
37484,ENGLISH ROSE TEA FOR ONE GIFT BOX,1,6.75
37485,ENGLISH ROSE TEA SET IN GIFT BOX,49,207.69
37495,FAIRY CAKE BIRTHDAY CANDLE SET,1418,5239.4
37500,TEA TIME TEAPOT IN GIFT BOX,868,6667.49
37501,TEA TIME TEA SET IN GIFT BOX,466,3296.9
37502,TEA TIME MUG IN GIFT BOX,867,2596.84
37503,TEA TIME CAKE STAND IN GIFT BOX,2414,24912.88
37506,NEW ENGLAND MILK JUG W GIFT BOX,32,190.4
37508,NEW ENGLAND CERAMIC CAKE SERVER,89,229.57
37509,NEW ENGLAND MUG W GIFT BOX,27,68.85
40001, WHITE BAMBOO RIBS LAMPSHADE,233,182.14
40001,WHITE BAMBOO RIBS LAMPSHADE,2206,1700.71
40002,WHITE BAMBOO RIBS LAMPSHADE,72,61.199999999999996
40003,WHITE BAMBOO RIBS LAMPSHADE,1132,1239.9199999999998
40016,CHINESE DRAGON PAPER LANTERNS,15435,5487.3099999999995
44228,CANNABIS LEAF BEAD CURTAIN,48,40.8
44230,SQUARE MIRROR CURTAIN,337,3303.71
44234,ASSORTED CIRCULAR MOBILE,1211,259.96999999999997
44235,ASS COL CIRCLE MOBILE ,752,276.96
44235,ASSORTED COLOURED CIRCLE MOBILE ,64,26.88
44236,PINK/PURPLE CIRCLE CURTAIN,64,112.32000000000001
44265,M/COLOUR POM-POM CURTAIN,8,34.0
45013,FOLDING SHOE TIDY,48,132.0
45014,FOLDING SHIRT TIDY,1,4.65
45016,DECORATIVE NET CANOPY LEOPARD,95,401.23
46118,FUNKY MONKEY CUSHION COVER,373,513.58
46307,ROSES BLUE BASE CUSHION COVER ,51,246.03
47016,LIGHT DECORATION BATTERY OPERATED,31,65.10000000000001
47420,ASSORTED COLOUR SUCTION CUP HOOK,358,68.02000000000001
47421,ASSORTED COLOUR LIZARD SUCTION HOOK,1447,565.98
47422,ASSORTED MONKEY SUCTION CUP HOOK,1128,437.76
47469,ASSORTED SHAPES PHOTO CLIP SILVER ,1196,578.68
47471,RAINBOW PEGS PHOTO CLIP STRING,428,295.72
47480,HANGING PHOTO CLIP ROPE LADDER,1623,2689.23
47481,50CM METAL STRING WITH  7 CLIPS,326,265.4
47502,POLKADOT CUTLERY 24 PCS IN TRAY,603,6467.8
47505,MINATURE COLOURED GARDENING SET,718,3440.3700000000003
47554,S/3 COLOURS FLOCK TEA TOWELS,1,2.55
47556,SET/2 SPOTTY + ROSE TEA TOWELS ,1,2.55
47562,ENGLISH ROSE IRONING BOARD COVER,100,375.8
47566,PARTY BUNTING,27915,147079.73
47567,ENGLISH ROSE DESIGN KITCHEN APRON,-2,-11.9
47568,ENGLISH ROSE DESIGN PEG BAG,2362,4938.05
47569,ENGLISH ROSE DESIGN SHOPPING BAG,0,0.0
47570,ENGLISH ROSE TABLE CLOTH,220,2373.01
47579,TEA TIME BREAKFAST BASKET,184,418.77000000000004
47580,TEA TIME DES TEA COSY,1641,4245.05
47589,CONGRATULATIONS BUNTING,172,948.7800000000001
47597,NEW ENGLAND TEATOWELS,322,644.88
47598,NEW ENGLAND EGG WARMER,138,89.12
48103,DOOR MAT KISS MY.......,13,95.15
48103,DOORMAT KISS MY.......,22,106.58
48111,DOOR MAT 3 SMILEY CATS,1815,10445.77
48111,DOORMAT 3 SMILEY CATS,2417,15421.83
48116,DOOR MAT MULTICOLOUR STRIPE,1102,7078.28
48116,DOORMAT MULTICOLOUR STRIPE,2347,13610.2
48129,DOOR MAT TOPIARY,1040,6681.38
48129,DOORMAT TOPIARY,2064,12768.38
48138,DOOR MAT UNION FLAG,3758,24656.36
48138,DOORMAT UNION FLAG,6268,41994.54
48175,DOOR MAT CAMOUFLAGE,39,158.04
48179,DOOR MAT SWEET HOME,34,214.47
48184,DOOR MAT ENGLISH ROSE ,1478,9793.86
48184,DOORMAT ENGLISH ROSE ,3226,21262.7
48185,DOOR MAT FAIRY CAKE,1723,11503.83
48185,DOORMAT FAIRY CAKE,4407,29541.33
48187,DOOR MAT NEW ENGLAND,2020,13179.880000000001
48187,DOORMAT NEW ENGLAND,5284,33149.06
48188,DOOR MAT WELCOME PUPPIES,1456,8416.2
48188,DOORMAT WELCOME PUPPIES,3405,20137.55
48189,DOOR MAT FRIENDSHIP ,468,3420.2400000000002
48189,DOORMAT FRIENDSHIP ,843,4982.54
48194,DOOR MAT HEARTS,1697,10275.97
48194,DOORMAT HEARTS,6004,38278.42
48195,DOOR MAT GREEN PAISLEY ,264,1586.56
48195,DOORMAT GREEN PAISLEY ,1,14.43
48197,DOOR MAT BIRD ON THE WIRE,667,4691.77
48197,DOORMAT BIRD ON THE WIRE,231,1213.8700000000001
51008,AFGHAN SLIPPER SOCK PAIR,2255,7324.75
62018,SOMBRERO ,9567,12450.85
70006,LOVE HEART POCKET WARMER,4436,4137.12
70007,HI TEC ALPINE HAND WARMER,1294,1664.78
71038,WHITE HANGING BEADS CANDLE HOLDER,704,3718.4
71050,SMALL SINGLE FLAME CANDLE HOLDER,51,17.849999999999998
71053,WHITE METAL LANTERN,4632,18276.7
71053,WHITE MOROCCAN METAL LANTERN,69,381.54999999999995
71143,ANTIQUE SILVER BOOK MARK WITH BEADS,17,14.11
71143,SILVER BOOK MARK WITH BEADS,331,499.48999999999995
71215,METAL BASE FOR CANDLES,177,68.1
71270,PHOTO CLIP LINE,370,525.4
71279,PINK GLASS CANDLEHOLDER,281,936.71
71403,"PINK/WHITE ""KEEP CLEAN"" BULLET BIN",174,650.1500000000001
71459,HANGING JAM JAR T-LIGHT HOLDER,29852,24186.01
71459,HANGING JAM JAR T-LIGHT HOLDERS,2810,2295.5
71477,COLOUR GLASS. STAR T-LIGHT HOLDER,11557,34133.13
71477,COLOURED GLASS STAR T-LIGHT HOLDER,958,3383.5
71510,SQUARE METAL CANDLEHOLDER BASE,177,112.05
72008,FROSTED BOX 9 WHITE T-LIGHT CANDLES,3794,1520.8999999999999
72122,COFFEE SCENT PILLAR CANDLE,586,593.3299999999999
72127,COLUMBIAN CANDLE ROUND ,365,444.69
72128,COLUMBIAN CANDLE ROUND,714,442.24
72129,COLUMBIAN CANDLE ROUND ,74,49.11000000000001
72130,COLUMBIAN CANDLE ROUND,753,306.35
72131,COLUMBIAN CANDLE RECTANGLE,732,661.0799999999999
72132,COLUMBIAN CUBE CANDLE,549,462.15
72133,COLUMBIAN CANDLE RECTANGLE,109,122.63
72134,COLUMBIAN  CUBE CANDLE ,339,134.85
72232,FENG SHUI PILLAR CANDLE,6268,1190.92
72267,PREMIUM CHURCH CANDLE,265,530.16
72484,ROSES IN WHITE HEART CANDLE ,1818,991.3800000000001
72487,ROSES WHITE ROUND CANDLE,827,355.05
72586,"S/6 HALLOWEEN GHOST T LIGHTS, 5CM H",1059,453.99
72586,SET OF 6 HALLOWEEN GHOST T-LIGHTS,1208,540.99
72598,SET/12 TAPER CANDLES,1222,1127.06
72708,SCULPTED ROUND IVORY CANDLE ,44,9.24
72709,IVORY SCULPTED RND CANDLE ,74,62.9
72715,SPHERICAL IVORY CANDLE ,88,36.96
72724,SET/6 CHRISTMAS ICICLE T-LIGHTS,36,45.0
72728,ROSE SCENT CANDLES IN GLASS,643,523.15
72741,GRAND CHOCOLATECANDLE,19650,27150.16
72756, FAIRY CAKE CANDLES,153,202.05
72756,FAIRY CAKE CANDLES,3834,5220.18
72772,SET/4 SCENTED CANDLES IN RAMEKINS,457,615.84
72779,SET/6 BLACK ROSE T-LIGHT CANDLES,48,81.12
72780,BLACK SILOUETTE CANDLE PLATE,502,407.98
72781,BLACK SILOUETTE CANDLE PLATE ,115,216.9
72783,BLACK SIL'T SQU CANDLE PLATE ,43,90.30000000000001
72789,BASKET/8 SCENTED LOVE TOKEN CANDLES,112,424.03
72793,BLACK BOX MIRROR LANTERN,54,262.8
72805,VANILLA CANDLE IN EMBOSSED ZINC POT,10,16.9
72811,SMALL ZINC/GLASS CANDLEHOLDER,445,340.45
72812,LARGE ZINC GLASS CANDLEHOLDER,78,223.23000000000002
72812,LARGE ZINC/GLASS CANDLEHOLDER,27,65.23
72814,SET OF 3 CHRISTMAS BRIAR CANDLES,176,626.39
72814,SET/3 CHRISTMAS BRIAR CANDLES,88,334.03
72815,3 WICK CHRISTMAS BRIAR CANDLE ,274,1053.36
72816,SET/3 CHRISTMAS DECOUPAGE CANDLES,1320,1641.52
72817,SET OF 2 CHRISTMAS DECOUPAGE CANDLE,1489,1591.28
72817,SET/2 CHRISTMAS DECOUPAGE CANDLES,40,50.0
72818,CHRISTMAS DECOUPAGE CANDLE,2358,1257.21
72819,CUPID DESIGN SCENTED CANDLES,694,1174.01
72821,CUPID SCENTED CANDLE IN GLASS,58,95.69999999999999
75011,BLUE DAISY MOBILE,181,172.51
75131,METAL TUBE CHIME ON BAMBOO,1217,1543.03
75172,PAINTED SEA SHELL METAL WINDCHIME,97,100.31
75178,ASSTD COL BUTTERFLY/CRYSTAL W/CHIME,497,273.93
77079,DOLPHIN WINDMILL,64,135.68
77081,FLOWER WINDMILL,241,307.13
78026,SEAGRASS S/3 SQU LAUNDRY BOX,12,139.95
78027,SEAGRASS S/2 CORNER LAUNDRY ,6,100.15
78033,FLAG OF ST GEORGE CHAIR,73,352.75
78056,CAMOUFLAGE BACKPACK ON WHEELS,1,12.849999999999998
78124,MAGAZINE RACK GEBRA ASSORTED ,730,969.61
79000,MOROCCAN TEA GLASS,11735,9588.01
79029,GLASS HONEYPOT WASP CATCHER,2917,5424.469999999999
79067,CORONA MEXICAN TRAY,1597,6317.5
79072,TEATIME CAKE TIN WITH HANDLE,269,2933.95
79140,ASS WINDPROOF MARIJUANA LIGHTERS,15,6.3
79160,HEART SHAPE WIRELESS DOORBELL,923,1928.97
79163,BLACK CHAMPAGNE GLASS,1823,1235.6699999999998
79164,BLACK WINE GLASS,3629,3159.41
79301,FEATHER HEART LIGHTS,-8,-20.0
79320, FLAMINGO LIGHTS,354,1705.98
79320,FLAMINGO LIGHTS,534,2574.3
79321,CHILLI LIGHTS,15696,79905.13
79328,BLUE FLOCK GLASS CANDLEHOLDER,590,259.24
79329,PINK FLOCK GLASS CANDLEHOLDER,100,65.94
79331,PINK FLOCK GLASS CANDLEHOLDER,60,73.6
79336,LIGHT PINK FLOCK GLASS CANDLEHOLDER,840,369.78000000000003
79337,BLUE FLOCK GLASS CANDLEHOLDER,1188,499.75
79338,DARK PINK FLOCK GLASS CANDLEHOLDER,553,252.29000000000002
79341,WILLOW BRANCH LIGHTS.,277,1904.0900000000001
79403,FROSTED WHITE BASE ,202,187.11999999999998
79406,FROSTED WHITE BASE ,259,65.62
79413,GLASS WINE GLASS DECORATIONS,30,37.5
79532,MOSAIC GLASS BALL CANDLEHOLDER,96,120.0
79534,MULTICOLOUR GLASS PLATE,116,63.800000000000004
82069,BEECH WOOD P/FRAME,17,109.85
82072,WHITE WOOD SINGLE P/FRAME,5,6.25
82076,BEECH WOOD PHOTO FRAME ,290,403.64
82081,PINK HEARTS PHOTO ALBUM,174,451.35
82093,HEART SHAPE BUTTON FRAME ,139,283.49
82095,HEART BUTTONS JEWELLERY BOX,100,600.91
82482,WOODEN PICTURE FRAME WHITE FINISH,16454,40769.45
82483,WOOD 2 DRAWER CABINET WHITE FINISH,4595,27319.52
82484,WOOD BLACK BOARD ANT WHITE FINISH,9782,56420.729999999996
82486,3 DRAWER ANTIQUE WHITE WOOD CABINET,693,6121.79
82486,WOOD S/3 CABINET ANT WHITE FINISH,3930,31075.39
82551,LAUNDRY 15C METAL SIGN,5635,8073.44
82552,WASHROOM METAL SIGN,6948,9518.41
82553,POP'S GREASY SPOON METAL SIGN,114,237.73
82567,"AIRLINE LOUNGE,METAL SIGN",1206,2496.88
82578,KITCHEN METAL SIGN,5582,3122.09
82580,BATHROOM METAL SIGN,12954,7329.030000000001
82581,TOILET METAL SIGN,8328,4610.34
82582,AREA PATROLLED METAL SIGN,7350,14869.600000000002
82583,HOT BATHS METAL SIGN,12770,27777.9
82585,SWEET VALENCIA CANDLE+CUP,152,220.9
82587,TEXRIO TOMATOES CANDLE+CUP,116,151.78
82597,BOMBS AWAY METAL SIGN,1207,2563.77
82599,FANNY'S REST STOPMETAL SIGN,2501,5472.68
82600,N0 SINGING METAL SIGN,1225,2639.42
82600,NO SINGING METAL SIGN,11407,23012.97
82605,OLD DOC RUSSEL METAL SIGN,227,512.13
82605,OLD DOC.RUSSEL METAL SIGN,41,82.94
82615,PINK MARSHMALLOW SCARF KNITTING KIT,578,1592.97
84006,MAGIC TREE -PAPER FLOWERS,1851,1733.82
84007,MAGIC GARDEN MOUNT FUJI,157,413.12
84012,MAGIC SHEEP WOOL GROWING FROM PAPER,1718,2526.47
84016,FLAG OF ST GEORGE CAR FLAG,944,3741.3700000000003
84033,FLAG OF ST GEORGE ,379,713.93
84050,PINK HEART SHAPE EGG FRYING PAN,9787,14417.699999999999
84051,ASS COLOUR GLOWING TIARAS,746,607.98
84077,WORLD WAR 2 GLIDERS ASSTD DESIGNS,104435,24083.929999999997
84081,WHITE CERAMIC PARTY SET (5PCS),99,385.05
84192,ASSORTED COLOUR METAL CAT ,226,271.1
84199,GLOW IN DARK DOLPHINS,542,118.56
84212,"ASSORTED FLOWER COLOUR ""LEIS""",24722,11914.69
84218,BOX/12 CHICK & EGG IN BASKET,260,501.56
84219,BOX/12 MOTHER & CHICK IN BASKET/BOW,137,303.86
84226,HEN HOUSE W FAMILY IN BARN & NEST,77,58.31
84227,HEN HOUSE W CHICK IN NEST,112,47.04
84228,HEN HOUSE W CHICK STANDING,339,149.77
84228,HEN HOUSE WITH CHICK STANDING,14,5.88
84231,EASTER BUNNY WITH BASKET ON BACK,230,166.21
84270,ASSTD DESIGN BUBBLE GUM RING,21196,4530.9
84292,ROSE PINK METAL FOLDING CHAIR,43,378.03000000000003
84306,S/3 PINK SQUARE PLANTERS ROSES,48,557.4799999999999
84311,CAMOFLAGE CUSHION COVER,11,18.15
84340,LARGE FIBRE OPTIC CHRISTMAS TREE,21,65.76
84347,ROTATING SILVER ANGELS T-LIGHT HLDR,22028,70969.95
84352,SILVER CHRISTMAS TREE BAUBLE STAND ,199,3386.93
84356,POMPOM CURTAIN,744,3729.34
84358,FLOOR LAMP SHADE WOOD BASE,121,1097.48
84360,TABLE LAMP WHITE SHADE WOOD BASE,179,956.8900000000001
84366,VENDETTA CANVAS PICTURE,3,11.25
84367,LA STREGA CANVAS PICTURE ,74,126.29999999999998
84371,BIG PINK POODLE,30,257.1
84375,SET OF 20 KIDS COOKIE CUTTERS,7514,15632.28
84378,SET OF 3 HEART COOKIE CUTTERS,11544,15272.38
84380,SET OF 3 BUTTERFLY COOKIE CUTTERS,10186,13824.95
84388,WISE MAN STAR SHAPE EGG PAN,68,85.74
84396,6 HOOK JEWELLERY STAND BLACK DRESS,552,1380.52
84422,PINK/BLUE DISC/MIRROR STRING,733,408.38
84447,6 RABBIT CHAIN EASTER,69,72.42
84452,METAL RABBIT LADDER EASTER ,182,172.56
84454,WOBBLING METAL CHICKEN EASTER,93,85.53
84455,SET OF 3 RABBIT CARROTS EASTER,85,77.96
84456,SET OF 3 RABBIT EGG EASTER,25,22.95
84457,SET/3 RABBITS FLOWER SKIPPPING ROPE,291,278.72999999999996
84458,S/3 RABBIT FLOWER/EGG/CARROT ROPE,124,105.39999999999999
84461,12 PINK HEN+CHICKS IN BASKET,88,225.73999999999998
84462,3 PINK HEN+CHICKS IN BASKET,100,114.86
84464,S/60 PINK FLUFFY CHICKS IN BOX,82,179.1
84465,15 PINK FLUFFY CHICKS IN BOX,32,96.51
84466,TOP SECRET PEN SET,859,956.51
84467,ENGLISH ROSE DESIGN QUILTED THROW,814,17397.76
84469,ROSE DES PADDED FLOOR CUSHION,664,2249.41
84472,PINK AND LILAC QUILTED THROW ,84,3276.42
84482,BUTTONS DESIGN JEWELLERY BOX,65,255.52
84493,BLUE/PINK NEST STRIPE BOX,575,65.75999999999999
84497,BUTTONS AND STRIPES NOTEBOOK ,97,387.13
84499,BLACK FLOWER CANDLE PLATE,326,272.16999999999996
84522,PINK PARTY SUNGLASSES,186,311.86
84526,GIANT BLACK SUNGLASSES,538,1503.6399999999999
84527,FLAMES SUNGLASSES PINK LENSES,77,146.10999999999999
84539,KNITTED RABBIT DOLL ,55,90.75
84546,CROCHET POODLE KEYRING,21,34.64999999999999
84548,CROCHET BEAR RED/BLUE  KEYRING,48,79.19999999999999
84549,CROCHET WHITE RABBIT KEYRING ,75,137.26999999999998
84550,CROCHET LILAC/RED BEAR KEYRING,15,24.749999999999996
84551,CROCHET DOG KEYRING,39,64.35
84564,6 SEGMENT COLOURED SNACK BOWL ,21,175.48000000000002
84567,FROSTED GLASS WITH SILVER SURROUND,9,14.85
84568,GIRLS ALPHABET IRON ON PATCHES ,36201,7607.0199999999995
84572,6 HOOK JEWEL STAND LILAC DRESS,1,8.49
84576,BLUE CAT BISCUIT BARREL PINK HEART,96,337.04
84578,ELEPHANT TOY WITH BLUE T-SHIRT,222,854.91
84580,MOUSE TOY WITH PINK T-SHIRT,1053,4036.94
84581,DOG TOY WITH PINK CROCHET SKIRT,506,1920.02
84582,PINK CROCHET CAT WITH SCARF,14,59.5
84584,PINK GINGHAM CAT WITH SCARF,282,696.75
84592,CROCHET ROSE PURSE WITH SUEDE BACK,173,536.4000000000001
84593,CROCHET ROSE DES CLOTHES HANGER,25,73.75
84598,BOYS ALPHABET IRON ON PATCHES,20199,4229.18
84599,CANDY STRIPE ROSE FLOOR CUSHION,15,160.15
84600,NEW BAROQUE JEWELLERY BOX ,105,895.4200000000001
84608,ORNATE EDWARDIAN CANDLE HOLDER,4,31.799999999999997
84609,TALL ROCOCO CANDLE HOLDER,141,1272.24
84615,PINK ROUND BUTTERFLY MIRROR ,202,506.79999999999995
84616,SILVER ROCCOCO CHANDELIER,68,1352.82
84617, NEW BAROQUE BLACK BOXES,6,76.5
84617,NEW BAROQUE BLACK BOXES,5,63.75
84619,BLUE GINGHAM ROSE QUILT ,72,1622.96
84620,BLUE GINGHAM ROSE CUSHION COVER,121,746.61
84621,BLUE GINGHAM ROSE FLOOR CUSHION ,29,247.26
84622,PINK GINGHAM ROSE CUSHION COVER,22,146.65
84623,PINK GINGHAM ROSE FLOOR CUSHION,56,310.44
84626,CANDY STRIPE ROSE QUILT,1,45.95
84627,CANDY STRIPE ROSE C/COVER ,42,249.9
84629,WHITE 3 FRAME BIRDS AND TREE ,23,232.85
84630,FLOWERS AND BIRDS WALL PLAQUE,2,15.9
84631,FRUIT TREE AND BIRDS WALL PLAQUE,285,1082.31
84632,DECORATIVE HANGING SHELVING UNIT,14,799.3000000000001
84637,KITCHEN FLOWER POTS WALL PLAQUE,585,1454.49
84638,SMALL KITCHEN FLOWER POTS PLAQUE,400,1101.55
84648,NEW BAROQUE WALL MIRROR,1,12.75
84653,GREEN ROSE QUILT ,14,750.48
84656,WHITE ROSE C/COVER,22,130.9
84657,GREEN ROSE CUSHION COVER,246,517.48
84658,WHITE STITCHED CUSHION COVER,214,1199.66
84664,CHERRY BLOSSOM BATHROOM CABINET,188,930.6
84665,SQUARE CHERRY BLOSSOM CABINET,200,1210.0
84666,SQUARE CHERRY BLOSSOM CABINET,226,892.7
84670,JAPANESE CROCHETED ANIMAL,5046,2065.72
84674,FLYING PIG WATERING CAN,453,1155.2800000000002
84675,FROG KING WATERING CAN,198,548.11
84676,BATH DUCK WATERING CAN,799,1969.91
84678,CLASSICAL ROSE SMALL VASE,555,1085.3799999999999
84679,CLASSICAL ROSE TABLE LAMP,13,97.35
84680,CLASSICAL ROSE URN,92,356.40000000000003
84682,CLASSICAL ROSE DISH,289,579.24
84683,CLASSICAL ROSE CANDLESTAND,536,515.6
84684,BEACH HUT PHOTO FRAME,557,669.6999999999999
84685,BEACH HUT KEY CABINET,432,1357.42
84686,BEACH HUT MIRROR,369,984.39
84687,BEACH HUT SHELF W 3 DRAWERS,307,1170.41
84688,BEACH HUT DESIGN BLACKBOARD,369,1158.47
84689,S/2 BEACH HUT TREASURE CHESTS,295,693.35
84690,S/2 BEACH HUT STOOLS,25,198.75
84691,PACK 20 DOLLY PEGS,2665,2169.3999999999996
84692,BOX OF 24 COCKTAIL PARASOLS,18878,9249.74
84715,SET OF 6 ICE CREAM SKITTLES,241,734.8900000000001
84720,DOT MATRIX CANVAS ART PICTURE,35,147.05
84721,MANHATTAN CANVAS ART PICTURE,20,87.8
84723,CHERRY BLOSSOM CANVAS ART PICTURE,48,153.6
84725,FREESTYLE CANVAS ART PICTURE,134,216.49999999999997
84726,LILLIES CANVAS PICTURE,233,394.84999999999997
84731,3 BIRDS CANVAS SCREEN,3,3.69
84744,S/6 SEW ON CROCHET FLOWERS,149,188.77
84746,PINK EASTER HENS+FLOWER,23,72.06
84748,FOLK FELT HANGING MULTICOL GARLAND,1170,1781.12
84754,S/15 SILVER GLASS BAUBLES IN BAG,1937,2479.45
84755,COLOUR GLASS T-LIGHT HOLDER HANGING,39710,24789.780000000002
84757,ENCHANTED GARDEN WROUGHT IRON TABLE,5,74.75
84761,IVORY HANGING BIRD PLANTER ,268,748.4499999999999
84763,ZINC FINISH 15CM PLANTER POTS,1517,1903.0
84765,SILVER ROCOCO CANDELABRA,7,114.72999999999999
84766,SILVER ROCOCO CANDLE STICK,184,594.8
84767,ZINC POLICE BOX LANTERN,195,806.22
84770,ROUND GEORGIAN SILVER MIRROR,89,283.55000000000007
84773,RED ROSE AND LACE C/COVER,188,554.6
84789,ENCHANTED BIRD PLANT CAGE,437,1528.39
84791,GINGHAM HEART DECORATION,328,1068.43
84792,ENCHANTED BIRD COATHANGER 5 HOOK,2228,9849.060000000001
84799,SPRIG LAVENDER ARTIFICIAL FLOWER,618,493.62
84807,RED POPPY ARTIFICIAL FLOWER,233,215.93
84813,SET OF 4 DIAMOND NAPKIN RINGS,421,3296.81
84815,SET OF 3 DANISH ROSE PLANTERS,926,1183.8200000000002
84816,DANISH ROSE BEDSIDE CABINET,24,937.7500000000001
84817,DANISH ROSE DECORATIVE PLATE,1016,849.6
84818,DANISH ROSE PHOTO FRAME,1681,2250.2
84819,DANISH ROSE ROUND SEWING BOX,904,1351.26
84820,DANISH ROSE TRINKET TRAYS,317,863.67
84821,DANISH ROSE DELUXE COASTER,1306,732.3
84823,DANISH ROSE FOLDING CHAIR,119,1170.0500000000002
84824,DANISH ROSE UMBRELLA STAND,37,660.5
84826,ASSTD DESIGN 3D PAPER STICKERS,1614,767.08
84827,ASS DES PHONE SPONGE CRAFT STICKER,1027,489.79
84828,JUNGLE POPSICLES ICE LOLLY HOLDERS,1531,1961.31
84828,JUNGLE POPSICLES ICE LOLLY MOULDS,936,1308.8700000000001
84830,LARGE ENGLISH ARBORETUM,110,1144.3
84832,ZINC WILLIE WINKIE  CANDLE STICK,6782,6124.5
84836,ZINC METAL HEART DECORATION,19745,24161.83
84837,WHITE SWEETHEARTS CABINET 4 DRAWERS,251,3210.04
84838,ANT WHITE HIGH RISE BIRD BOX,50,312.5
84839,SWEETHEART KEY CABINET,1511,8668.45
84840,SWEETHEART CARRY-ALL BASKET,279,2405.32
84842,HELLO SAILOR BATHROOM SET,785,506.55
84843,WHITE SOAP RACK WITH 2 BOTTLES,278,1719.16
84847,FLORAL BATHROOM SET,1214,781.45
84854,GIRLY PINK TOOL SET,380,2075.2200000000003
84855,BLOKEY SILVER TOOL SET,36,196.70000000000002
84865,NEW BAROQUE BLACK PHOTO ALBUM,77,639.42
84869,CANDY BUTTON PHOTO ALBUM,302,703.54
84879,ASSORTED COLOUR BIRD ORNAMENT,79571,128550.42
84880,WHITE WIRE EGG HOLDER,1716,9816.09
84881,BLUE WIRE SPIRAL CANDLE HOLDER,51,336.59
84882,GREEN WIRE STANDING CANDLE HOLDER,66,289.43
84886,BLUE METAL WALL SHELF,12,119.39999999999999
84893,ANT WHITE IRON BASKET,33,186.35000000000002
84901,BLACK FACE LAMB WITH PANTS,123,471.13
84902,PINK KNITTED COW STUFFED TOY,84,326.33
84905,PINK BUTTERFLY C/COVER ,10,70.82
84905,PINK BUTTERFLY CUSHION COVER ,259,937.09
84906,PINK B'FLY C/COVER W BOBBLES,43,262.62
84906,PINK BUTTERFLY CUSHION COVER,22,42.9
84907,PINK YELLOW PATCH CUSHION COVER,379,886.23
84907,PINK/YELLOW PATCH CUSHION COVER,6,67.03999999999999
84915,HAND TOWEL PINK FLOWER AND DAISY,234,459.56
84916,HAND TOWEL PALE BLUE W FLOWERS,261,646.4300000000001
84917,WHITE HAND TOWEL WITH BUTTERFLY,229,686.03
84918,CREAM C/COVER W YELLOW/GREEN FLOWER,10,69.5
84918,CREAM CUSHION COVER WITH FLOWERS,196,911.72
84919,BLUE CUSHION COVER WITH FLOWER,111,822.1300000000001
84919,L BLUE C/COVER W PINK/YELLOW FLOWER,8,74.31
84920,PINK FLOWER FABRIC PONY,201,805.38
84921,CREAM AND PINK FLOWERS PONY ,27,101.25
84922,PINK BUTTERFLY WASHBAG,342,808.22
84923,PINK BUTTERFLY HANDBAG W BOBBLES,234,1017.64
84929,ASSTD FRUIT+FLOWERS FRIDGE MAGNETS,2933,918.23
84934,ASSTD DESIGN POP ART SLIM PEN,686,585.65
84937,KASHMIR FOLKART TUMBLERS,2524,5356.740000000001
84942,KASHMIR FOLKART HEART DISHES,3,5.07
84944,SET OF 6 KASHMIR FOLKART BAUBLES,1042,2909.43
84945,MULTI COLOUR SILVER T-LIGHT HOLDER,21449,17604.98
84946,ANTIQUE SILVER T-LIGHT GLASS,14348,19032.41
84946,ANTIQUE SILVER TEA GLASS ETCHED,21898,29674.96
84947,ANTIQUE SILVER TEA GLASS ENGRAVED,15773,18699.63
84948,SILVER HANGING T-LIGHT HOLDER DOME,269,452.60999999999996
84949,SILVER HANGING T-LIGHT HOLDER,11433,18222.0
84950,ASSORTED COLOUR T-LIGHT HOLDER,5983,4154.77
84962,SET/3 COLOUR PAINTED KASHMIRI STOOL,3,179.85000000000002
84969,ASSORTED COLOUR SET 6 TEASPOONS,265,1219.27
84969,BOX OF 6 ASSORTED COLOUR TEASPOONS,699,3039.41
84974,S/2 ZINC HEART DESIGN PLANTERS,88,869.5999999999999
84975,HEART SHAPED MIRROR,1981,3251.19
84976,RECTANGULAR SHAPED MIRROR,660,711.7
84977,WIRE FLOWER T-LIGHT HOLDER,223,281.33
84978,HANGING HEART JAR T-LIGHT HOLDER,21328,28058.24
84987,SET OF 36 TEATIME PAPER DOILIES,8068,11766.449999999999
84988,SET OF 72 PINK HEART PAPER DOILIES,8241,12821.97
84990,60 GOLD AND SILVER FAIRY CAKE CASES,4224,2048.9900000000002
84991,60 TEATIME FAIRY CAKE CASES,53678,26853.260000000002
84992,72 SWEETHEART FAIRY CAKE CASES,34387,17084.52
85006,SET 4 NURSERY DES ROUND BOXES,1569,724.91
85007,SET OF 3 VINTAGE TEA TIME BOXES,140,385.67
85008,SET OF 3 CONEY ISLAND OVAL BOXES,267,1048.82
85015,SET OF 12  VINTAGE POSTCARD SET,2908,2750.0
85016,SET OF 6 VINTAGE NOTELETS KIT,1672,2015.48
85020,ROUND PINK HEART MIRROR,240,533.48
85030,FRENCH CHATEAU OVAL PLATTER,184,460.8
85038,6 CHOCOLATE LOVE HEART T-LIGHTS,2778,5803.580000000001
85041,SET/4 PINK ORCHID CANDLES IN BOWL,1839,2466.77
85042,ANTIQUE LILY FAIRY LIGHTS,2517,11477.16
85043,RED HEART CANDY POP LIGHTS,-2,-9.9
85044,RED REINDEER STRING OF 20 LIGHTS,144,778.05
85045,GREEN CHRISTMAS TREE STRING 20LIGHT,459,2184.84
85047,WHITE BEADED GARLAND STRING 20LIGHT,977,6213.629999999999
85048,15CM CHRISTMAS GLASS BALL 20 LIGHTS,2592,20505.780000000002
85050,FRENCH ENAMEL SOAP DISH WITH LID,48,100.80000000000001
85053,FRENCH ENAMEL CANDLEHOLDER,1991,4278.820000000001
85054,FRENCH ENAMEL POT W LID,908,2474.82
85055,FRENCH ENAMEL UTENSIL HOLDER,359,1442.94
85059,FRENCH ENAMEL WATER BASIN,691,2369.89
85060,WOOD FAN WITH FLOWER DESIGN,1410,1698.12
85062,PEARL CRYSTAL PUMPKIN T-LIGHT HLDR,3877,6349.009999999999
85063,CREAM SWEETHEART MAGAZINE RACK,242,4366.04
85064,CREAM SWEETHEART LETTER RACK,1591,7472.86
85065,CREAM SWEETHEART TRAYS,584,7146.64
85066,CREAM SWEETHEART MINI CHEST,2985,37364.58
85067,CREAM SWEETHEART WALL CABINET,485,7999.54
85068,CREAM SWEETHEART SHELF + HOOKS,956,6617.4400000000005
85069,CREAM SWEETHEART DOUBLE SHELF,-3,-50.849999999999994
85070,ANT WHITE SWEETHEART TABLE W 3 DRAW,2,195.0
85072,OCCASIONS GIFT CARD ASSORTMENT,120,66.0
85077,KISSING REINDEER TABLE RUNNER,1,5.95
85078,SCANDINAVIAN 3 HEARTS NAPKIN RING,2257,1051.3700000000001
85079,EMBROIDERED REINDEER DECORATION,23,32.25
85080,PADDED RED HEART DECORATION,113,55.76
85081,PADDED HOLLY CHRISTMAS DECORATION ,104,46.17
85083,KISS REINDEER SCANDINAVIAN STOCKING,-1,-2.55
85084,HOLLY TOP CHRISTMAS STOCKING,682,681.4
85087,CANDY SPOT CUSHION COVER,418,1386.74
85088,CANDY SPOT HAND BAG,343,715.45
85089,CANDY SPOT BUNNY,99,317.54
85090,CANDY SPOT APRON,98,522.08
85091,CANDY SPOT BREAD BASKETS,326,479.11
85092,CANDY SPOT TEA COSY,367,592.57
85093,CANDY SPOT EGG WARMER HARE,1358,1087.46
85094,CANDY SPOT EGG WARMER RABBIT,759,359.74
85095,THREE CANVAS LUGGAGE TAGS,174,259.09
85096,HILDA CANDY SPOT RABBIT,163,673.17
85103, SILVER T-LIGHT SETTING,35,267.87
85103,SILVER T-LIGHT SETTING,236,1605.46
85104,SILVER GLASS T-LIGHT SET,343,1000.8900000000001
85106,CUT GLASS HEXAGON T-LIGHT HOLDER,1190,2271.24
85107,CUT GLASS T-LIGHT HOLDER OCTAGON,1203,2274.79
85109,PINK BOUDOIR T-LIGHT HOLDER,2339,344.39
85110,BLACK SILVER FLOWER T-LIGHT HOLDER,6480,750.6800000000001
85111,SILVER GLITTER FLOWER VOTIVE HOLDER,2763,912.39
85112,S/3 TEAR DROP CUT GLASS DECORATION,465,412.77
85113,POLKA DOT PISTACHIO PAIL,285,591.6600000000001
85116,BLACK CANDELABRA T-LIGHT HOLDER,1787,2143.2400000000002
85117,NIGHTINGALE COATHOOK WHITE,347,594.3199999999999
85118,HEART T-LIGHT HOLDER,1847,1035.01
85119,WATERING CAN SINGLE HOOK PISTACHIO,397,540.44
85125,SMALL ROUND CUT GLASS CANDLESTICK,305,1459.71
85126,LARGE ROUND CUTGLASS CANDLESTICK,146,1001.66
85127,SMALL SQUARE CUT GLASS CANDLESTICK,271,1685.92
85128,PLANTPOT SINGLE HOOK PISTACHIO,167,188.95000000000002
85141,JARDIN ETCHED GLASS FRUITBOWL,171,1224.39
85142,JARDIN ETCHED GLASS GINGER JAR,56,494.63
85144,JARDIN ETCHED GLASS BUTTER DISH,66,456.9
85144,JARDIN ETCHED GLASS CHEESE DISH,219,575.45
85145,JARDIN ETCHED GLASS LARGE BELL JAR,88,770.8
85146,JARDIN ETCHED GLASS SMALL BELL JAR,118,599.38
85147,JARDIN ETCHED GLASS CANDLEHLDR LONG,59,292.05
85150,LADIES & GENTLEMEN METAL SIGN,8335,20172.77
85151,WELCOME METAL SIGN,44,55.0
85152,HAND OVER THE CHOCOLATE   SIGN ,16272,31292.190000000002
85157,SET OF 2 CHESTS CHOCOLAT AU LAIT,1,12.72
85161,ACRYLIC GEOMETRIC LAMP,49,825.95
85165,CANDY PINK FRENCH BOUDOIR CLOCK,90,872.76
85171,S/2 HYACINTH BULB CANDLES,1,2.55
85172,HYACINTH BULB T-LIGHT CANDLES,4118,2210.3
85173,SET/6 FROG PRINCE T-LIGHT CANDLES,1013,1813.32
85174,S/4 CACTI CANDLES,1318,6585.81
85175,CACTI T-LIGHT CANDLES,14937,6357.44
85176,SEWING SUSAN 21 NEEDLE SET,2732,2279.8199999999997
85177,BASKET OF FLOWERS SEWING KIT,1819,1513.9299999999998
85178,VICTORIAN SEWING KIT,5177,5686.67
85187,S/12 MINI RABBIT EASTER,479,816.4799999999999
85189,HANGING BUTTERFLY  EGG,1140,937.3499999999999
85190,PINK FLOWER HANGING HEART ,132,117.36
85195,HANGING HEART BASKET,145,267.34000000000003
85196,EASTER BUNNIES ON A STICK,1552,824.44
85197,SET OF 12 MINI BUNNIES IN A BUCKET,1669,959.46
85198,ASSORTED FARMYARD ANIMALS IN BUCKET,3859,1469.4999999999998
85200,BUNNY EGG BOX,1033,1304.09
85202,HANGING WOOD AND FELT HEART,1184,560.01
85203,HANGING WOOD AND FELT BUTTERFLY ,1463,665.91
85204,HANGING WOOD AND FELT FLOWER,2352,460.78
85208,SET/12 FUNKY FELT FLOWER PEG IN BAG,420,836.94
85211,S/4 GROOVY CAT MAGNETS,301,460.87
85212,MINI PAINTED GARDEN DECORATION ,2831,1096.56
85213,MINI  ZINC GARDEN DECORATIONS ,1377,828.15
85214,TUB 24 PINK FLOWER PEGS,514,886.2299999999999
85215,ASSORTED CHEESE FRIDGE MAGNETS,831,643.89
85216,ASSORTED CAKES FRIDGE MAGNETS,2800,2122.3700000000003
85217,ASSORTED ICE CREAM FRIDGE MAGNETS,2773,1919.45
85218,S/5 MINI ICE CREAM FRIDGE MAGNETS,1989,620.85
85219,S/4 HEART CRYSTAL FRIDGE MAGNETS,-3,-4.949999999999999
85220,SMALL FAIRY CAKE FRIDGE MAGNETS,9723,3229.35
85221,ASSORTED COLOUR SILK COIN PURSE,3427,1529.54
85222,ASSORTED COLOUR SILK COSMETIC PURSE,1404,1576.93
85224,ASSORTED COLOUR SILK GLASSES CASE,2004,1120.96
85225,BLING KEY RING STAND,19,22.5
85227,SET OF 6 3D KIT CARDS FOR KIDS,2818,2580.25
85227,SET/6 3D KIT CARDS FOR KIDS,592,480.69
90020,FILIGREE DIAMANTE CHAIN,6,76.23
90021,LASER CUT MULTI STRAND NECKLACE,5,59.75
90022,EDWARDIAN DROP EARRINGS JET BLACK,32,120.92
90023,FILIGREE DIAMANTE EARRINGS,31,131.74
90028,NEW BAROQUE LARGE NECKLACE BLK/WHIT,29,244.79
90029,NEW BAROQUE SMALL NECKLACE BLACK,22,186.64
90031,BILI NUT AND WOOD NECKLACE,52,71.9
90032,IVORY SHELL HEART NECKLACE,48,271.88
90033,IVORY SHELL HEART EARRINGS,22,55.879999999999995
90034,WHITE SILVER NECKLACE SHELL GLASS,5,50.48
90041,PEARL AND CHERRY QUARTZ BRACLET,7,25.67
90043,COPPER AND BRASS BAG CHARM,10,54.510000000000005
90046,WHITE WITH METAL BAG CHARM,11,54.45
90048,GREEN WITH METAL BAG CHARM,21,109.39
90049,IVORY GOLD METAL BAG CHARM,13,79.59
90050,CRACKED GLAZE NECKLACE IVORY,8,56.260000000000005
90051,CRACKED GLAZE NECKLACE RED,15,105.72
90052,CRACKED GLAZE NECKLACE BROWN,7,49.58
90053,CRACKED GLAZE EARRINGS IVORY,10,25.23
90054,CRACKED GLAZE EARRINGS RED,17,43.019999999999996
90055,CRACKED GLAZE EARRINGS BROWN,10,25.28
90056,CHUNKY CRACKED GLAZE NECKLACE IVORY,19,207.94
90057,DIAMANTE RING ASSORTED IN BOX.,1804,2675.88
90062,CARNIVAL BRACELET,199,2527.67
90068,"RUBY GLASS NECKLACE 42""",2,15.0
90069,RUBY GLASS CLUSTER NECKLACE,11,82.5
90070,RUBY GLASS CLUSTER BRACELET,54,331.6
90071,RUBY GLASS CLUSTER EARRINGS,87,108.99
90072,RUBY DROP CHANDELIER EARRINGS,44,176.31
90073,VINTAGE ENAMEL & CRYSTAL EARRINGS,50,250.34
90074,BLACK DIAMOND CLUSTER NECKLACE,7,64.09
90075,MONTANA DIAMOND CLUSTER NECKLACE,10,92.17999999999999
90076,MONTANA DIAMOND CLUSTER EARRINGS,11,30.45
90077,BLACK DIAMOND CLUSTER EARRINGS,5,14.399999999999999
90078,PINK/WHITE GLASS DEMI CHOKER,9,67.64
90079,VINTAGE ENAMEL & CRYSTAL NECKLACE,21,104.77000000000001
90083,CRYSTAL CZECH CROSS PHONE CHARM,52,48.08
90084,PINK CRYSTAL GUITAR PHONE CHARM,52,44.199999999999996
90085,CRYSTAL STILETTO PHONE CHARM,221,199.03
90086,CRYSTAL FROG PHONE CHARM,216,182.79
90087,CRYSTAL SEA HORSE PHONE CHARM,261,207.06
90088,CRYSTAL KEY+LOCK PHONE CHARM,76,65.45
90089,PINK CRYSTAL SKULL PHONE CHARM,104,91.89999999999999
90090,PINK CRYSTAL HEART PHONE CHARM,226,196.26999999999998
90091,CRYSTAL DRAGONFLY PHONE CHARM,3,2.55
90092,BLUE CRYSTAL BOOT PHONE CHARM,75,64.56
90093,CLEAR CRYSTAL STAR PHONE CHARM,182,142.39
90094,NECKLACE+BRACELET SET FRUIT SALAD ,74,187.61999999999998
90095,NECKLACE+BRACELET SET PINK BLOSSOM,8,22.909999999999997
90096,NECKLACE+BRACELET SET BLUE BLOSSOM,104,243.60999999999999
90098,NECKLACE+BRACELET PINK BUTTERFLY,131,285.97999999999996
90099,NECKLACE+BRACELET SET BLUE HIBISCUS,42,129.69
90100,NECKLACE+BRACELET SET PINK DAISY,30,76.5
90101,WHITE FRANGIPANI NECKLACE,46,115.86
90102,WHITE FRANGIPANI HAIR CLIP,19,16.11
90103,PURPLE FRANGIPANI NECKLACE,44,110.85
90104,PURPLE FRANGIPANI HAIRCLIP,129,108.11
90108,BLUE BLOSSOM HAIR CLIP,99,115.33000000000001
90111,BLUE HIBISCUS  HAIR CLIP,7,7.35
90112,PINK DOLLY HAIR CLIPS,84,91.25
90114,SUMMER DAISIES BAG CHARM,205,514.18
90115,SUMMER BUTTERFLIES BAG CHARM,108,278.96
90116,FRUIT SALAD BAG CHARM,106,225.51999999999998
90118,PINK DAISY BAG CHARM,36,92.08999999999999
90119,METALIC LEAVES BAG CHARMS,97,243.07
90131,PINK/AMETHYST/GOLD NECKLACE,10,69.62
90132,LIGHT TOPAZ TEAL/AQUA COL NECKLACE,7,35.63
90133,TEAL/FUSCHIA COL BEAD NECKLACE,47,236.46
90134,OLD ROSE COMBO BEAD NECKLACE,126,370.92
90135,ORANGE/WHT/FUSCHIA STONES NECKLACE,9,44.75
90136,PALE PINK/AMETHYST STONE NECKLACE,4,40.47
90137,PINK COMBO MINI CRYSTALS NECKLACE,26,132.52
90138,WHITE/PINK MINI CRYSTALS NECKLACE,24,125.64
90139,FLOWER BROOCH 4 ASSORTED COLOURS,23,118.24000000000001
90140,PINK SWEETIE NECKLACE,9,67.9
90143,SILVER BRACELET W PASTEL FLOWER,72,546.63
90144,SILVER DROP EARRINGS WITH FLOWER,53,199.45
90145,SILVER HOOP EARRINGS WITH FLOWER,75,455.86
90146,FINE SILVER NECKLACE W PASTEL FLOWE,39,261.49
90147,CHUNKY SILVER NECKLACE PASTEL FLOWE,89,897.65
90148,LONG SILVER NECKLACE PASTEL FLOWER,26,331.23
90149,SILVER FLOWR PINK SHELL NECKLACE,62,410.26000000000005
90150,BLUE SHELL+SILVER NECKLACE,13,97.5
90151,SILVER/NATURAL SHELL NECKLACE,16,136.17000000000002
90154,LAZER CUT NECKLACE W PASTEL BEADS,59,439.65
90155,RESIN NECKLACE W PASTEL BEADS,30,226.16
90156,RESIN BRACELET W PASTEL BEADS,25,137.37
90157,RIVIERA NECKLACE,53,263.28000000000003
90158,ST TROPEZ NECKLACE,77,386.32
90159,COTE D'AZURE NECKLACE,38,188.58
90166,PINK & WHITE ROSEBUD RING,39,164.69
90167,BEADED LOVE HEART JEWELLERY SET,1897,1583.61
90168,2 DAISIES HAIR COMB,36,106.06
90169,DAISY HAIR COMB,33,83.57
90170,DAISY HAIR BAND,138,229.78
90171,DAISY RING,47,59.650000000000006
90173,PAIR BUTTERFLY HAIR CLIPS,80,302.89
90174,BUTTERFLY HAIR BAND,38,95.52
90188,DROP EARRINGS W FLOWER & LEAF,23,58.5
90191,SILVER LARIAT 40CM,40,342.6
90192,JADE DROP EARRINGS W FILIGREE,92,459.28000000000003
90194,SILVER LARIAT BLACK STONE EARRINGS,32,135.84
90203,SILVER CHARM NECKLACE 70CM,70,526.77
90204,PAIR OF ENAMEL BUTTERFLY HAIRCLIP,46,155.06
90208,PAIR OF ENAMEL FLOWER CLUSTER SLIDE,105,251.59
90208,PAIR OF PINK FLOWER CLUSTER SLIDE,48,119.94
10002R,ROBOT PENCIL SHARPNER,4,20.57
10123C,HEARTS WRAPPING TAPE ,500,241.87
10123G,ARMY CAMO WRAPPING TAPE,1147,99.32
10124A,SPOTS ON RED BOOKCOVER TAPE,58,24.36
10124G,ARMY CAMO BOOKCOVER TAPE,33,14.28
15044A,PINK PAPER PARASOL ,4961,13202.800000000001
15044B,BLUE PAPER PARASOL ,1669,4641.18
15044C,PURPLE PAPER PARASOL,962,3013.31
15044D,RED PAPER PARASOL,1587,4533.5
15056BL,EDWARDIAN PARASOL BLACK,9291,46196.1
15056N,EDWARDIAN PARASOL NATURAL,11131,57134.9
15056P,EDWARDIAN PARASOL PINK,2160,11137.87
15056bl,EDWARDIAN PARASOL BLACK,116,1456.3200000000002
15056n,EDWARDIAN PARASOL NATURAL,173,2170.4
15056p,EDWARDIAN PARASOL PINK,46,577.84
15058A,BLUE POLKADOT GARDEN PARASOL,195,1631.14
15058A,BLUE WHITE SPOTS GARDEN PARASOL,264,1401.84
15058B,PINK POLKADOT GARDEN PARASOL,229,1895.62
15058B,PINK WHITE SPOTS GARDEN PARASOL,200,1362.9
15058C,ICE CREAM DESIGN GARDEN PARASOL,466,2729.92
15059A,ENGLISH ROSE EDWARDIAN PARASOL,509,1567.0
15060B,FAIRY CAKE DESIGN UMBRELLA,1404,6402.76
15060b,FAIRY CAKE DESIGN UMBRELLA,5,41.81
16020C,CLEAR STATIONERY BOX SET ,160,134.5
16151A,FLOWER DES BLUE HANDBAG/ORANG HANDL,3,11.25
16151A,FLOWERS HANDBAG blue and orange,49,61.25
16156L,WRAP CAROUSEL,375,157.5
16156L,"WRAP, CAROUSEL",575,241.5
16156N,"WRAP, FRIENDSHIP ON GREEN",1475,619.5
16156S,WRAP PINK FAIRY CAKES ,16515,6497.3
16161C,WRAP SPEED DEMONS ,450,45.0
16161E,WRAP BOUDOIR ,750,75.0
16161G,WRAP BAD HAIR DAY,975,97.5
16161M,WRAP  PINK FLOCK,1025,428.5
16161P,WRAP ENGLISH ROSE ,13173,5424.9
16161U,WRAP SUKI AND FRIENDS,6601,2690.42
16161U,"WRAP,SUKI AND FRIENDS",3350,1363.0
16162L,THE KING GIFT BAG,4357,383.23
16162M,THE KING GIFT BAG 25x24x12cm,88,36.96
16168M,FUNKY MONKEY GIFT BAG MEDIUM,1686,512.38
16168S,FUNKY MONKEY GIFT BAG SMALL,1283,126.82999999999998
16169A,WRAP CHRISTMAS DECOUPAGE,25,10.5
16169C,WRAP BLUE REINDEER,1350,567.0
16169D,WRAP WINTER FOREST,250,105.0
16169E,WRAP 50'S  CHRISTMAS,4438,1839.96
16169F,WRAP BLIZZARD,975,409.5
16169G,WRAP ROMANTIC DECOUPAGE,25,10.5
16169K,WRAP FOLK ART,2075,658.75
16169M,WRAP DAISY CARPET ,2060,640.95
16169N,WRAP BLUE RUSSIAN FOLKART,2025,626.25
16169P,WRAP GREEN RUSSIAN FOLKART ,1725,523.25
16201A,PASTEL PINK PHOTO ALBUM,99,209.47
16201B,PASTEL BLUE PHOTO ALBUM,34,81.1
16202A,PASTEL PINK PHOTO ALBUM ,338,192.65
16202B,PASTEL BLUE PHOTO ALBUM ,567,384.08
16202C,BEIGE PHOTO ALBUM,97,230.59
16202E,BLACK PHOTO ALBUM ,81,157.18
16206B,RED PURSE WITH PINK HEART,96,116.4
16207A,PINK STRAWBERRY HANDBAG ,143,423.53000000000003
16207B,PINK HEART RED HANDBAG,265,457.65000000000003
16243B,BROWN COZY SQUARE PHOTO ALBUM,212,441.77
16244A,MAXWELL 2 TONE PINK 60 PAGE PHOTO A,186,479.40999999999997
16244B,MAXWELL 2 TONE BLUE 60 PAGE PHOTO A,345,765.02
16245A,PINK MINI STATIONERY SET W CASE,11,13.75
16248B,BLUE HOLE PUNCH,81,101.25
16256B,FLOWER PENCIL/RUBBER+5 MINI PENCILS,524,232.35
16256C,HEARTS PENCIL/RUBBER+5 MINI PENCILS,155,65.10000000000001
16258A,SWIRLY CIRCULAR RUBBERS IN BAG,1062,375.51
16258B,DAISY ERASERS IN BAG,1016,221.06
17007B,S/3 POT POURI CUSHIONS BLUE COLOURS,34,71.4
17011A,ORIGAMI VANILLA INCENSE+FLOWER ,261,179.56
17011B,ORIGAMI JASMINE INCENSE+FLOWER ,19,11.100000000000001
17011C,ORIGAMI LAVENDER INCENSE+FLOWER,335,221.4
17011D,ORIGAMI ROSE INCENSE+FLOWER,209,135.70000000000002
17011E,ORIGAMI OPIUM SCENT INCENSE+FLOWER,124,80.60000000000001
17011F,ORIGAMI SANDLEWOOD INCENSE+FLOWER,385,336.20000000000005
17012A,ORIGAMI VANILLA INCENSE/CANDLE SET ,726,806.16
17012B,ORIGAMI JASMINE INCENSE/CANDLE SET,721,867.4499999999999
17012C,ORIGAMI LAVENDER INCENSE/CANDL SET ,856,950.4
17012D,ORIGAMI ROSE INCENSE/CANDLE SET ,520,658.7199999999999
17012E,ORIGAMI OPIUM INCENSE/CANDLE SET ,263,296.78999999999996
17012F,ORIGAMI SANDLEWOOD INCENSE/CAND SET,586,680.65
17013B,ORIGAMI JASMINE INCENSE IN TUBE,256,221.03
17013C,ORIGAMI LAVENDER INCENSE IN TUBE,117,49.14
17013D,ORIGAMI ROSE INCENSE IN TUBE,1067,570.8299999999999
17013F,ORIGAMI SANDLEWOOD INCENSE IN TUBE,62,26.7
17014A,ORIGAMI VANILLA INCENSE CONES,276,170.13
17014C,ORIGAMI LAVENDER INCENSE CONES,97,43.75
17014D,ORIGAMI ROSE INCENSE CONES,479,204.36
17014E,ORIGAMI OPIUM INCENSE CONES,95,36.599999999999994
17014F,ORIGAMI SANDLEWOOD INCENSE CONES,61,23.699999999999996
17027A,INCENSE BAZAAR CANNABIS,228,84.84
17028J,INCENSE BAZAAR PEACH,6,2.52
17084A,TRANQUILITY MASALA INCENSE,442,92.82
17084G,MOON INCENSE,50,10.5
17084J,LOVE POTION MASALA INCENSE,456,95.76
17084N,FAIRY DREAMS INCENSE ,2768,640.26
17084P,DRAGONS BLOOD INCENSE,990,222.75
17084R,ASSORTED INCENSE PACK,10625,1968.45
17090A,LAVENDER INCENSE 40 CONES IN TIN,173,182.65
17090D,VANILLA INCENSE 40 CONES IN TIN,88,105.2
17091A,LAVENDER INCENSE IN TIN,2085,1285.8899999999999
17091B,JASMINE TEA INCENSE IN TIN,276,316.98
17091F,SANDALWOOD INCENSE IN TIN,19,27.71
17091J,VANILLA INCENSE IN TIN,3964,2204.35
17107D,FLOWER FAIRY 5 DRAWER LINERS,59,150.45
17107D,FLOWER FAIRY 5 SUMMER DRAW LINERS,6,15.299999999999999
17107D,"FLOWER FAIRY,5 SUMMER B'DRAW LINERS",248,632.4
17108D,FLOWER FAIRY SUMMER BOUQUET SACHET,355,149.1
17109A,FLOWER FAIRY INCENSE LILY,709,333.61
17109B,FLOWER FAIRY INCENSE LAVENDER,4542,896.3399999999999
17109C,FLOWER FAIRY INCENSE ROSE,3123,659.54
17109D,FLOWER FAIRY INCENSE BOUQUET,1256,596.62
17129C,SKY BLUE COLOUR GLASS GEMS IN BAG,86,57.98
17129D,CLEAR COLOUR GLASS GEMS IN BAG,1125,1351.1799999999998
17129F,BLUE GLASS GEMS IN BAG,903,878.4599999999999
17129F,DEEP BLUE GLASS GEMS IN BAG,669,794.4599999999999
17136A,BLUE STONES ON WIRE FOR CANDLE,743,61.78
17164B,ASS COL SMALL SAND GECKO P'WEIGHT,1618,645.72
17164D,ASS COL SMALL SAND FROG P'WEIGHT,1150,447.0
17165B,ASS COL LARGE SAND GECKO P'WEIGHT,806,747.48
17165D,ASS COL LARGE SAND FROG P'WEIGHT,710,676.02
17191A,ROSE FLOWER CANDLE+INCENSE 16X16CM,33,123.75
18094C,WHITE AND BLUE CERAMIC OIL BURNER,399,541.36
18094C,WHITE/BLUE RECT CERAMIC OIL BURNER,33,58.05
18096C,WHITE ROUND PORCELAIN TLIGHT HOLDER,105,268.09999999999997
18096c,WHITE ROUND PORCELAIN TLIGHT HOLDER,8,41.14
18097A,PINK TALL PORCELAIN T-LIGHT HOLDER ,17,43.349999999999994
18097B,BLUE TALL PORCELAIN T-LIGHT HOLDER,7,17.849999999999998
18097C,WHITE TALL PORCELAIN T-LIGHT HOLDER,1471,3353.12
18098A,PINK PORCELAIN B'FLY OIL BURNER,2,5.9
18098B,BLUE PORCELAIN B'FLY OIL BURNER,3,8.850000000000001
18098C,PORCELAIN BUTTERFLY OIL BURNER,1199,3160.3300000000004
18098c,PORCELAIN BUTTERFLY OIL BURNER,292,1479.61
30086C,ASSORTED FRUIT STRAWS,1,1.7
35001B,HAND OPEN SHAPE BLACK,15,53.43000000000001
35001C,HAND OPEN SHAPE CHROME,-3,-10.17
35001G,HAND OPEN SHAPE GOLD,704,2222.18
35001P,HAND OPEN SHAPE PINK,1,3.49
35001W,HAND OPEN SHAPE DECO.WHITE,862,2739.88
35004B,SET OF 3 BLACK FLYING DUCKS,1381,6445.0
35004C,SET OF 3 COLOURED  FLYING DUCKS,2947,15447.58
35004G,SET OF 3 GOLD FLYING DUCKS,351,1396.9199999999998
35004P,SET OF 3 PINK FLYING DUCKS,120,638.97
35004S,SET OF 3 SILVER FLYING DUCKS,135,448.88
35004c,SET OF 3 COLOURED  FLYING DUCKS,27,343.72
35004p,SET OF 3 PINK FLYING DUCKS,1,12.72
35004s,SET OF 3 SILVER FLYING DUCKS,1,13.0
35051B,PINK BEADED CONE CHRISTMAS,14,5.88
35085E,IVORY ROSE LAMPSHADE ,39,44.25
35095A,BLUE VICTORIAN FABRIC OVAL BOX,1809,725.56
35095B,RED VICTORIAN FABRIC OVAL BOX,1952,766.64
35096A,BLUE VICTORIAN FABRIC HEART BOX,765,272.45
35096B,RED VICTORIAN FABRIC HEART BOX,293,106.49000000000001
35271S,GOLD PRINT PAPER BAG,420,85.97
35471A,SET OF 3 BIRD L.BLUE FEATHER,396,468.06
35471D,SET OF 3 BIRD LIGHT PINK FEATHER ,2239,1589.36
35591T,TURQUOISE CHRISTMAS TREE ,17,21.25
35597A,DUSTY PINK CHRISTMAS TREE 30CM,10,12.5
35597B,BLACKCHRISTMAS TREE 30CM,78,224.1
35597D,PINK/WHITE CHRISTMAS TREE 30CM,58,25.28
35598A,DUSTY PINK CHRISTMAS TREE 60CM,10,29.500000000000004
35598B,BLACK CHRISTMAS TREE 60CM,931,874.6500000000001
35598C,WHITE CHRISTMAS TREE 60CM,3,8.850000000000001
35598D,PINK/WHITE CHRISTMAS TREE 60CM,1726,1311.55
35599B,BLACK CHRISTMAS TREE 120CM,268,974.81
35599D,PINK AND WHITE CHRISTMAS TREE 120CM,400,1348.78
35600D,PINK AND WHITE CHRISTMAS TREE 180CM,141,497.70000000000005
35603B,S/16 BLACK SHINY/MAT BAUBLES,26,-29.400000000000006
35603C,SET/16 WHITE SHINY & MATT BAUBLES,83,48.3
35607A,PINK FLUFFY CHRISTMAS DECORATION,554,118.43
35607B,BLACK FEATHER CHRISTMAS DECORATION,312,62.3
35609A,PINK FEATHER CHRISTMAS DECORATION,447,133.23
35610A,PINK CHRISTMAS FLOCK DROPLET ,143,105.43
35610B,BLACK CHRISTMAS FLOCK DROPLET ,179,144.07
35610C,WHITE CHRISTMAS FLOCK DROPLET ,94,81.56
35611B,BLACK ASSORTED DROPLET DECORATION,62,45.760000000000005
35631B,BLUE GREEN CHRISTMAS HANGING BALL ,-1,-0.19
35633B,BLUE TINSEL GARLAND ,130,24.7
35637A,IVORY STRING CURTAIN WITH POLE ,550,1439.1
35637C,PINK STRING CURTAIN WITH POLE,100,331.14
35638A,PINK AND BLACK STRING CURTAIN,39,88.04999999999998
35638B,PINK/BLUE STRING CURTAIN ,118,313.28999999999996
35751C,PURPLE CURRENT CANDLE RING,31,12.61
35751D,PINK CURRENT CANDLE RING,28,5.32
35809A,ENAMEL PINK TEA CONTAINER,1137,1666.78
35809B,ENAMEL BLUE RIM TEA CONTAINER,104,227.54000000000002
35809a,ENAMEL PINK TEA CONTAINER,10,41.54
35810A,ENAMEL PINK COFFEE CONTAINER,1204,1602.64
35810B,ENAMEL BLUE RIM COFFEE CONTAINER,312,506.92
35811A,ENAMEL PINK SUGAR CONTAINER,432,758.77
35815B,"ACRYLIC JEWEL SNOWFLAKE,BLUE",95,43.940000000000005
35815P,"ACRYLIC JEWEL SNOWFLAKE, PINK",168,75.88000000000001
35816B,"ACRYLIC JEWEL ANGEL,BLUE",139,58.07
35816P,"ACRYLIC JEWEL ANGEL,PINK",297,137.43
35817B,"ACRYLIC JEWEL SNOWFLAKE,BLUE",143,61.3
35817P,"ACRYLIC JEWEL SNOWFLAKE,PINK",408,212.14
35817P,PINK ACRYLIC JEWEL SNOWFLAKE,12,4.5600000000000005
35818B,"ACRYLIC JEWEL ICICLE, BLUE",408,180.05
35818C,"ACRYLIC JEWEL ICICLE, CLEAR ",1,3.43
35818P,"ACRYLIC JEWEL ICICLE, PINK",559,242.15
35819B,"ACRYLIC HANGING JEWEL,BLUE",385,192.3
35819P,"ACRYLIC HANGING JEWEL,PINK",95,66.55
35821B,"JEWELLED DECORATION,BLUE",150,57.0
35821P,"JEWELLED DECORATION,PINK",2,5.9
35822B,"ACRYLIC BEAD CHAIN, BLUE",229,87.02
35822P,"ACRYLIC BEAD CHAIN, PINK",114,43.32
35823P,"ACRYLIC BEAD GARLAND,PINK",2,5.9
35824B,"HANGING FLOWERS+MIRROR,BLUE",528,203.24
35824C,"HANGING FLOWERS+MIRROR,CLEAR",235,117.05
35824P,"HANGING FLOWERS+MIRROR,PINK",324,136.44
35833G,4 GOLD FLOCK CHRISTMAS BALLS,134,220.66
35833P,4 PINK FLOCK CHRISTMAS BALLS,185,342.17
35838A,S/6 MULTICOLOUR ORNAMENETAL CANDLE,180,184.4
35838B,S/6 SILVER ORNAMENETAL CANDLE,100,85.0
35909A,RABBIT EASTER DECORATION,20,59.00000000000001
35909B,PINK FLOWERS RABBIT EASTER,16,47.2
35910A,MULTICOLOUR EASTER RABBIT ,53,103.35
35910B,PINK FLOWERS RABBIT EASTER,29,61.07
35911A,MULTICOLOUR RABBIT EGG WARMER,388,466.69
35911B,PINK/FLOWER RABBIT EGG WARMER ,159,184.76000000000002
35912B,WHITE/PINK CHICK DECORATION,288,355.58000000000004
35913B,WHITE/PINK CHICK EASTER DECORATION,100,92.39
35915A,CREAM KNITTED HEN,288,365.76
35915B,BLUE KNITTED HEN ,563,713.7299999999999
35915C,PEACH KNITTED HEN ,662,793.3199999999999
35916A,YELLOW FELT HANGING HEART W FLOWER,129,112.03999999999999
35916B,BLUE FELT HANGING HEART W FLOWER,57,69.1
35916B,BLUE FELT HANGING HEART WITH FLOWER,75,50.57
35916C,PINK FELT HANGING HEART W FLOWER,157,167.54999999999998
35918B,BLUE FLORIBUNDA EGG WARMER,9,11.25
35976B,WHITE SCANDINAVIAN HEART CHRISTMAS,-11,-13.75
35980B,RED TOP SCANDINAVIAN HEART ,4,1.52
35980C,REDWHITE STRIPE SCANDINAVIAN HEART ,333,130.92000000000002
35981C,WHITE SNOW SCANDINAVIAN STOCKING ,589,297.62
37379A,PINK CHERRY BLOSSOM CUP & SAUCER,40,157.95
37379B,BLUE CHERRY BLOSSOM CUP & SAUCER,1122,181.5
37444A,YELLOW BREAKFAST CUP AND SAUCER,1400,390.44
37444B,BLUE BREAKFAST CUP AND SAUCER ,1026,281.68
37444C,PINK BREAKFAST CUP AND SAUCER ,886,573.88
37462B,"PET MUG, BUDGIE",169,86.86
37462E,"PET MUG, GOLDFISH",101,44.6
37477B,"FLOWER FAIRY MUG+COASTER,LAVENDER",10,37.5
37477C,"FLOWER FAIRY MUG+COASTER,ROSE",6,22.5
37479B,CUBIC MUG FLOCK BLUE ON BROWN,1253,1095.85
37479P,CUBIC MUG FLOCK PINK ON BROWN,170,160.08
37482B,CUBIC MUG BLUE POLKA DOT,1251,1127.9099999999999
37482P,CUBIC MUG PINK POLKA DOT,118,416.71
37482P,CUBIC MUG PINK POLKADOT,549,489.59999999999997
37482b,CUBIC MUG BLUE POLKA DOT,1,17.35
37482p,CUBIC MUG PINK POLKA DOT,2,34.7
37487B,YELLOW/ORANGE FLOWER DESIGN PLATE,68,19.72
37488A,YELLOW PINK FLOWER DESIGN BIG BOWL,30,16.82
37489A,YELLOW/PINK FLOWER DESIGN BIG MUG,46,46.56
37489B,BLUE/YELLOW FLOWER DESIGN BIG MUG,38,30.419999999999998
37489C,GREEN/BLUE FLOWER DESIGN BIG MUG,27,26.06
37489D,PINK/GREEN FLOWER DESIGN BIG MUG,46,28.86
37491A,YELLOW/PINK CERAMIC CANDLE HOLDER,18,48.3
37491B,BLUE/YELLOW CERAMIC CANDLE HOLDER,14,30.08
37491C,GREEN/BLUE CERAMIC CANDLE HOLDER,58,167.52
37491D,PURPLE/BLUE CERAMIC CANDLE HOLDER,26,63.28
37492A,YELLOW RED FLOWER PIGGY BANK,107,211.42
37492B,BLUE YELLOW FLOWER PIGGY BANK,471,899.0199999999999
37492C,GREEN BLUE FLOWER PIGGY BANK,241,472.65
37492D,PURPLE GREEN FLOWER PIGGY BANK,353,669.79
37494A,FAIRY CAKE CERAMIC BUTTER DISH,232,778.69
37494a,FAIRY CAKE CERAMIC BUTTER DISH,4,24.16
40005B,BLUE ORGANDY ROUND LAMPSHADE W BEA,33,28.05
40018E,TEA TIME PAPER LANTERNS,384,837.02
40018F,CHERRY DESIGN PAPERLANTERNS,1080,2076.93
40046A,RED DAISY PAPER LAMPSHADE,355,472.07
40046C,PINK BUTTERFLY PAPER LAMPSHADE,3,3.75
44089A,PINK GAUZE BUTTERFLY LAMPSHADE,40,16.8
44089C,LILAC GAUZE BUTTERFLY LAMPSHADE,68,28.56
44091A,BLUE CRUSOE CHECK LAMPSHADE,18,7.56
44091C,MULTICOLOUR CRUSOE CHECK LAMPSHADE,61,30.66
44092B,BLUE WHITE PLASTIC RINGS LAMPSHADE,15,12.75
44092C,PURPLE/COPPER HANGING LAMPSHADE,23,19.55
44217M,MULTICOLOUR FEATHERS CURTAIN,0,0.0
44241C,BLUE BUTTERFLY ON SPRING,70,59.5
44242A,LILAC FEATHERS CURTAIN,14,11.98
44242B,PINK FEATHERS CURTAIN,109,121.53
45008C,DECORATIVE NET CANOPY CREAM,83,792.0699999999999
46000M,POLYESTER FILLER PAD 45x45cm,2496,3868.8
46000P,POLYESTER FILLER PAD 65CMx65CM,210,892.5
46000R,POLYESTER FILLER PAD 45x30cm,243,352.34999999999997
46000S,POLYESTER FILLER PAD 40x40cm,3401,4931.45
46000U,POLYESTER FILLER PAD 30CMx30CM,251,313.75
46037A,PINK CANVAS DES CUSHION COVER ,6,7.5
46115B,GREEN POP ART MAO CUSHION COVER ,286,54.34
46126A,ELVIS WALLHANGING / CURTAIN,317,419.99
46137D,GREEN CHENILLE SHAGGY RUG,45,132.75
46138B,BLUE CHENILLE SHAGGY CUSHION COVER ,58,145.24
46138D,GREEN CHENILLE SHAGGY C/COVER,1,1.95
46775A,BUBBLE GUM CHUNKY KNITTED THROW ,82,1027.28
46775B,BERRIES CHUNKY KNITTED THROW ,5,84.75
46775D,SUNSET COLOUR CHUNKY KNITTED THROW,149,1878.8899999999999
46775E,CANDY POP CHUNKY KNITTED THROW ,101,1282.9
46776A,WOVEN BUBBLE GUM CUSHION COVER,406,1283.23
46776B,WOVEN BERRIES CUSHION COVER ,428,1369.23
46776C,WOVEN FROST CUSHION COVER,258,905.1
46776D,WOVEN SUNSET CUSHION COVER ,152,646.14
46776E,WOVEN CANDY CUSHION COVER ,205,662.1
46776F,WOVEN ROSE GARDEN CUSHION COVER ,487,1675.73
46776a,WOVEN BUBBLE GUM CUSHION COVER,5,20.65
46776b,WOVEN BERRIES CUSHION COVER ,1,4.13
46776e,WOVEN CANDY CUSHION COVER ,1,4.13
46776f,WOVEN ROSE GARDEN CUSHION COVER ,7,28.91
47013A,WINE BOTTLE DRESSING LT.BLUE,141,39.87
47013C,WINE BOTTLE DRESSING DARK BLUE,135,39.08
47021G,SET/6 BEAD COASTERS GAUZE BAG GOLD,713,541.96
47310M,SMALL POP BOX FUNKY MONKEY,258,353.98
47310M,"SMALL POP BOX,FUNKY MONKEY",488,650.96
47341A,FUSCHIA TABLE RUN FLOWER ,29,46.25
47341B,BLUE TABLE RUN FLOWER,48,67.5
47343A,FUSCHIA FLOWER PURSE WITH BEADS,200,206.26
47344B,BLUE FLOWER DES PURSE,54,56.16
47347B,BLUE FLOWER T-LIGHT HOLDER,240,179.88
47348A,FUSCHIA VOILE POINTY SHOE DEC,103,62.01
47351B,BLUE  VOILE LAMPSHADE,50,147.50000000000003
47367B,PAIR PADDED HANGERS PINK CHECK,241,831.2
47369A,PINK GREEN EMBROIDERY COSMETIC BAG,48,140.4
47369B,BLUE GREEN EMBROIDERY COSMETIC BAG,54,153.18
47503A,ASS FLORAL PRINT MULTI SCREWDRIVER,2817,1380.43
47503E,ASS FLORAL PRINT SCISSORS,6842,1186.9
47503F,ASS FLORAL PRINT TORCH,2566,728.3
47503G,ASS FLORAL PRINT TAPE MEASURE,284,367.36
47503H,ASS FLORAL PRINT SPIRIT LEVEL ,159,244.17
47503J,SET/3 FLORAL GARDEN TOOLS IN BAG,324,2552.2
47503J ,SET/3 FLORAL GARDEN TOOLS IN BAG,1,16.13
47503K,ASSORTED FLORAL SECATEURS,3174,1384.69
47504E,ENGLISH ROSE SCISSORS,4387,931.86
47504F,ENGLISH ROSE TORCH,527,196.45999999999998
47504G,ENGLISH ROSE TAPE MEASURE,265,365.56
47504H,ENGLISH ROSE SPIRIT LEVEL ,1024,1108.07
47504J,ENGLISH ROSE SET/3 GARDEN TOOLS,1,35.449999999999996
47504K,ENGLISH ROSE GARDEN SECATEURS,2632,3067.1
47518F,ICON PLACEMAT POP ART ELVIS,903,153.14
47518f,ICON PLACEMAT POP ART ELVIS,9,37.75
47552A,DOTS IRONING BOARD COVER,10,20.1
47556B,TEA TIME TEA TOWELS ,5045,13288.42
47556b,TEA TIME TEA TOWELS ,4,23.64
47559B,TEA TIME OVEN GLOVE,5062,6244.19
47559b,TEA TIME OVEN GLOVE,154,511.46
47563A,RETRO LONGBOARD IRONING BOARD COVER,339,831.62
47563B,WAVELINE SURF IRONING BOARD COVER,8,30.0
47566B,TEA TIME PARTY BUNTING,4166,21312.99
47566b,TEA TIME PARTY BUNTING,212,1761.2599999999998
47567B,TEA TIME KITCHEN APRON,2153,11607.220000000001
47567b,TEA TIME KITCHEN APRON,3,38.72
47570B,TEA TIME TABLE CLOTH,971,9600.970000000001
47570b,TEA TIME TABLE CLOTH,8,169.4
47574A,ENGLISH ROSE SCENTED HANGING FLOWER,571,791.23
47574B,ENGLISH ROSE SCENTED HANGING HEART,49,208.25
47578A,ENGLISH ROSE SMALL SCENTED FLOWER,307,279.88
47581B,FAIRY CAKE WICKER PICNIC BASKET ,45,741.02
47583A,SET OF 3 WICKER BASKET ROSE,69,562.92
47583B,SET OF 3 WICKER BASKET TEA AND CAKE,27,332.6
47585A,PINK FAIRY CAKE CUSHION COVER,1071,2594.13
47586A,PINK FAIRY CAKE CUSHION COVER,200,270.43
47587A,PINK FAIRY CAKE COASTER,1506,235.88
47590A,BLUE HAPPY BIRTHDAY BUNTING,4564,23286.210000000003
47590B,PINK HAPPY BIRTHDAY BUNTING,5681,29070.81
47590a,BLUE HAPPY BIRTHDAY BUNTING,1,11.02
47590b,PINK HAPPY BIRTHDAY BUNTING,13,140.5
47591A,CAROUSEL CHILDRENS APRON,29,47.97
47591A,CAROUSEL DES CHILD'S APRON,127,210.01999999999998
47591B,SCOTTIES CHILDRENS APRON,754,1195.22
47591B,SCOTTIES DES CHILD'S APRON,300,500.83
47591C,BLUE FAIRY CAKE CHILD'S APRON,1047,2004.6299999999999
47591C,BLUE FAIRY CAKE CHILDRENS APRON,4,7.8
47591D,PINK FAIRY CAKE CHILD'S APRON,3438,6339.17
47591D,PINK FAIRY CAKE CHILDRENS APRON,5940,11079.72
47591b,SCOTTIES CHILDRENS APRON,8,33.6
47591c,BLUE FAIRY CAKE CHILD'S APRON,4,16.84
47591d,PINK FAIRY CAKE CHILDRENS APRON,253,1274.3799999999999
47592A,CAROUSEL CHILDRENS OVERALL,74,139.56
47592A,CAROUSEL DES CHILD'S OVERALL,257,497.81
47592B,SCOTTIE DOGS CHILDRENS OVERALL,3,6.300000000000001
47592B,SCOTTIES DESIGN CHILD'S OVERALL,64,125.60000000000001
47593A,CAROUSEL DESIGN BABY BIB,164,169.4
47593A,CAROUSEL PONIES BABY BIB,139,137.27
47593B,SCOTTIE DOGS BABY BIB,2147,1108.9299999999998
47593B,SCOTTIES DESIGN BABY BIB,194,212.06
47593a,CAROUSEL DESIGN BABY BIB,1,2.51
47593b,SCOTTIE DOGS BABY BIB,6,4.9799999999999995
47594A,CAROUSEL DESIGN WASHBAG,321,633.4499999999999
47594B,SCOTTIES DESIGN WASHBAG,385,763.54
47594a,CAROUSEL DESIGN WASHBAG,1,4.21
47599A,PINK PARTY BAGS,5807,10933.210000000001
47599B,BLUE PARTY BAGS ,3286,6318.58
48173A,DOOR MAT BLUE FLOCK,1,6.75
48173C,DOOR MAT BLACK FLOCK ,1231,7085.23
48173C,DOORMAT BLACK FLOCK ,2839,15991.76
48173c,DOOR MAT BLACK FLOCK ,16,218.58
48173c,DOORMAT BLACK FLOCK ,54,904.97
51012C,"FEATHER DUSTER, COAL BLACK",168,210.0
51012L,"FEATHER DUSTER, LIGHT PINK",9,11.25
51014A,"FEATHER PEN,HOT PINK",6476,4390.75
51014C,"FEATHER PEN,COAL BLACK",4038,2606.6
51014L,"FEATHER PEN,LIGHT PINK",3241,2054.47
51014c,"FEATHER PEN,COAL BLACK",1,0.83
51020A,SUMMER FUN DESIGN SHOWER CAP,1301,462.72999999999996
51020B,STRIPY DESIGN SHOWER CAP,1082,487.53999999999996
62043B,BLUE CHECK BAG W HANDLE 34X20CM,53,74.32999999999998
62074B,ELEPHANT CLIP W SUCTION CUP,38,15.96
62086A,PINK RETRO BIG FLOWER BAG,113,220.35
62094B,TURQ ICE CREAM BUM BAG ,305,677.99
62095B,TURQOISE ICE CREAM SUNHAT,292,310.83
62096A,PINK/YELLOW FLOWERS HANDBAG,383,592.79
62096B,PURPLE/TURQ FLOWERS HANDBAG,257,441.99
62097A,PINK STRIPES SHOULDER BAG,3,8.850000000000001
62097B,BLUE STRIPES SHOULDER BAG,11,13.37
71028B,SILVER BLUE EGG T-LIGHT HOLDER,494,227.48000000000002
71101A,ANGEL ON KNEES METAL POLE 100CM H,6,5.1
71101E,STANDING FAIRY POLE SUPPORT ,774,623.58
71406C,BLACK ORANGE SQUEEZER,210,89.92
71434B,"BLACK RND BULLET""KEEP CLEAN"" BIN",2,5.1
71495A,CD WALL TIDY BLUE OFFICE,224,87.53999999999999
71495B,CD WALL TIDY RED FLOWERS,294,111.57000000000001
71496A,A4 WALL TIDY BLUE OFFICE,244,148.01000000000002
71496B,A4 WALL TIDY RED FLOWERS,15,8.67
72023F,RED ORGANIC CANDLE IN GLASS,640,669.62
72024U,LILAC VOTIVE CANDLE,220,46.2
72038P,PRICE'S CANDLE PEACH,1000,106.0
72045D,ROSES ON BLUE TEACUP CANDLE ,35,66.89
72051S,BAG OF SILVER STONES,300,190.89
72083A,STRAWBERY SWIRL FLARE CANDLE,24,50.400000000000006
72084B,CHOCOLATE ICE CREAM CANDLE,2,3.9
72140E,BEST DAD CANDLE LETTERS,217,155.86999999999998
72140F,HAPPY ANNIVERSARY CANDLE LETTERS,175,69.17999999999999
72225C,LAVENDER SCENT CAKE CANDLE,1878,452.46
72225D,VANILLA SCENT CAKE CANDLE ,962,219.45999999999998
72349B,SET/6 PURPLE BUTTERFLY T-LIGHTS,1978,4024.7900000000004
72349b,SET/6 PURPLE BUTTERFLY T-LIGHTS,204,848.41
72351A,SET/6 TURQUOISE BUTTERFLY T-LIGHTS,3694,7301.650000000001
72351B,SET/6 PINK  BUTTERFLY T-LIGHTS,5658,10963.29
72351a,SET/6 TURQUOISE BUTTERFLY T-LIGHTS,37,154.89
72369A,PINK CLEAR GLASS CANDLE PLATE,67,101.28999999999999
72529W,WHITE ADVENT CANDLE,390,793.6899999999999
72529w,WHITE ADVENT CANDLE,1,4.3
72606A,BROWN ANTIQUE CUBE CANDLE,226,94.92
72739B,WHITE CHOCOLATE SCENT CANDLE,394,328.39000000000004
72739C,DARK CHOCOLATE SCENTCANDLE,301,247.82999999999998
72740A,LARGE STRAWBERRY CHOCOLATE CANDLE,65,141.23
72740B,LARGE WHITE CHOCOLATE CANDLE,1,5.06
72750A,"F.FAIRY S/3 CANDLE/GLASS,LILY/VALLY",177,349.15000000000003
72750A,FLOWER FAIRY SET OF 3 LILY CANDLES,204,413.8
72750B,"F.FAIRY S/3 CANDLE/GLASS,LAVENDER",193,380.35
72750B,FLOWER FAIRY SET 3 CANDLES LAVENDER,285,623.75
72750C,"F.FAIRY S/3 CANDLE/GLASS, ROSE",232,476.4
72750D,F.FAIRY S/3 CANDLE/GLASS,110,226.5
72751A,"F.FAIRY S/3 SML CANDLE,LILY/VALLEY",1,5.95
72751B,"F.FAIRY S/3 SML CANDLE, LAVENDER",1,5.95
72751C,"F.FAIRY S/3 SML CANDLE, ROSE",1,5.95
72752A,"F.FAIRY,CANDLE IN GLASS,LILY/VALLEY",1,4.25
72752B,"F.FAIRY,CANDLE IN GLASS,LAVENDER",3,12.75
72753A,S/3 FLWR FAIRY LILLY CANDLES,315,690.24
72753B,S/3 FLWR FAIRY LAVENDER CANDLES,445,957.73
72753C,S/3 FLWR FAIRY ROSE CANDLES,43,107.68
72753D,S/3 FLWR FAIRY SUMMER CANDLES,128,268.8
72754A,FLOWER FAIRY POTPOURRI CUSHION LILY,292,201.24
72754B,F FAIRY POTPOURRI CUSHIONS LAVENDER,170,137.54000000000002
72754D,F FAIRY POTPOURRI CUSHIONS SUMMER,1,1.69
72755C,FLOWER FAIRY OIL BURNER SET ROSE,581,753.25
72755D,FLOWER FAIRY OIL BURNER SET SUMMER,533,693.25
72760B,VINTAGE CREAM 3 BASKET CAKE STAND,1679,16238.68
72771B,BURG FLOCK GOLD CUP/CANDLE ,117,56.9
72771C,BLACK FLOCK GOLD CANDLE,54,42.08
72785A,S/4 CONTEMPORY PINK ROSEBUD CANDLES,8,16.8
72785B,S/4 CONTEMPORY RED ROSEBUD CANDLES,9,10.9
72796A,S/3 ENGLISH LAVENDER SQU CANDLE,11,18.15
72796B,S/3 FRENCH VANILLA SQU CANDLE,27,44.55
72796C,S/3 ROSE GARDEN SCENT SQU CANDLE,1,1.65
72798C,SET/4 GARDEN ROSE DINNER CANDLE,28,53.11
72799A,BLACK PILLAR CANDLE SILVER FLOCK,612,877.8000000000001
72799B,PURPLE PILLAR CANDLE BLACK FLOCK,322,467.71000000000004
72799C,PINK PILLAR CANDLE SILVER FLOCK,471,783.1
72799D,BLUE PILLAR CANDLE SILVER FLOCK,78,260.67
72799E,IVORY PILLAR CANDLE SILVER FLOCK,1226,2582.94
72799F,IVORY PILLAR CANDLE GOLD FLOCK,1125,2082.7400000000002
72800A,S/4 BLACK DINNER CANDLE SILVER FLOC,674,743.26
72800B, 4 PURPLE FLOCK DINNER CANDLES,335,548.11
72800B,S/4 PURPLE DINNER CANDLE BLK FLOCK,648,723.57
72800C,4 PINK DINNER CANDLE SILVER FLOCK,266,430.45
72800C,S/4 PINK DINNER CANDLE SILVER FLOCK,394,494.39
72800D,4 BLUE DINNER CANDLES SILVER FLOCK,213,485.63
72800D,S/4 BLUE DINNER CANDLE SILVER FLOCK,417,532.03
72800E,4 IVORY DINNER CANDLES SILVER FLOCK,1376,2604.34
72800F,4 IVORY DINNER CANDLES GOLD FLOCK,822,1060.19
72801C,4 ROSE PINK DINNER CANDLES,537,354.45
72801C,S/4 ROSE PINK DINNER CANDLES,159,161.91
72801D,4 SKY BLUE DINNER CANDLES,381,257.93
72801D,S/4 SKY BLUE DINNER CANDLES,172,188.24
72801E,4 FESTIVE GREEN DINNER CANDLES,51,23.91
72801E,S/4 FESTIVE GREEN DINNER CANDLES,718,380.84
72801F,S/4 FESTIVE RED DINNER CANDLES,234,292.5
72801G,4 BURGUNDY WINE DINNER CANDLES,537,320.2
72801G,S/4 BURGUNDY WINE DINNER CANDLES,786,475.91999999999996
72801c,4 ROSE PINK DINNER CANDLES,42,103.47
72801c,S/4 ROSE PINK DINNER CANDLES,20,50.199999999999996
72801d,4 SKY BLUE DINNER CANDLES,88,217.32999999999998
72801d,S/4 SKY BLUE DINNER CANDLES,15,37.65
72801e,4 FESTIVE GREEN DINNER CANDLES,2,5.02
72801e,S/4 FESTIVE GREEN DINNER CANDLES,5,12.549999999999999
72801g,4 BURGUNDY WINE DINNER CANDLES,8,20.08
72801g,S/4 BURGUNDY WINE DINNER CANDLES,2,5.02
72802A,ROSE SCENT CANDLE IN JEWELLED BOX,869,3604.81
72802B,OCEAN SCENT CANDLE IN JEWELLED BOX,1101,3579.73
72802C,VANILLA SCENT CANDLE JEWELLED BOX,1678,5463.5
72802a,ROSE SCENT CANDLE IN JEWELLED BOX,9,74.97
72802c,VANILLA SCENT CANDLE JEWELLED BOX,1,8.29
72803A,ROSE SCENT CANDLE JEWELLED DRAWER,720,1536.5
72803B,OCEAN SCENT CANDLE JEWELLED DRAWER,90,399.38
72803b,OCEAN SCENT CANDLE JEWELLED DRAWER,1,8.47
72807A,SET/3 ROSE CANDLE IN JEWELLED BOX,907,4141.29
72807B,SET/3 OCEAN SCENT CANDLE JEWEL BOX,1031,4526.87
72807C,SET/3 VANILLA SCENTED CANDLE IN BOX,1837,7922.79
72807a,SET/3 ROSE CANDLE IN JEWELLED BOX,9,74.78999999999999
72807b,SET/3 OCEAN SCENT CANDLE JEWEL BOX,26,220.94000000000003
72807c,SET/3 VANILLA SCENTED CANDLE IN BOX,60,511.98
75013B,"STRING OF 8 BUTTERFLIES,PINK",389,666.92
75049L,LARGE CIRCULAR MIRROR MOBILE,13065,12345.05
75149N,STRING CRYSTALS NATURAL,272,340.0
77101A,UNION FLAG WINDSOCK,1082,1255.97
78034B,BLUE NETTING STORAGE HANGER,15,29.25
79026B,"S/4 ICON COASTER,ELVIS LIVES",69,89.25
79030A,"TUMBLER, ENGLISH ROSE",171,438.25
79030D,TUMBLER BAROQUE,524,265.8
79030D,"TUMBLER, BAROQUE",484,445.45
79030G,TUMBLER NEW ENGLAND,1261,551.1899999999999
79030G,"TUMBLER, NEW ENGLAND",490,911.7599999999999
79051A,SMOKEY GREY COLOUR D.O.F. GLASS,702,295.58
79051A,SMOKEY GREY COLOUR GLASS,236,84.75999999999999
79051a,SMOKEY GREY COLOUR D.O.F. GLASS,1,6.04
79062D,"RETRO TIN ASHTRAY,REVOLUTIONARY",52,19.4
79063C,"RETRO PILL BOX KEY CHAIN,THE KING",235,43.65
79063D,"RETRO PILL BOX , REVOLUTIONARY",189,35.14
79065A,TEATIME ROUND CAKE TINS ,3,29.849999999999998
79066K,RETRO MOD TRAY,1365,1190.05
79066k,RETRO MOD TRAY,26,42.71
79070b,ENGLISH ROSE SQUARE CAKE TINS,1,11.26
79071B,ENGLISH ROSE METAL WASTE BIN,142,433.70000000000005
79144B,PAINTED LIGHTBULB STAR+ MOON,350,181.03
79144C,PAINTED LIGHTBULB RAINBOW DESIGN,306,180.14
79149B,SILICON STAR BULB  BLUE,29,12.18
79151B,"SILICON CUBE 25W, BLUE",11,4.62
79157B,UBO-LIGHT TRIOBASE BLUE,5,4.25
79157V,UBO-LIGHT TRIOBASE PURPLE,5,4.25
79161A,ST GEORGE SET OF 10 PARTY LIGHTS,51,150.45000000000002
79172D,PURPLE TINT ACRYLIC FLOWER VASE,24,20.4
79190A,RETRO PLASTIC 70'S TRAY,756,349.58
79190B,RETRO PLASTIC POLKA TRAY,1469,596.36
79190D,RETRO PLASTIC DAISY TRAY,636,294.48
79191B,RETRO PLASTIC POLKA TRAY,447,370.16999999999996
79191C,RETRO PLASTIC ELEPHANT TRAY,1330,1048.11
79191D,RETRO PLASTIC DAISY TRAY,125,132.01
79192A,RETRO PLASTIC 70'S TRAY,106,142.64
79302M,"ART LIGHTS,FUNK MONKEY",623,1771.23
79302m,"ART LIGHTS,FUNK MONKEY",4,23.77
79303A,WHITE ROHMBIC BLOCK TABLE LAMP,2,5.9
79303B,BLUE STAR BLOCK TABLE LAMP,109,339.57
79303D,LILAC FLOWER BLOCK TABLE LAMP,76,266.55
79308B,MOSAIC CANDLE DISH BLUE PURPLE,144,122.39999999999999
79315W,FLYING SAUCER TABLE LIGHT IN WHITE,199,611.5100000000001
79323B,BLACK CHERRY LIGHTS,-6,8.500000000000028
79323G,GOLD  CHERRY LIGHTS,139,970.4300000000001
79323GR,GREEN CHERRY LIGHTS,338,2040.8600000000001
79323LP,LIGHT PINK CHERRY LIGHTS,975,5778.39
79323P,PINK CHERRY LIGHTS,1588,9766.58
79323S, SILVER CHERRY LIGHTS,269,1698.5500000000002
79323S,SILVER CHERRY LIGHTS,-93,-591.03
79323W, WHITE CHERRY LIGHTS,2010,12108.86
79323W,WHITE CHERRY LIGHTS,-94,-481.23999999999984
79340P,PURPLE ORCHID FLOWER LIGHTS,-2,-15.9
79340W,WHITE ORCHID FLOWER LIGHTS,-6,-45.3
79342B,BROWN FLOWER LIGHTS,104,728.9
79342b,BROWN FLOWER LIGHTS,1,13.57
81950B,FLOWER BLUE CLOCK W/SUCKER,99,92.25
81950B,FLOWER BLUE CLOCK WITH SUCKER,116,33.64
81950V,FLOWER PURPLE CLOCK W/SUCKER,17,14.45
81950V,FLOWER PURPLE CLOCK WITH SUCKER,15,4.35
81952B,ROUND BLUE CLOCK W/SUCKER,54,46.56
81952B,ROUND BLUE CLOCK WITH SUCKER,200,38.0
81952V,ROUND PURPLE CLOCK W/SUCKER,99,90.52
81952V,ROUND PURPLE CLOCK WITH SUCKER,365,69.35
81953B,ROUND ARTICULATED BLUE CLOCK W/SUCK,3,2.55
81953B,ROUND BLUE CLOCK WITH SUCKER,11,2.09
81953P,ROUND ARTICULATED PINK CLOCK W/SUCK,33,9.57
81985A,"ICON ALARM CLOCK,FUSCHIA  PIN UP",23,58.64999999999999
82001S,SILVER RECORD COVER FRAME,287,1067.76
82001S,VINYL RECORD FRAME SILVER,2628,9423.11
82001s,SILVER RECORD COVER FRAME,78,581.88
82001s,VINYL RECORD FRAME SILVER,47,351.09999999999997
82011A,"BATHROOM SCALES, TROPICAL BEACH",58,242.83
82011B,BATHROOM SCALES RUBBER DUCKS,93,348.8
82011C,BATHROOM SCALES FOOTPRINTS IN SAND,131,595.1800000000001
82011E,"BATHROOM SCALES, FAG BREAK",2,7.5
82494L,WOODEN FRAME ANTIQUE WHITE ,14790,42485.310000000005
82494l,WOODEN FRAME ANTIQUE WHITE ,378,3155.93
82545A,COGNAC AUX OEUFS METAL 1 HOOK,31,38.75
82607A,GLASS BONBON JAR PARFUME AUX FLEURE,645,901.22
82607C,GLASS BONBON JAR. SUPERFINES,115,175.60999999999999
82607E,GLASS BONBON JAR. D'AMANDES,100,125.0
82613A,"METAL SIGN,CUPCAKE SINGLE HOOK",490,664.97
82613B,"METAL SIGN,CUPCAKE SINGLE HOOK",875,975.92
82613C,"METAL SIGN,CUPCAKE SINGLE HOOK",748,809.11
82613D,METAL SIGN CUPCAKE SINGLE HOOK,1166,1273.46
82613a,"METAL SIGN,CUPCAKE SINGLE HOOK",3,7.4799999999999995
82613b,"METAL SIGN,CUPCAKE SINGLE HOOK",14,35.04
82613c,"METAL SIGN,CUPCAKE SINGLE HOOK",13,32.48
82616A,BUBBLE GUM SCARF KNITTING KIT,316,624.21
82616B,FRAPPUCINO SCARF KNITTING KIT,596,963.35
82616C,MIDNIGHT GLAMOUR SCARF KNITTING KIT,629,1020.35
84029C,BROWN FURRY HOT WATER BOTTLE,204,766.19
84029D,LEOPARD PRINT HOT WATER BOTTLE,51,183.98000000000002
84029E,RED WOOLLY HOTTIE WHITE HEART.,10542,42666.54
84029G,KNITTED UNION FLAG HOT WATER BOTTLE,6770,29314.17
84029c,BROWN FURRY HOT WATER BOTTLE,1,7.78
84030B,KNITTED POM POM HOT WATER BOTTLE,5,18.75
84030C,KNITTED RAINBOW HOT WATER BOTTLE,13,52.78
84030E,ENGLISH ROSE HOT WATER BOTTLE,2109,8986.9
84030b,KNITTED POM POM HOT WATER BOTTLE,1,8.46
84030c,KNITTED RAINBOW HOT WATER BOTTLE,32,248.0
84030e,ENGLISH ROSE HOT WATER BOTTLE,120,979.4000000000001
84031A,CHARLIE+LOLA RED HOT WATER BOTTLE ,1071,4332.47
84031B,CHARLIE LOLA BLUE HOT WATER BOTTLE ,813,3198.83
84031a,CHARLIE+LOLA RED HOT WATER BOTTLE ,1,16.63
84031b,CHARLIE LOLA BLUE HOT WATER BOTTLE ,1,16.63
84032A,CHARLIE+LOLA PINK HOT WATER BOTTLE,3196,8512.0
84032B,CHARLIE + LOLA RED HOT WATER BOTTLE,3207,7530.35
84078A,SET/4 WHITE RETRO STORAGE CUBES ,981,38657.310000000005
84086B,YELLOW/BLUE RETRO RADIO,23,67.85000000000001
84086C,PINK/PURPLE RETRO RADIO,297,884.75
84201B,HAPPY BIRTHDAY CARD STRIPEY TEDDY,39,7.41
84201C,HAPPY BIRTHDAY CARD TEDDY/CAKE,10,1.9
84205C,HAPPY BIRTHDAY GINGER CAT CARD,2,0.38
84206A,3 BLACK CATS W HEARTS BLANK CARD,79,15.010000000000002
84206B,CAT W SUNGLASSES BLANK CARD,4,0.76
84206B,CAT WITH SUNGLASSES BLANK CARD,5,0.95
84206C,CHAMPAGNE TRAY BLANK CARD,10,1.9
84247C,PACK/12 BLUE REINDEER CARD,72,212.40000000000003
84247E,PACK OF 12 CHRISTMAS FUN CARDS,83,215.94
84247E,PACK/12 XMAS FUN CARD,187,554.6100000000001
84247G,"DECOUPAGE,GREETING CARD,",1414,602.67
84247H,PACK/12 DECOUPAGE CARD,31,76.68
84247J,PACK/12 RUSSIAN DOLL CARDS,10,12.780000000000001
84247K,"FOLK ART GREETING CARD,pack/12",64,201.03000000000003
84247L,FAWN AND MUSHROOM GREETING CARD,1125,493.17
84247N,PACK/12 BLUE FOLKART CARDS,80,200.13000000000002
84249A,"GREETING CARD,SQUARE, DOUGHNUTS",252,113.22
84249D,FAIRY CAKE GREETINGS CARD,799,337.21999999999997
84250M,"GREETING CARD, BLACKPOOL ROCK",28,15.9
84251B,"GREETING CARD, STICKY GORDON",307,82.56
84251C,"GREETING CARD, TWO SISTERS.",247,76.68
84251F,"GREETING CARD, RITA",341,83.97
84251G,"GREETING CARD, OVERCROWDED POOL.",472,127.56
84251J,"GREETING CARD, THE BLACK CAT",74,37.04
84255A,PINK GLASS COCKTAIL LAMP,2,4.2
84255B,ORANGE COCKTAIL GLASS LAMP,65,190.16
84279B,CHERRY BLOSSOM DECORATIVE FLASK,791,3013.17
84279P, CHERRY BLOSSOM  DECORATIVE FLASK,310,1100.42
84279P,CHERRY BLOSSOM  DECORATIVE FLASK,791,3212.69
84288B,SET/2 BLUE  NOODLE BASKETS,59,115.05
84292B,BLUE COL METAL FOLDING CHAIR,8,51.8
84313A,PINK TV TRAY TABLE ,38,212.42
84313B,BLUE TV TRAY TABLE ,227,1164.04
84313C,ORANGE TV TRAY TABLE ,548,1442.3899999999999
84327A,PINK JUMPER LARRY THE LAMB,955,1813.5100000000002
84341B,SMALL PINK MAGIC CHRISTMAS TREE,1757,922.18
84387A,BIRD ON BRANCH CANVAS SCREEN,11,21.45
84402B,PURPLE DRESS JEWELLERY STAND,62,51.14
84402D,PINK DRESS JEWELLERY STAND ,373,358.92999999999995
84405A,S/3 PINK COL METAL BASKET W HANDLE,128,1029.41
84406B,CREAM CUPID HEARTS COAT HANGER,6913,22417.03
84406b,CREAM CUPID HEARTS COAT HANGER,2,13.82
84414B,FUSCHIA/GREEN STRIPE WOOLLY BLANKET,78,536.24
84415A,PINK FLOCK SUEDE CUSHION COVER ,27,71.25
84415B,BLUE FLOCK CUSHION COVER ,24,80.0
84424A,FOUR PICTURE WHITE GLASS FRAME,23,86.25
84425A,WHITE GLASS TV TRIPLE FRAME,18,76.6
84427B,BLACK GLASS TV DOUBLE P/FRAME 15X10,17,72.25
84429A,MEDIUM PINK BUDDHA HEAD ,109,371.78000000000003
84437A,S/6 PINK EASTER DECS IN BOX,106,90.94999999999999
84450A,PINK RABBIT SITTING EASTER,48,22.5
84450B,PINK/YELLOW RABBIT SAT EASTER,88,61.92
84450B,YELLOW RABBIT SAT EASTER,51,22.63
84459A,PINK METAL CHICKEN HEART ,1167,1898.6499999999999
84459B,YELLOW METAL CHICKEN HEART ,1451,2306.0099999999998
84507B,STRIPES DESIGN MONKEY DOLL,1342,1752.9799999999998
84507C,BLUE CIRCLES DESIGN MONKEY DOLL,423,614.24
84508A,CAMOFLAGE DESIGN TEDDY,1578,3352.1200000000003
84508A,CAMOUFLAGE DESIGN TEDDY,2221,4717.46
84508B,STRIPES DESIGN TEDDY,163,438.46
84508C,BLUE CIRCLES DESIGN TEDDY,102,277.27
84509A,ENGLISH ROSE PLACEMATS,117,455.18
84509A,SET OF 4 ENGLISH ROSE PLACEMATS,1393,5393.86
84509B,FAIRY CAKE PLACEMATS,107,409.94
84509B,SET OF 4 FAIRY CAKE PLACEMATS,538,2027.73
84509C,DOTTY PLACEMATS ,58,218.29000000000002
84509C,SET OF 4 DOTTY PLACEMATS ,70,297.48
84509C,SET OF 4 POLKADOT PLACEMATS ,149,570.19
84509E,CAROUSEL PLACEMATS ,4,23.060000000000002
84509E,SET OF 4 CAROUSEL PLACEMATS ,157,300.3
84509F,NEW ENGLAND PLACEMATS,32,120.0
84509F,SET OF 4 NEW ENGLAND PLACEMATS,2749,2336.1
84509G,FAIRY CAKE PLACEMATS ,82,315.55
84509G,SET OF 4 FAIRY CAKE PLACEMATS ,720,1729.9
84509a,ENGLISH ROSE PLACEMATS,2,15.56
84509a,SET OF 4 ENGLISH ROSE PLACEMATS,111,829.18
84509b,SET OF 4 FAIRY CAKE PLACEMATS,5,37.3
84509c,DOTTY PLACEMATS ,1,7.78
84509c,SET OF 4 DOTTY PLACEMATS ,15,114.3
84509c,SET OF 4 POLKADOT PLACEMATS ,51,383.18
84509e,SET OF 4 CAROUSEL PLACEMATS ,2,15.24
84509g,SET OF 4 FAIRY CAKE PLACEMATS ,2,14.92
84510A,SET OF 4 ENGLISH ROSE COASTERS,2381,3227.89
84510B,SET OF 4 FAIRY CAKES COASTERS ,1169,1478.55
84510C,SET OF 4 POLKADOT COASTERS,152,237.59
84510C,SET OF 4 POLKADOTS COASTERS,122,164.0
84510E,SET OF 4 GREEN CAROUSEL COASTERS,148,117.77
84510F,SET OF 4 NEW ENGLAND COASTERS ,1097,430.25
84510a,SET OF 4 ENGLISH ROSE COASTERS,75,185.7
84510b,SET OF 4 FAIRY CAKES COASTERS ,1,2.15
84510c,SET OF 4 POLKADOT COASTERS,46,113.75999999999999
84510c,SET OF 4 POLKADOTS COASTERS,10,25.099999999999998
84510e,SET OF 4 GREEN CAROUSEL COASTERS,14,35.089999999999996
84519A,TOMATO CHARLIE+LOLA COASTER SET,1200,2788.4500000000003
84519B,CARROT CHARLIE+LOLA COASTER SET,866,1892.42
84520B,PACK 20 ENGLISH ROSE PAPER NAPKINS,7378,6311.42
84520D,PACK OF 20 FAIRY CAKE PAPER NAPKINS,687,629.27
84520b,PACK 20 ENGLISH ROSE PAPER NAPKINS,110,257.4
84529A,PINK KNITTED KIDS RUCKSACK,50,290.78
84529B,BLUE KNITTED KID'S RUCKSACK,13,62.35
84529C,YELLOW KNITTED KIDS RUCKSACK,78,414.74
84531A,PINK KNITTED EGG COSY,191,169.35999999999999
84531B,BLUE KNITTED EGG COSY,194,164.01
84532B,FAIRY CAKES RECTANGLUAR BOXES,54,417.58
84533B,FAIRY CAKES ROUND NESTING BOXES,59,377.93
84534B,FAIRY CAKE NOTEBOOK A5 SIZE,790,750.91
84534b,FAIRY CAKE NOTEBOOK A5 SIZE,5,8.3
84535A,ENGLISH ROSE NOTEBOOK A6 SIZE,607,346.93
84535B,FAIRY CAKES NOTEBOOK A6 SIZE,2591,1686.01
84536A,ENGLISH ROSE NOTEBOOK A7 SIZE,5039,2273.77
84536B,FAIRY CAKES NOTEBOOK A7 SIZE,3452,1539.65
84536a,ENGLISH ROSE NOTEBOOK A7 SIZE,25,19.970000000000002
84536b,FAIRY CAKES NOTEBOOK A7 SIZE,8,6.48
84537B,FAIRY CAKES GIFT BAG,117,49.14
84555A,YELLOW VW BEETLE CERAMIC MONEY BOX,47,133.85000000000002
84558A,3D DOG PICTURE PLAYING CARDS,1234,3554.36
84558a,3D DOG PICTURE PLAYING CARDS,21,125.17
84559A,3D SHEET OF DOG STICKERS,1321,1190.1699999999998
84559B,3D SHEET OF CAT STICKERS,1195,1062.1499999999999
84559D,3D SHEET OF SEA WORLD STICKERS,147,126.71
84559a,3D SHEET OF DOG STICKERS,57,95.69999999999999
84559b,3D SHEET OF CAT STICKERS,32,53.54
84559d,3D SHEET OF SEA WORLD STICKERS,2,3.38
84562A,PINK/WHITE RIBBED MELAMINE JUG,168,1370.3100000000002
84562B,BLUE/WHITE RIBBED MELAMINE JUG,10,106.59
84563A,PINK & WHITE BREAKFAST TRAY,139,685.15
84563B,BLUE & WHITE BREAKFAST TRAY,128,590.04
84569A,PACK 3 IRON ON DOG PATCHES,561,701.17
84569B,PACK 3 FIRE ENGINE/CAR PATCHES,432,555.93
84569C,PACK 4 FLOWER/BUTTERFLY PATCHES,402,568.68
84569D,PACK 6 HEART/ICE-CREAM PATCHES,1022,1286.29
84570B,WHITE SATIN DRESS JEWEL STAND,4,19.8
84575A,PINK DOG CANNISTER,23,92.85
84575B,BROWN DOG CANNISTER W BONE,4,23.8
84586L,"PINK ROSES/GINGHAM PATCH RABBIT 8""",15,44.25000000000001
84595B,LARGE TRIFLE DESIGN L BLUE BOWL,230,408.9
84595E,LARGE TORTILLA DESIGN RED BOWL,366,720.28
84596B,SMALL DOLLY MIX DESIGN ORANGE BOWL,6173,4027.95
84596E,SMALL LICORICE DES PINK BOWL,1095,1097.84
84596F,SMALL MARSHMALLOWS PINK BOWL,4704,3189.71
84596G,SMALL CHOCOLATES PINK BOWL,2226,1440.76
84596I,WRAP SWEETS LIGHT PINK SMALL BOWL,72,80.62
84596J,MIXED NUTS LIGHT GREEN BOWL,804,614.24
84596K,JELLY BABIES YELLOW SMALL BOWL,427,542.16
84596L,BISCUITS SMALL BOWL LIGHT BLUE,1536,1013.9599999999999
84596b,SMALL DOLLY MIX DESIGN ORANGE BOWL,10,25.099999999999998
84596e,SMALL LICORICE DES PINK BOWL,27,67.77
84596f,SMALL MARSHMALLOWS PINK BOWL,19,46.89
84596g,SMALL CHOCOLATES PINK BOWL,5,12.399999999999999
84596j,MIXED NUTS LIGHT GREEN BOWL,2,5.02
84596l,BISCUITS SMALL BOWL LIGHT BLUE,1,2.46
84597B,RETRO BROWN BALL ASHTRAY ,202,255.62
84597C,RETRO PINK BALL ASHTRAY ,360,445.98
84601A,NEW BAROQUE IVORY CUSHION COVER ,110,450.84000000000003
84611B,BLACK NEW BAROQUE FLOCK BOX,4,23.8
84612B,SET/4 BLACK  BAROQUE FLOCK COASTER,20,51.0
84613A,PINK NEW BAROQUE FLOCK CANDLESTICK,21,97.65
84613C,BLUE NEW BAROQUE FLOCK CANDLESTICK,62,258.06
84614A,PINK BAROQUE FLOCK CANDLE HOLDER,15,112.93
84614C,BLUE BAROQUE FLOCK CANDLE HOLDER,3,17.85
84625A,PINK NEW BAROQUECANDLESTICK CANDLE,784,1128.2
84625B,BLCK NEW BAROQUE CANDLESTICK CANDLE,168,268.8
84625C,BLUE NEW BAROQUE CANDLESTICK CANDLE,700,920.55
84625D,WHITE NEWBAROQUE CANDLESTICK CANDLE,619,735.49
84659A,WHITE TRAVEL ALARM CLOCK,585,1461.86
84660A,WHITE STITCHED WALL CLOCK,858,850.72
84660B,BLACK STITCHED WALL CLOCK,745,899.48
84660C,PINK STITCHED WALL CLOCK,725,987.98
84660a,WHITE STITCHED WALL CLOCK,7,52.699999999999996
84660b,BLACK STITCHED WALL CLOCK,7,53.18
84660c,PINK STITCHED WALL CLOCK,31,233.98
84661A,WHITE SQUARE TABLE CLOCK,222,308.99
84661B,BLACK SQUARE TABLE CLOCK,243,530.22
84661C,PINK SQUARE TABLE CLOCK,150,179.75
84661a,WHITE SQUARE TABLE CLOCK,2,10.02
84661b,BLACK SQUARE TABLE CLOCK,1,4.96
84661c,PINK SQUARE TABLE CLOCK,2,10.12
84663A,GRASS HOPPER WOODEN WALL CLOCK ,367,731.33
84671B,CROCHET BEAR WITH BLUE STRIPES,109,306.77
84673A,PINK FLY SWAT,499,314.19
84673B,BLUE FLY SWAT,502,390.66
84705A,ENGLISH ROSE PHOTO FRAME ,14,65.10000000000001
84705B,FAIRY CAKES PHOTO FRAME,84,113.27
84705C,PINK FLOCK PHOTO FRAME ,162,227.33
84705D,CHERRY BLOSSOM PHOTO FRAME ,22,97.9
84705F,RED PEONY PHOTO FRAME ,8,37.2
84705b,FAIRY CAKES PHOTO FRAME,2,6.86
84706A,ENGLISH ROSE TABLE CLOCK,137,325.88
84706B,FAIRY CAKES TABLE CLOCK,18,170.82999999999998
84706C,PINK FLOCK TABLE CLOCK ,84,170.8
84706D,CHERRY BLOSSOM TABLE CLOCK ,218,498.23999999999995
84706F,RED PEONY TABLE CLOCK,33,199.35
84707A,SILVER JEWELLED MIRROR TRINKET TRAY,125,1045.8799999999999
84707B,PINK JEWELLED MIRROR TRINKET TRAY,75,578.72
84708B,PINK JEWELLED PHOTO FRAME ,142,732.7900000000001
84709A,SILVER OVAL JEWELLED MIRROR,23,136.85
84709B,PINK OVAL JEWELLED MIRROR,175,1008.5300000000001
84711A,SILVER OVAL SHAPE TRINKET BOX,42,390.95
84711B,PINK OVAL SHAPE TRINKET BOX,39,357.71
84712B,PINK JEWELLED PHOTO FRAME,98,767.1600000000001
84732B,CUTE BIRD CEATURE SCREEN,28,18.48
84732D,CUTE RABBIT CEATURE SCREEN ,15,10.89
84741C,CITRUS GARLAND FELT FLOWERS ,185,372.14
84743C,ORANGE FELT VASE + FLOWERS,9,11.25
84745A,PINK HANGING GINGHAM EASTER HEN,72,30.240000000000002
84745B,BLUE HANGING GINGHAM EASTER HEN,83,34.86
84750A,PINK SMALL GLASS CAKE STAND,504,1113.93
84750B,BLACK SMALL GLASS CAKE STAND,604,1133.83
84751B,BLACK MEDIUM GLASS CAKE STAND,35,107.57
84753A,PINK EAU DE COLOGNE BOTTLE,97,92.16999999999999
84760L,LARGE HANGING GLASS+ZINC LANTERN,560,896.0
84760S,SMALL HANGING GLASS+ZINC LANTERN,222,360.21
84762A,WHITE PICNIC BARBECUE BUCKET,48,422.98
84762B,PINK PICNIC BARBECUE BUCKET,113,837.77
84762C,GREEN PICNIC BARBECUE BUCKET,105,761.25
84782A,PINK 3 TIER GLASS PLATE STAND,113,763.95
84782B,BLACK 3 TIER GLASS PLATE STAND,10,127.5
84782C,GREEN 3 TIER GLASS PLATE STAND,68,459.8
84795A,PASTEL STRIPE HAMMOCK ,208,1696.02
84795B,SUNSET CHECK HAMMOCK,298,2379.09
84795C,OCEAN STRIPE HAMMOCK ,324,2744.6400000000003
84795D,SEASIDE STRIPE HAMMOCK,188,1531.8400000000001
84795E,RIO PINK STRIPE HAMMOCK,10,79.5
84795b,SUNSET CHECK HAMMOCK,19,317.71999999999997
84796A,PINK HAWAIIAN PICNIC HAMPER FOR 2,284,2072.9500000000003
84796B,BLUE SAVANNAH PICNIC HAMPER FOR 2,600,4999.79
84796a,PINK HAWAIIAN PICNIC HAMPER FOR 2,28,234.28
84796b,BLUE SAVANNAH PICNIC HAMPER FOR 2,2,17.12
84797A,PINK HAWAIIAN PICNIC HAMPER FOR 4,481,3361.25
84797B,BLUE SAVANNAH PICNIC HAMPER FOR 4,321,1811.3000000000002
84797a,PINK HAWAIIAN PICNIC HAMPER FOR 4,18,198.84
84797b,BLUE SAVANNAH PICNIC HAMPER FOR 4,21,232.62
84798A,PINK FOXGLOVE ARTIIFCIAL FLOWER,183,401.85
84798B,PURPLE FOXGLOVE ARTIIFCIAL FLOWER,322,482.70000000000005
84798C,WHITE FOXGLOVE ARTIIFCIAL FLOWER,16,40.8
84800L,LARGE WHITE/PINK ROSE ART FLOWER,626,930.23
84800M,MEDIUM WHITE/PINK ROSE ART FLOWER,247,352.15000000000003
84800S,SMALL WHITE/PINK ROSE ART FLOWER,386,289.54
84801A,PINK HYDRANGEA ART FLOWER,272,427.44000000000005
84801B,WHITE HYDRANGEA ART FLOWER,214,345.00000000000006
84802A,WHITE ANEMONE ARTIFICIAL FLOWER,185,312.65000000000003
84802B,PURPLE ANEMONE ARTIFICIAL FLOWER,411,389.79
84803A,PINK ALLIUM  ARTIFICIAL FLOWER,109,184.21
84803B,WHITE ALLIUM  ARTIFICIAL FLOWER,33,55.769999999999996
84804A,CREAM DELPHINIUM ARTIFICIAL FLOWER,218,396.38000000000005
84804B,BLUE DELPHINIUM ARTIFICIAL FLOWER,354,499.02000000000004
84805A,CREAM CLIMBING HYDRANGA ART FLOWER,147,212.85
84805B,BLUE CLIMBING HYDRANGA ART FLOWER,340,551.4000000000001
84806A,PINK CANDYSTUFT ARTIFICIAL FLOWER,319,261.90999999999997
84806B,WHITE CANDYSTUFT ARTIFICIAL FLOWER,450,568.02
84809A,WHITE CHRYSANTHEMUMS ART FLOWER,274,470.64000000000004
84809B,PINK CHRYSANTHEMUMS ART FLOWER,296,351.6
84814A,HEXAGONAL CRYSTAL PERFUME BOTTLE,1,1.95
84814B,RHOMBUS CRYSTAL PERFUME BOTTLE,7,13.65
84845A,HOLLYHOCK SQUARE HANDY TIN,1,1.25
84845C,CARNATION SQUARE HANDY TIN,39,48.75
84845D,GERANIUM SQUARE HANDY TIN,41,51.25
84846A,SCENTED CANDLE IN DIGITALIS TIN,251,567.5500000000001
84849A,HELLO SAILOR BLUE SOAP HOLDER,447,794.7
84849B,FAIRY SOAP SOAP HOLDER,1923,3222.17
84849D,HOT BATHS SOAP HOLDER,1534,2577.71
84856L,LARGE TAHITI BEACH BAG,238,1492.28
84856S,SMALL TAHITI BEACH BAG,466,1873.4
84857A,SILVER MONTE CARLO HANDBAG,8,68.0
84857B,BLUE MONTE CARLO HANDBAG,22,42.9
84857C,PINK MONTE CARLO HANDBAG,196,443.08
84858A,NATURAL RIVIERA HANDBAG,53,128.83
84858B,BLUE RIVIERA HANDBAG,326,431.0
84858C,PINK RIVIERA HANDBAG,347,611.0699999999999
84859A,SILVER DISCO HANDBAG,293,613.53
84859B,BLUE DISCO HANDBAG,282,433.46
84859C,PINK DISCO HANDBAG,304,552.72
84864A,PINK PAISLEY PHOTO ALBUM,7,67.71000000000001
84867A,PINK BABY GIRLS PHOTO ALBUM,16,105.82000000000001
84867a,PINK BABY GIRLS PHOTO ALBUM,1,13.57
84867b,BLUE BABY BOY'S PHOTO ALBUM,2,27.14
84868A,PINK BABY GIRL'S MEMORY BOX,2,13.9
84868B,BLUE BABY BOY'S MEMORY BOX,3,20.85
84870B,BLUE GEISHA GIRL ,89,318.86
84870C,GREEN GEISHA GIRL ,93,330.36
84872A,TEATIME FUNKY FLOWER BACKPACK FOR 2,177,1983.54
84872a,TEATIME FUNKY FLOWER BACKPACK FOR 2,58,636.47
84873A,FUNKY FLOWER PICNIC BAG FOR 4,32,394.15
84873a,FUNKY FLOWER PICNIC BAG FOR 4,88,973.36
84874B,BLUE TRAVEL FIRST AID KIT,86,141.76
84875A,PINK SQUARE COMPACT MIRROR,16,60.0
84875B,GREEN SQUARE COMPACT MIRROR,373,511.01
84875D,BLUE SQUARE COMPACT MIRROR,371,483.75
84876B,GREEN HEART COMPACT MIRROR,344,488.31
84876C,SILVER HEART COMPACT MIRROR,6,22.5
84876D,BLUE HEART COMPACT MIRROR,317,553.02
84877A,PINK ROUND COMPACT MIRROR,74,185.66
84877B,GREEN ROUND COMPACT MIRROR,289,501.93
84877D,BLUE ROUND COMPACT MIRROR,160,371.84999999999997
84884A,ANT WHITE WIRE HEART SPIRAL,1707,6244.33
84884a,ANT WHITE WIRE HEART SPIRAL,49,410.89
84891B,GREEN WIRE GOBLET CANDLEHOLDER,11,87.45
84898F,YELLOW FLOWERS FELT HANDBAG KIT,165,352.75
84899E,YELLOW + BROWN BEAR FELT PURSE KIT,39,52.65
84899E,YELLOW BROWN BEAR FELT PURSE KIT,13,20.03
84899F,YELLOW PURPLE DAISY FELT PURSE KIT,121,192.17
84908A,PINK 5 PATCH FLOWER CUSHION COVER ,431,1038.21
84908B,BLUE 5 PATCH FLOWER CUSHION COVER,435,1052.29
84909A,PINK PAISLEY QUILT ,209,2797.55
84910A,PINK PAISLEY CUSHION COVER ,419,1153.04
84912A,PINK ROSE WASHBAG,1094,2996.44
84912B,GREEN ROSE WASHBAG,1125,3072.64
84912a,PINK ROSE WASHBAG,2,15.56
84913A,SOFT PINK ROSE TOWEL ,608,2211.54
84913B,MINT GREEN ROSE TOWEL,419,1588.64
84914A,PINK ROSE PICNIC RUG,6,155.7
84924A,WAKE UP COCKEREL CALENDAR SIGN ,133,571.0
84924D,LA PALMIERA METAL SIGN CALENDAR,764,272.61
84924F,PSYCHEDELIC METAL SIGN CALENDAR,495,154.55
84925A,WAKE UP COCKEREL WALL THERMOMETER,179,339.28999999999996
84925C,FAIRY CAKES  WALL THERMOMETER,28,71.39999999999999
84925D,LA PALMIERA WALL THERMOMETER,80,584.4499999999999
84925E,FLOWERS WALL THERMOMETER,75,130.04999999999998
84925F,PSYCHEDELIC WALL THERMOMETER,714,873.11
84926A,WAKE UP COCKEREL TILE COASTER,664,293.08
84926B,SCOTTS ROSES TILE COASTER,54,67.5
84926C,FAIRY CAKES TILE COASTER,132,182.1
84926D,LA PALMIERA TILE COASTER,773,365.34999999999997
84926E,FLOWERS TILE COASTER,1081,471.57
84926F,PSYCHEDELIC TILE COASTER,460,270.94
84927A,WAKE UP COCKEREL TILE HOOK,151,147.26000000000002
84927D,LA PALMIERA TILE HOOK,518,170.43
84927E,FLOWERS TILE HOOK,300,204.75
84927F,PSYCHEDELIC TILE HOOK,329,269.27
84931A,PINK SCOTTIE DOG W FLOWER PATTERN,204,513.6899999999999
84931B,BLUE SCOTTIE DOG W FLOWER PATTERN,271,681.0799999999999
84932A,SMALL GREEN PEONY FOLDING STOOL,262,602.6
84932B,SMALL PINK PEONY FOLDING STOOL,189,401.3
84932C,SMALL ORIENTAL BLUE FOLDING STOOL,281,606.9
84932D,SMALL ORIENTAL RED FOLDING STOOL,239,574.71
84933A,LARGE GREEN PEONY FOLDING STOOL,131,314.35
84933B,LARGE PINK PEONY FOLDING STOOL,136,309.15000000000003
84933C,LARGE BLUE ORIENTAL FOLDING STOOL,136,317.0
84951A,S/4 PISTACHIO LOVEBIRD COASTERS,106,166.1
84951A,SET OF 4 PISTACHIO LOVEBIRD COASTER,492,663.6999999999999
84951B,S/4 BLACK LOVEBIRD COASTERS,88,171.60999999999999
84951B,SET OF 4 BLACK LOVEBIRD COASTERS,477,631.12
84951b,S/4 BLACK LOVEBIRD COASTERS,9,46.2
84951b,SET OF 4 BLACK LOVEBIRD COASTERS,1,5.06
84952A,CLEAR LOVE BIRD T-LIGHT HOLDER,148,392.53
84952B,BLACK LOVE BIRD T-LIGHT HOLDER,361,604.24
84952C,MIRROR LOVE BIRD T-LIGHT HOLDER,374,705.01
84963A,PINK PAINTED KASHMIRI CHAIR,23,763.35
84963B,BLUE PAINTED KASHMIRI CHAIR,18,591.5
84964A,PINK PAINTED KASHMIRI TABLE,11,630.0
84964B,BLUE PAINTED KASHMIRI TABLE ,17,990.0
84965A,PINK KASHMIRI COFFEE TABLE ,20,1050.0
84965B,BLUE KASHMIRI COFFEE TABLE ,27,1359.95
84966A,PINK KASHMIRI BOXED MIRROR,13,225.95
84966B,BLUE KASHMIRI BOXED MIRROR,33,428.0
84966C,GREEN KASHMIRI BOXED MIRROR,23,276.0
84967A,PINK KASHMIRI OCCASIONAL TABLE,2,94.95
84967B,BLUE KASHMIRI OCCASIONAL TABLE,21,1109.5
84967C,GREEN KASHMIRI OCCASIONAL TABLE,9,419.85
84968A,S/16 VINTAGE ROSE CUTLERY,190,2511.24
84968A,SET OF 16 VINTAGE ROSE CUTLERY,305,3636.54
84968B,S/16 VINTAGE IVORY CUTLERY,422,5604.91
84968B,SET OF 16 VINTAGE IVORY CUTLERY,5,63.75
84968C,S/16 VINTAGE PISTACHIO CUTLERY,262,3177.2999999999997
84968C,SET OF 16 VINTAGE PISTACHIO CUTLERY,371,4400.95
84968D,S/16 VINTAGE RED CUTLERY,287,3349.7599999999998
84968D,SET OF 16 VINTAGE RED CUTLERY,184,2031.2
84968E,S/16 VINTAGE BLACK CUTLERY,221,2534.45
84968E,SET OF 16 VINTAGE BLACK CUTLERY,162,1905.03
84968F,S/16 VINTAGE SKY BLUE CUTLERY,84,1092.42
84968F,SET OF 16 VINTAGE SKY BLUE CUTLERY,214,2479.35
84968a,S/16 VINTAGE ROSE CUTLERY,1,25.49
84968a,SET OF 16 VINTAGE ROSE CUTLERY,5,125.32999999999998
84968b,S/16 VINTAGE IVORY CUTLERY,1,25.49
84968b,SET OF 16 VINTAGE IVORY CUTLERY,1,25.49
84968d,S/16 VINTAGE RED CUTLERY,1,25.49
84968d,SET OF 16 VINTAGE RED CUTLERY,3,74.88
84968e,S/16 VINTAGE BLACK CUTLERY,4,101.96
84968e,SET OF 16 VINTAGE BLACK CUTLERY,12,302.16999999999996
84968f,SET OF 16 VINTAGE SKY BLUE CUTLERY,2,50.98
84970L,SINGLE HEART ZINC T-LIGHT HOLDER,17364,17142.84
84970S,HANGING HEART ZINC T-LIGHT HOLDER,26319,21689.059999999998
84970l,SINGLE HEART ZINC T-LIGHT HOLDER,233,487.14
84970s,HANGING HEART ZINC T-LIGHT HOLDER,373,784.04
84971L,LARGE HEART FLOWERS HOOK   ,560,692.26
84971S,SMALL HEART FLOWERS HOOK ,6487,5491.61
84971l,LARGE HEART FLOWERS HOOK   ,2,4.92
84971s,SMALL HEART FLOWERS HOOK ,6,9.959999999999999
84972L,GIANT PINK HEART MEMO HOLDER,117,462.15000000000003
84984A,GREEN PEONY CUSHION COVER,255,403.75
84984A,GREEN PEONY DES C/COVER,9,49.07
84984B,RED PEONY CUSHION COVER ,309,480.85
84984B,RED PEONY DES C/COVER ,11,51.150000000000006
84984C,ORIENTAL BLUE C/COVER ,13,89.59
84984C,ORIENTAL BLUE CUSHION COVER ,219,311.57
84984D,ORIENTAL RED C/COVER ,27,165.11
84984D,ORIENTAL RED CUSHION COVER ,132,239.8
84985A,SET OF 72 GREEN PAPER DOILIES,639,1010.88
84985B,SET OF 72 BLACK PAPER DOILIES ,128,194.95999999999998
84985a,SET OF 72 GREEN PAPER DOILIES,10,29.8
84985b,SET OF 72 BLACK PAPER DOILIES ,1,2.98
84986B,SET OF 36 SILVER PAPER DOILIES,432,639.06
84986b,SET OF 36 SILVER PAPER DOILIES,6,17.88
84989A,75 GREEN FAIRY CAKE CASES,2116,1091.3500000000001
84989B,75 BLACK FAIRY CAKE CASES,1009,510.15000000000003
84989a,75 GREEN FAIRY CAKE CASES,74,150.57
84989b,75 BLACK FAIRY CAKE CASES,10,12.8
84993A,75 GREEN PETIT FOUR CASES,1471,648.61
84993B,75 BLACK PETIT FOUR CASES,551,243.66
84993a,75 GREEN PETIT FOUR CASES,51,42.71
84993b,75 BLACK PETIT FOUR CASES,20,16.99
84997A,CHILDRENS CUTLERY POLKADOT GREEN ,1715,6814.47
84997A,GREEN 3 PIECE MINI DOTS CUTLERY SET,1905,6899.900000000001
84997A,GREEN 3 PIECE POLKADOT CUTLERY SET,1539,5587.63
84997B,CHILDRENS CUTLERY RETROSPOT RED ,2628,10294.36
84997B,RED 3 PIECE MINI DOTS CUTLERY SET,4202,15313.1
84997B,RED 3 PIECE RETROSPOT CUTLERY SET,2318,8497.78
84997C,BLUE 3 PIECE MINI DOTS CUTLERY SET,3890,14164.89
84997C,BLUE 3 PIECE POLKADOT CUTLERY SET,2240,8128.13
84997C,CHILDRENS CUTLERY POLKADOT BLUE,2576,10127.86
84997D,CHILDRENS CUTLERY POLKADOT PINK,3662,14478.640000000001
84997D,PINK 3 PIECE MINI DOTS CUTLERY SET,4333,15684.53
84997D,PINK 3 PIECE POLKADOT CUTLERY SET,2603,9505.720000000001
84997a,CHILDRENS CUTLERY POLKADOT GREEN ,101,837.29
84997a,GREEN 3 PIECE MINI DOTS CUTLERY SET,43,357.41
84997a,GREEN 3 PIECE POLKADOT CUTLERY SET,34,287.08000000000004
84997b,CHILDRENS CUTLERY RETROSPOT RED ,273,2287.37
84997b,RED 3 PIECE MINI DOTS CUTLERY SET,49,414.18
84997b,RED 3 PIECE RETROSPOT CUTLERY SET,192,1621.0200000000002
84997c,BLUE 3 PIECE MINI DOTS CUTLERY SET,3,25.410000000000004
84997c,BLUE 3 PIECE POLKADOT CUTLERY SET,85,717.25
84997c,CHILDRENS CUTLERY POLKADOT BLUE,265,2216.2099999999996
84997d,CHILDRENS CUTLERY POLKADOT PINK,285,2372.33
84997d,PINK 3 PIECE MINI DOTS CUTLERY SET,1,7.62
84997d,PINK 3 PIECE POLKADOT CUTLERY SET,85,717.4300000000001
85014A,BLACK/BLUE DOTS RUFFLED UMBRELLA,2965,12352.07
85014A,BLACK/BLUE POLKADOT UMBRELLA,1650,9397.91
85014B,RED RETROSPOT UMBRELLA,2694,15346.550000000001
85014B,RED/WHITE DOTS RUFFLED UMBRELLA,3443,15324.93
85014C,BLUE/BROWN DOTS RUFFLED UMBRELLA,355,1694.73
85014D,PINK/BROWN DOTS RUFFLED UMBRELLA,1918,6664.45
85014a,BLACK/BLUE DOTS RUFFLED UMBRELLA,10,127.2
85014a,BLACK/BLUE POLKADOT UMBRELLA,23,288.92
85014b,RED RETROSPOT UMBRELLA,33,414.82000000000005
85014b,RED/WHITE DOTS RUFFLED UMBRELLA,6,76.60000000000001
85017A,ENVELOPE 50 ROMANTIC IMAGES,1157,792.15
85017B,ENVELOPE 50 BLOSSOM IMAGES,2219,1380.1899999999998
85017C,ENVELOPE 50 CURIOUS IMAGES,799,598.7099999999999
85018A,S/6 PAPER BOXES ROMANTIC IMAGES,15,63.75
85018B,S/6 PAPER BOXES BLOSSOM IMAGES ,15,63.75
85018C,S/6 PAPER BOXES CURIOUS IMAGES ,36,127.2
85018D,YULETIDE IMAGES S/6 PAPER BOXES,766,931.65
85019A,ROMANTIC IMAGES NOTEBOOK SET,623,885.04
85019B,BLOSSOM  IMAGES NOTEBOOK SET,694,952.47
85019C,CURIOUS  IMAGES NOTEBOOK SET,387,570.19
85023A,CRYSTAL LARGE JEWELLED PHOTO FRAME,21,53.55
85023B,EAU DE NILE JEWELLED PHOTOFRAME,219,526.05
85023C,PINK LARGE JEWELED PHOTOFRAME,22,56.099999999999994
85024A,CRYSTAL SMALL JEWELLED PHOTOFRAME,1,1.65
85024B,EAU DE NILE JEWELLED PHOTOFRAME,218,330.9
85024C,PINK SMALL JEWELLED PHOTOFRAME,98,161.7
85025B,EAU DE NILE HEART SHAPE PHOTO FRAME,566,978.8
85025C,PINK HEART SHAPE PHOTO FRAME,718,1282.61
85026B,EAU DE NILE JEWELLED T-LIGHT HOLDER,290,359.05
85027L,FRENCH CHATEAU LARGE PLATTER ,156,472.2
85028L,FRENCH CHATEAU LARGE FRUIT BOWL ,245,608.11
85028S,FRENCH CHATEAU SMALL FRUITBOWL,392,601.92
85031A,ROMANTIC IMAGES SCRAP BOOK SET,477,943.44
85031B,BLOSSOM IMAGES SCRAP BOOK SET,496,896.09
85031C,CURIOUS IMAGES SCRAP BOOK SET,481,1017.48
85032A,ROMANTIC IMAGES GIFT WRAP SET,1441,1323.51
85032B,BLOSSOM IMAGES GIFT WRAP SET,982,953.34
85032C,CURIOUS IMAGES GIFT WRAP SET,874,938.7900000000001
85032D,YULETIDE IMAGES GIFT WRAP SET,1136,1319.88
85033G,SET/6 GOLD REINDEER T-LIGHT CANDLES,233,374.1
85033S,SET/6 SILVER REINDEER T-LIGHTS,257,316.7
85034A,3 GARDENIA MORRIS BOXED CANDLES,835,2327.07
85034B,3 WHITE CHOC MORRIS BOXED CANDLES,1183,2606.64
85034C,3 ROSE MORRIS BOXED CANDLES,1291,2518.4
85034a,3 GARDENIA MORRIS BOXED CANDLES,3,24.869999999999997
85034b,3 WHITE CHOC MORRIS BOXED CANDLES,1,8.29
85035A,GARDENIA 3 WICK MORRIS BOXED CANDLE,612,2210.96
85035B,CHOCOLATE 3 WICK MORRIS BOX CANDLE,986,2539.29
85035C,ROSE 3 WICK MORRIS BOX CANDLE,1353,2681.1
85035a,GARDENIA 3 WICK MORRIS BOXED CANDLE,3,25.410000000000004
85035b,CHOCOLATE 3 WICK MORRIS BOX CANDLE,6,50.82000000000001
85035c,ROSE 3 WICK MORRIS BOX CANDLE,2,16.94
85036A,GARDENIA 1 WICK MORRIS BOXED CANDLE,617,2383.71
85036B,CHOCOLATE 1 WICK MORRIS BOX CANDLE,592,1504.6599999999999
85036C,ROSE 1 WICK MORRIS BOXED CANDLE,685,1396.77
85036a,GARDENIA 1 WICK MORRIS BOXED CANDLE,2,16.58
85036b,CHOCOLATE 1 WICK MORRIS BOX CANDLE,2,16.94
85039A,SET/4 RED MINI ROSE CANDLE IN BOWL,1445,1656.4199999999998
85039B,S/4 IVORY MINI ROSE CANDLE IN BOWL,1641,2158.72
85039C,S/4 BLACK MINI ROSE CANDLE IN BOWL,534,513.01
85039a,SET/4 RED MINI ROSE CANDLE IN BOWL,64,212.45
85039b,S/4 IVORY MINI ROSE CANDLE IN BOWL,4,13.44
85040A,S/4 PINK FLOWER CANDLES IN BOWL,2021,3567.2899999999995
85040B,SET/4 BLUE FLOWER CANDLES IN BOWL,2386,3716.1299999999997
85040a,S/4 PINK FLOWER CANDLES IN BOWL,51,169.75
85040b,SET/4 BLUE FLOWER CANDLES IN BOWL,7,23.519999999999996
85049A,TRADITIONAL CHRISTMAS RIBBONS,6100,8051.03
85049B,LUSH GREENS RIBBONS,2126,2653.3
85049C,ROMANTIC PINKS RIBBONS ,2956,3715.04
85049D,BRIGHT BLUES RIBBONS ,2330,2922.96
85049E,SCANDINAVIAN REDS RIBBONS,6288,8418.47
85049F,BABY BOOM RIBBONS ,2085,2602.75
85049G,CHOCOLATE BOX RIBBONS ,3784,4662.37
85049H,URBAN BLACK RIBBONS ,2066,2067.18
85049a,TRADITIONAL CHRISTMAS RIBBONS,434,1451.24
85049b,LUSH GREENS RIBBONS,4,9.94
85049c,ROMANTIC PINKS RIBBONS ,1,2.46
85049d,BRIGHT BLUES RIBBONS ,2,4.92
85049e,SCANDINAVIAN REDS RIBBONS,268,893.25
85049g,CHOCOLATE BOX RIBBONS ,115,281.44
85061W,WHITE JEWELLED HEART DECORATION,6281,5430.24
85071A,BLUE CHARLIE+LOLA PERSONAL DOORSIGN,1755,967.2900000000001
85071B,RED CHARLIE+LOLA PERSONAL DOORSIGN,2338,1310.5800000000002
85071C,"CHARLIE+LOLA""EXTREMELY BUSY"" SIGN",1285,837.23
85071D,CHARLIE+LOLA MY ROOM DOOR SIGN,884,548.86
85086A,CANDY SPOT HEART DECORATION,587,568.73
85097B,BLUE ROCKING SINGING CANARY,94,378.57
85098B,BLUE FLYING SINGING CANARY,317,1302.79
85099B,JUMBO BAG RED RETROSPOT,76089,143834.41
85099B,JUMBO BAG RED WHITE SPOTTY ,14054,25032.82
85099B,RED RETROSPOT JUMBO BAG ,5401,9533.289999999999
85099C,JUMBO  BAG BAROQUE BLACK WHITE,30327,58486.73
85099F,JUMBO BAG STRAWBERRY,36577,67473.53
85099b,JUMBO BAG RED RETROSPOT,419,2111.64
85099c,JUMBO  BAG BAROQUE BLACK WHITE,17,85.17
85099f,JUMBO BAG STRAWBERRY,201,1016.3599999999999
85114A,BLACK ENCHANTED FOREST PLACEMAT,1270,2110.9
85114B,IVORY ENCHANTED FOREST PLACEMAT,2015,3614.75
85114C,RED ENCHANTED FOREST PLACEMAT,1179,2263.06
85114a,BLACK ENCHANTED FOREST PLACEMAT,56,185.64000000000001
85114b,IVORY ENCHANTED FOREST PLACEMAT,56,186.76000000000002
85114c,RED ENCHANTED FOREST PLACEMAT,185,612.64
85115B,S/4 BLACK DISCO PARTITION PANEL,6,37.62
85121B,RETRO LAUNDRY TUB PINK,75,843.24
85121C,RETRO LAUNDRY TUB PISTACHIO,96,901.91
85123A,CREAM HANGING HEART T-LIGHT HOLDER,61,178.51000000000002
85123A,WHITE HANGING HEART T-LIGHT HOLDER,90505,248159.1
85123a,WHITE HANGING HEART T-LIGHT HOLDER,516,3444.02
85123b,ZINC HANGING HEART T-LITE HLDR,1,6.04
85124A,PINK JUICY FRUIT PHOTO FRAME,369,1016.7299999999999
85124B,BLUE JUICY FRUIT PHOTO FRAME,347,923.17
85124C,GREEN JUICY FRUIT PHOTO FRAME,420,1108.59
85124a,PINK JUICY FRUIT PHOTO FRAME,10,50.599999999999994
85124b,BLUE JUICY FRUIT PHOTO FRAME,2,10.23
85124c,GREEN JUICY FRUIT PHOTO FRAME,3,15.18
85129A,"WHITE PEARL BEADED HEART, SMALL",432,554.16
85129B,BEADED CRYSTAL HEART GREEN SMALL,233,315.11
85129C,BEADED CRYSTAL HEART BLUE SMALL,390,510.23
85129D,BEADED CRYSTAL HEART PINK SMALL,792,1192.31
85130A,BEADED PEARL HEART WHITE LARGE,685,1176.29
85130B,BEADED CRYSTAL HEART GREEN LARGE,911,918.33
85130C,BEADED CRYSTAL HEART BLUE  LARGE,659,737.89
85130D,BEADED CRYSTAL HEART PINK LARGE,788,958.8499999999999
85131A,BEADED PEARL HEART WHITE ON STICK,2011,1606.71
85131B,BEADED CRYSTAL HEART GREEN ON STICK,948,730.74
85131C,BEADED CRYSTAL HEART BLUE ON STICK,439,320.15
85131D,BEADED CRYSTAL HEART PINK ON STICK,1423,1061.4099999999999
85131D,BEADED CRYSTAL HEART PINK\ON STICK,20,31.299999999999997
85132A,CHARLIE + LOLA BISCUITS TINS,1343,5118.32
85132B,CHARLIE AND LOLA TABLE TINS,917,2747.63
85132C,CHARLIE AND LOLA FIGURES TINS,2050,5739.54
85132a,CHARLIE + LOLA BISCUITS TINS,10,135.13
85132b,CHARLIE AND LOLA TABLE TINS,10,95.83999999999999
85132c,CHARLIE AND LOLA FIGURES TINS,4,46.099999999999994
85135A,YELLOW DRAGONFLY HELICOPTER,90,722.79
85135B,BLUE DRAGONFLY HELICOPTER,149,1210.6100000000001
85135C,RED DRAGONFLY HELICOPTER,160,1302.02
85136A,YELLOW SHARK HELICOPTER,137,1113.3300000000002
85136B,BLUE SHARK HELICOPTER,58,465.82
85136C,RED SHARK HELICOPTER,164,1331.92
85159A,"BLACK TEA,COFFEE,SUGAR JARS",449,1147.53
85159B,"WHITE TEA,COFFEE,SUGAR JARS",620,1410.61
85159b,"WHITE TEA,COFFEE,SUGAR JARS",1,13.0
85160A,WHITE BIRD GARDEN DESIGN MUG,4496,932.1500000000001
85160B,BLACK BIRD GARDEN DESIGN MUG,3174,641.29
85160a,WHITE BIRD GARDEN DESIGN MUG,8,129.04
85160b,BLACK BIRD GARDEN DESIGN MUG,1,16.13
85162A,SILVER RETRODISC LAMPSHADE,603,1203.96
85162B,BLACK RETRODISC LAMPSHADE,977,1905.15
85162C,WHITE RETRODISC LAMPSHADE,904,1841.7
85163A,WHITE BAROQUE WALL CLOCK ,103,1058.17
85163B,BLACK BAROQUE WALL CLOCK ,114,1255.9099999999999
85164B,BLACK BAROQUE CUCKOO CLOCK,139,1812.4299999999998
85164b,BLACK BAROQUE CUCKOO CLOCK,1,26.04
85166A,WHITE METAL BAROQUE PHOTO FRAME,76,155.15
85166B,BLACK METAL BAROQUE PHOTO FRAME,510,864.1
85167A,WHITE GRAND BAROQUE PHOTO FRAME,149,315.8
85167B,BLACK GRAND BAROQUE PHOTO FRAME,692,1426.34
85168A,WHITE BAROQUE CARRIAGE CLOCK,22,218.89999999999998
85168B,BLACK BAROQUE CARRIAGE CLOCK,72,652.17
85169A,IVORY LOVE BIRD CANDLE,1240,1370.82
85169B,BLACK LOVE BIRD CANDLE,428,502.90999999999997
85169C,EAU DE NIL LOVE BIRD CANDLE,493,551.82
85169D,PINK LOVE BIRD CANDLE,520,602.73
85170A,SET/6 IVORY BIRD T-LIGHT CANDLES,816,1533.54
85170B,SET/6 BLACK BIRD T-LIGHT CANDLES,275,459.11
85170C,SET/6 EAU DE NIL BIRD T-LIGHTS,542,990.9300000000001
85170D,SET/6 PINK BIRD T-LIGHT CANDLES,716,1284.16
85179A,GREEN BITTY LIGHT CHAIN,214,497.12
85179B,WHITE BITTY LIGHT CHAIN ,246,1056.6
85179C,PINK BITTY LIGHT CHAIN,116,257.15
85179a,GREEN BITTY LIGHT CHAIN,2,11.780000000000001
85180A,RED HEARTS LIGHT CHAIN ,614,1566.67
85180B,PINK HEARTS LIGHT CHAIN ,364,1022.1600000000001
85183A,CHARLIE & LOLA WASTEPAPER BIN BLUE,1503,2257.0
85183B,CHARLIE & LOLA WASTEPAPER BIN FLORA,1690,2600.5099999999998
85184B,SET 4 EASTER DECOUPAGE OVAL BOXES,13,38.35
85184C,S/4 VALENTINE DECOUPAGE HEART BOX,2106,4345.96
85184C,SET 4 VALENTINE DECOUPAGE HEART BOX,169,545.75
85184D,S/4 BLUE ROUND DECOUPAGE BOXES,4371,2881.8599999999997
85184c,S/4 VALENTINE DECOUPAGE HEART BOX,4,23.77
85184c,SET 4 VALENTINE DECOUPAGE HEART BOX,2,11.58
85184d,S/4 BLUE ROUND DECOUPAGE BOXES,1,5.91
85185B,PINK HORSE SOCK PUPPET,551,1719.5600000000002
85185B,PINK HORSE SOCK PUPPET KIT,41,120.95000000000002
85185C,COW  SOCK PUPPET,58,171.10000000000002
85185D,FROG SOCK PUPPET,195,636.11
85185E,DUCK SOCK PUPPET,2,6.700000000000002
85185F,LION SOCK PUPPET,37,109.15
85186A,EASTER BUNNY GARLAND OF FLOWERS,1461,680.83
85186B,BUNNY BUNCH OF FLOWERS,14,5.88
85186C,BUNNY EGG GARLAND,1356,639.71
85188A,GREEN METAL SWINGING BUNNY,917,802.02
85188B,PINK METAL SWINGING BUNNY,724,640.4799999999999
85192S,HANGING SPRING FLOWER HEART SMALL,3,1.9500000000000002
85194L,HANGING SPRING FLOWER EGG LARGE,1785,1532.58
85194S,HANGING SPRING FLOWER EGG SMALL,1731,871.07
85199L,LARGE HANGING IVORY & RED WOOD BIRD,3428,2267.4700000000003
85199S,SMALL HANGING IVORY/RED WOOD BIRD,5998,2779.2
85205A,IVORY FELT EASTER RABBIT GARLAND,66,168.29999999999998
85205B,PINK FELT EASTER RABBIT GARLAND,241,669.38
85206A,CREAM FELT EASTER EGG BASKET,2317,3966.41
85206B,PINK FELT EASTER EGG BASKET,1524,2454.2
85226A,WHITE/BLUE PULL BACK RACING CAR,1669,908.32
85226C,BLUE PULL BACK RACING CAR,989,522.3100000000001
85230A,OPIUM SCENTED VOTIVE CANDLE,1992,497.03999999999996
85230B,CINNAMON SCENTED VOTIVE CANDLE,2120,561.04
85230C,ROSE SCENTED VOTIVE CANDLE,24,6.959999999999999
85230D,VANILLA SCENTED VOTIVE CANDLE,24,6.959999999999999
85230E,STRAWBRY SCENTED VOTIVE CANDLE,2445,628.41
85230F,JASMINE VOTIVE CANDLE,2946,725.6999999999999
85230G,ORANGE VOTIVE CANDLE,1632,411.84
85231B,CINAMMON SET OF 9 T-LIGHTS,2043,1868.49
85231E,STRAWBERRY SCENTED SET/9 T-LIGHTS,823,685.03
85231G,ORANGE SCENTED SET/9 T-LIGHTS,1452,1262.61
85231L,LAVENDER SCENTED SET/9 T-LIGHTS,1039,838.3499999999999
85231b,CINAMMON SET OF 9 T-LIGHTS,4,6.58
85231e,STRAWBERRY SCENTED SET/9 T-LIGHTS,1,1.66
85231g,ORANGE SCENTED SET/9 T-LIGHTS,6,9.78
85232A,SET/3 POLKA DOT STACKING TINS,237,1187.67
85232A,SET/3 POLKADOT STACKING TINS,106,543.8100000000001
85232B,SET OF 3 BABUSHKA STACKING TINS,830,4167.74
85232B,SET/3 RUSSIAN DOLL STACKING TINS,1926,9662.04
85232C,RUSSIAN FOLKART STACKING TINS,1,4.95
85232D,SET/3 DECOUPAGE STACKING TINS,688,3572.3100000000004
85232a,SET/3 POLKA DOT STACKING TINS,2,20.34
85232b,SET OF 3 BABUSHKA STACKING TINS,9,91.53
85232b,SET/3 RUSSIAN DOLL STACKING TINS,16,162.94
85232d,SET/3 DECOUPAGE STACKING TINS,1,10.17
90000A,RASPBERRY ANT COPPER FLOWER NECKLAC,33,198.98000000000002
90000B,MIDNIGHT BLUE COPPER FLOWER NECKLAC,28,171.34
90000C,OPAL WHITE/SILVER FLOWER NECKLACE,2,12.32
90000D,COPPER/OLIVE GREEN FLOWER NECKLACE,51,313.75
90001A,ANTIQUE RASPBERRY FLOWER EARRINGS,11,46.6
90001B,ANTIQUE MID BLUE FLOWER EARRINGS,12,50.870000000000005
90001C,ANTIQUE OPAL WHITE FLOWER EARRINGS,11,46.7
90001D,ANTIQUE OLIVE GREEN FLOWER EARRINGS,20,84.96000000000001
90002A,FLOWER BURST SILVER RING OPAL,36,135.0
90002B,FLOWER BURST SILVER RING ROSE,22,82.74
90002C,FLOWER BURST SILVER RING MIDN'T BLU,31,116.88
90002D,FLOWER BURST SILVER RING CRYSTAL,102,358.24
90002E,FLOWER BURST SILVER RING GREEN,15,56.519999999999996
90003B,ROSE COLOUR PAIR HEART HAIR SLIDES,37,139.56
90003C,MIDNIGHT BLUE PAIR HEART HAIR SLIDE,44,165.29
90003D,CRYSTAL PAIR HEART HAIR SLIDES,53,199.92
90003E,GREEN PAIR HEART HAIR SLIDES,28,105.31
90004A,JADE GREEN PAIR ENAMEL HAIR SLIDES,1,3.75
90005A,JADE GREEN ENAMEL HAIR COMB,106,216.87
90010A,MIDNIGHT BLUE GLASS/SILVER BRACELET,43,390.15
90010B,BLACK/WHITE GLASS/SILVER BRACELET,62,569.0699999999999
90010E,AMBER GLASS/SILVER BRACELET,52,465.84999999999997
90011A,MIDNIGHT BLUE CRYSTAL DROP EARRINGS,15,44.28
90011B,BLACK CRYSTAL DROP EARRINGS,20,59.06
90011C,GREEN CRYSTAL DROP EARRINGS,12,35.33
90011D,PURPLE CRYSTAL DROP EARRINGS,5,14.75
90011E,AMBER CRYSTAL DROP EARRINGS,8,23.61
90012A,MIDNIGHT BLUE DROP CRYSTAL NECKLACE,13,74.38
90012B,BLACK DROP CRYSTAL NECKLACE,17,85.9
90013A,MIDNIGHT BLUE VINTAGE EARRINGS,107,404.27
90013B,BLACK VINTAGE EARRINGS,104,428.92
90013C,GREEN VINTAGE EARRINGS ,87,349.8
90013D,PURPLE VINTAGE EARRINGS,46,178.11
90013E,AMBER VINTAGE EARRINGS ,2,8.57
90014A,SILVER M.O.P. ORBIT NECKLACE,11,54.800000000000004
90014A,SILVER/MOP ORBIT NECKLACE,44,447.21
90014B,GOLD M PEARL  ORBIT NECKLACE,32,327.81
90014B,GOLD M.O.P. ORBIT NECKLACE,2,5.9
90014C,SILVER AND BLACK ORBIT NECKLACE,2,13.350000000000001
90014C,SILVER/BLACK ORBIT NECKLACE,27,271.33
90016A,SILVER/M.O.P PENDANT ORBIT NECKLACE,29,207.86
90016B,GOLD/M.O.P PENDANT ORBIT NECKLACE,37,312.14
90016C,SILVER/BLACK PENDANT ORBIT NECKLACE,17,144.07
90018A,SILVER M.O.P ORBIT DROP EARRINGS,74,312.74
90018B,GOLD M.O.P ORBIT DROP EARRINGS,39,164.62
90018C,SILVER BLACK ORBIT DROP EARRINGS,27,114.26
90019A,SILVER M.O.P ORBIT BRACELET,68,354.59000000000003
90019B,GOLD M.O.P ORBIT BRACELET,32,168.62
90019C,SILVER BLACK ORBIT BRACELET,40,213.38
90024A,NEW BAROQUE B'FLY NECKLACE BLACK,5,42.5
90024B,NEW BAROQUE B'FLY NECKLACE RED,23,195.24
90024C,NEW BAROQUE B'FLY NECKLACE GREEN,11,93.48
90024D,NEW BAROQUE B'FLY NECKLACE PINK,15,127.5
90024E,NEW BAROQUE B'FLY NECKLACE MONTANA,16,135.98
90024F,NEW BAROQUE B'FLY NECKLACE CRYSTAL,8,67.61
90025A,BAROQUE BUTTERFLY EARRINGS BLACK,2,7.5
90025B,BAROQUE BUTTERFLY EARRINGS RED,3,11.29
90025C,BAROQUE BUTTERFLY EARRINGS GREEN,6,22.56
90025D,BAROQUE BUTTERFLY EARRINGS PINK,5,18.69
90025E,BAROQUE BUTTERFLY EARRINGS MONTANA,7,26.5
90025F,BAROQUE BUTTERFLY EARRINGS CRYSTAL,8,30.23
90026A,GLASS BEAD HOOP NECKLACE BLACK,11,93.47
90026B,GLASS BEAD HOOP NECKLACE MONTANA,8,67.82
90026C,GLASS BEAD HOOP NECKLACE GREEN,8,67.82
90026D,GLASS BEAD HOOP NECKLACE AMETHYST,10,85.0
90027A,GLASS BEAD HOOP EARRINGS BLACK,9,26.52
90027B,GLASS BEAD HOOP EARRINGS MONTANA,13,38.28
90027C,GLASS BEAD HOOP EARRINGS GREEN,14,41.17
90027D,GLASS BEAD HOOP EARRINGS AMETHYST,23,72.18
90030A,SPOTTED WHITE NATURAL SEED NECKLACE,79,113.76
90030B,RED KUKUI COCONUT SEED NECKLACE,139,292.08000000000004
90030C,BROWN KUKUI COCONUT SEED NECKLACE,87,151.3
90035A,"PEARL & SHELL 42""NECKL. GREEN",24,257.55
90035B,"PEARL & SHELL 42""NECKL. PINK",43,380.89
90035C,"PEARL & SHELL 42""NECKL. IVORY",28,301.0
90036A,FLOWER GARLAND NECKLACE RED,27,215.76000000000002
90036B,"FLOWER GLASS GARLAND NECKL.36""GREEN",18,143.1
90036C,"FLOWER GLASS GARLAND NECKL.36""BLUE",31,246.83
90036D,"FLOWER GLASS GARLAND NECKL.36""BLACK",38,302.29
90036E,"FLOWER GLASS GARLD NECKL36""AMETHYST",45,358.87
90036F,"FLOWER GLASS GARLD NECKL36""TURQUOIS",24,192.17000000000002
90037A,TINY CRYSTAL BRACELET RED,26,66.31
90037B,TINY CRYSTAL BRACELET GREEN,28,71.17
90037C,TINY CRYSTAL BRACELET BLUE,26,66.08
90037D,TINY CRYSTALS BRACELET BLACK,14,35.87
90038A,GLASS AND PAINTED BEADS BRACELET TO,36,135.8
90038B,GLASS AND PAINTED BEADS BRACELET OL,21,79.19
90038C,GLASS AND BEADS BRACELET IVORY,19,71.46000000000001
90039A,FIRE POLISHED GLASS BRACELET RED,10,37.61
90039B,FIRE POLISHED GLASS BRACELET MONTAN,21,78.99
90039C,FIRE POLISHED GLASS BRACELET BLACK,23,86.65
90039D,FIRE POLISHED GLASS BRACELET GREEN,43,162.66
90040A,MURANO STYLE GLASS BRACELET RED,50,196.55
90040B,MURANO STYLE GLASS BRACELET BLACK,71,255.97
90040C,MURANO STYLE GLASS BRACELET GOLD,38,136.25
90040D,MURANO STYLE GLASS BRACELET PINK,41,148.87
90042A,FRESHWATER PEARL BRACELET GOLD,63,160.79
90042B,FRESHWATER PEARL BRACELET PINK,17,43.349999999999994
90042C,FRESHWATER PEARL BRACELET IVORY,59,150.20999999999998
90058A,CRYSTAL STUD EARRINGS CLEAR DISPLAY,540,205.2
90058B,CRYSTAL STUD EARRINGS ASSORTED COL ,1046,495.40000000000003
90059A,DIAMANTE HAIR GRIP PACK/2 CRYSTAL,88,147.07999999999998
90059B,DIAMANTE HAIR GRIP PACK/2 BLACK DIA,21,34.97
90059C,DIAMANTE HAIR GRIP PACK/2 MONTANA,35,58.279999999999994
90059D,DIAMANTE HAIR GRIP PACK/2 PERIDOT,58,96.83999999999999
90059E,DIAMANTE HAIR GRIP PACK/2 RUBY,47,78.41
90059F,DIAMANTE HAIR GRIP PACK/2 LT ROSE,42,69.97
90060B,FIRE POLISHED GLASS NECKL GOLD,6,35.7
90060C,FIRE POLISHED GLASS NECKL SILVER,7,41.65
90060D,FIRE POLISHED GLASS NECKL BRONZE,12,71.4
90060F,FIRE POLISHED GLASS NECKL GREEN,28,166.14000000000001
90063A,WHITE VINT ART DECO CRYSTAL NECKLAC,21,178.48
90063B,BLACK VINT ART DEC CRYSTAL NECKLACE,20,170.17000000000002
90064A,WHITE VINTAGE CRYSTAL EARRINGS,20,79.14
90064B,BLACK VINTAGE  CRYSTAL EARRINGS,20,75.0
90065A,WHITE VINTAGE CRYSTAL BRACELET,25,173.24
90065B,BLACK VINT ART DEC CRYSTAL BRACELET,22,154.87
90066A,PINK VINTAGE VICTORIAN CHOKER,5,33.75
90067A,PINK VINTAGE VICTORIAN EARRINGS,33,97.24000000000001
90067B,BROWN VINTAGE VICTORIAN EARRINGS,16,47.120000000000005
90081A,LILY BROOCH AMETHYST COLOUR,49,242.8
90081B,LILY BROOCH WHITE/SILVER COLOUR,7,34.650000000000006
90081C,LILY BROOCH OLIVE COLOUR,50,250.47000000000003
90082A,DIAMANTE BOW BROOCH GREEN COLOUR,55,353.71
90082B,DIAMANTE BOW BROOCH RED COLOUR,58,368.29999999999995
90082C,DIAMANTE BOW BROOCH WHITE COLOUR,3,19.93
90082D,DIAMANTE BOW BROOCH BLACK COLOUR,101,651.65
90120A,PINK MURANO TWIST BRACELET,93,395.68
90120B,BLUE MURANO TWIST BRACELET,107,451.44
90120C,GREEN MURANO TWIST BRACELET,109,462.32
90120D,WHITE MURANO TWIST BRACELET,134,554.13
90121B,VINTAGE ROSE BEAD BRACELET BLUE,16,68.0
90122A,PINK CRYSTAL+GLASS BRACELET,55,273.89
90122B,JADE CRYSTAL+GLASS BRACELET,46,228.99
90122C,TURQUOISE CRYSTAL+GLASS BRACELET,54,269.1
90123A,PINK HEART OF GLASS BRACELET,36,214.07
90123B,TURQUOISE HEART OF GLASS BRACELET,26,154.69
90123C,GREEN HEART OF GLASS BRACELET,27,160.75
90123D,WHITE HEART OF GLASS BRACELET,29,172.39
90124A,PINK MURANO TWIST NECKLACE,30,299.28
90124B,BLUE MURANO TWIST NECKLACE,39,391.18
90124C,GREEN MURANO TWIST NECKLACE,22,220.20999999999998
90125A,PINK BERTIE GLASS BEAD BAG CHARM,137,158.77
90125B,AQUA BERTIE GLASS BEAD BAG CHARM,44,79.57
90125C,TURQUOISE BERTIE GLASS BEAD CHARM,92,101.35
90125D,PURPLE BERTIE GLASS BEAD BAG CHARM,136,223.74
90125E,AMBER BERTIE GLASS BEAD BAG CHARM,18,44.19
90126A,PINK BERTIE MOBILE PHONE CHARM,20,37.14
90126B,BLUE BERTIE MOBILE PHONE CHARM,3,8.48
90126C,AMBER BERTIE MOBILE PHONE CHARM,21,42.1
90127A,PINK BEADS+HAND PHONE CHARM,14,19.92
90127B,BLUE BEADS+HAND PHONE CHARM,2,2.5
90128A,PINK LEAVES AND BEADS PHONE CHARM,31,46.21
90128B,BLUE LEAVES AND BEADS PHONE CHARM,18,23.759999999999998
90128C,GREEN LEAVES AND BEADS PHONE CHARM,17,25.04
90128D,PURPLE LEAVES AND BEADS PHONE CHAR,13,21.24
90129A,PINK GLASS TASSLE BAG CHARM ,151,295.38
90129B,TURQUOISE GLASS TASSLE BAG CHARM ,146,329.95
90129C,GREEN GLASS TASSLE BAG CHARM,107,243.38
90129D,AMBER GLASS TASSLE BAG CHARM,67,161.57000000000002
90129E,PURPLE GLASS TASSLE BAG CHARM,129,263.14
90129F,RED GLASS TASSLE BAG CHARM,81,183.26000000000002
90130A,WHITE STONE/CRYSTAL EARRINGS,28,82.51
90130B,TURQ STONE/CRYSTAL EARRINGS,64,188.09
90130C,GREEN STONE/CRYSTAL EARRINGS,25,73.62
90130D,RED STONE/CRYSTAL EARRINGS,13,38.31
90135A,ORANGE/FUSCHIA STONES NECKLACE,11,54.620000000000005
90141A,GREEN PENDANT TRIPLE SHELL NECKLACE,20,104.95
90141B,IVORY PENDANT TRIPLE SHELL NECKLACE,13,64.94
90141C,TURQ PENDANT TRIPLE SHELL NECKLACE,16,83.69
90141D,ROSE PENDANT TRIPLE SHELL NECKLACE,7,36.33
90141E,ORANGE PENDANT TRIPLE SHELL NECKLAC,10,50.06
90142A,GREEN PENDANT SHELL NECKLACE,5,25.45
90142B,IVORY PENDANT SHELL NECKLACE,1,5.09
90142C,ROSE PINK PENDANT SHELL NECKLACE,1,5.09
90142D,MOP PENDANT SHELL NECKLACE,11,54.59
90152A,SILVER/NAT SHELL NECKLACE W PENDANT,7,40.34
90152B,BLUE/GREEN SHELL NECKLACE W PENDANT,6,35.26
90152C,BLUE/NAT SHELL NECKLACE W PENDANT,7,41.650000000000006
90160A,PURPLE BOUDICCA LARGE BRACELET,45,313.86
90160B,RED BOUDICCA LARGE BRACELET,71,490.92
90160C,TURQ+RED BOUDICCA LARGE BRACELET,97,677.0
90160D,PINK BOUDICCA LARGE BRACELET,75,522.27
90161A,ANT COPPER RED BOUDICCA BRACELET,70,349.96000000000004
90161B,ANT COPPER TURQ BOUDICCA BRACELET,147,734.1600000000001
90161C,ANT COPPER LIME BOUDICCA BRACELET,169,843.9100000000001
90161D,ANT COPPER PINK BOUDICCA BRACELET,138,687.52
90162A,ANT SILVER TURQUOISE BOUDICCA RING,30,88.5
90162B,ANT SILVER LIME GREEN BOUDICCA RING,54,159.3
90162C,ANT SILVER FUSCHIA BOUDICCA RING,42,123.90000000000002
90162D,ANT SILVER PURPLE BOUDICCA RING,29,85.55000000000001
90163A,PINK ROSEBUD & PEARL NECKLACE,37,280.71
90163B,WHITE ROSEBUD & PEARL NECKLACE,13,98.45
90164A,PINK ROSEBUD PEARL BRACELET,40,230.39
90164B,WHITE  ROSEBUD PEARL BRACELET,67,362.94
90165A,PINK ROSEBUD PEARL EARRINGS,42,106.49
90165B,WHITE ROSEBUD  PEARL EARRINGS,52,131.65
90175A,WHITE GLASS CHUNKY CHARM BRACELET,99,892.8499999999999
90175B,PINK GLASS CHUNKY CHARM BRACELET,34,304.95
90175C,BLUE GLASS CHUNKY CHARM BRACELET,37,332.95
90175D,TIGRIS EYE CHUNKY CHARM BRACELET,58,527.8199999999999
90176A,CLASSIC DIAMANTE NECKLACE JET,9,68.38
90176B,DIAMANTE NECKLACE BLACK ,5,37.620000000000005
90176C,DIAMANTE NECKLACE,8,62.0
90176D,DIAMANTE NECKLACE PURPLE,10,75.31
90176E,DIAMANTE NECKLACE GREEN,4,29.98
90177A,CLASSIC DIAMANTE EARRINGS JET,13,37.99
90177B,DROP DIAMANTE EARRINGS BLACK DIAMON,31,91.38000000000001
90177C,DROP DIAMANTE EARRINGS CRYSTAL,31,91.33
90177D,DROP DIAMANTE EARRINGS PURPLE,40,118.06
90177E,DROP DIAMANTE EARRINGS GREEN,22,65.01
90178A,AMBER CHUNKY GLASS+BEAD NECKLACE,27,322.40999999999997
90178B,PURPLE CHUNKY GLASS+BEAD NECKLACE,16,191.40999999999997
90179A,AMBER FINE BEAD NECKLACE W TASSEL,12,71.0
90179B,PURPLE FINE BEAD NECKLACE W TASSEL,11,65.31
90179C,BLACK FINE BEAD NECKLACE W TASSEL,18,106.83000000000001
90180A,BLACK+WHITE NECKLACE W TASSEL,43,386.69
90180B,PURPLE AMETHYST NECKLACE W TASSEL,18,179.88
90181A,AMBER GLASS/SHELL/PEARL NECKLACE,14,128.64
90181B,AMETHYST GLASS/SHELL/PEARL NECKLACE,25,231.27
90181C,BLACK GLASS/SHELL/PEARL NECKLACE,5,46.93
90182A,AMBER 3 BEAD DROP EARRINGS,9,26.16
90182B,AMETHYST 3 BEAD DROP EARRINGS,6,17.53
90182C,BLACK 3 BEAD DROP EARRINGS,13,38.04
90183A,AMBER DROP EARRINGS W LONG BEADS,47,137.95000000000002
90183B,AMETHYST DROP EARRINGS W LONG BEADS,28,81.92999999999999
90183C,BLACK DROP EARRINGS W LONG BEADS,13,38.12
90183c,BLACK DROP EARRINGS W LONG BEADS,1,2.9
90184A,AMBER CHUNKY BEAD BRACELET W STRAP,42,380.82
90184B,AMETHYST CHUNKY BEAD BRACELET W STR,66,598.63
90184C,BLACK CHUNKY BEAD BRACELET W STRAP,72,651.89
90184c,BLACK CHUNKY BEAD BRACELET W STRAP,1,9.15
90185A,AMBER DIAMANTE EXPANDABLE RING,42,178.04
90185B,AMETHYST DIAMANTE EXPANDABLE RING,48,203.68
90185C,BLACK DIAMANTE EXPANDABLE RING,35,148.71
90185D,CRYSTAL DIAMANTE EXPANDABLE RING,66,280.58
90186A,AMETHYST HOOP EARRING FLORAL LEAF,69,203.73000000000002
90186B,CRYSTAL HOOP EARRING FLORAL LEAF,57,168.26000000000002
90187A,BLUE DROP EARRINGS W BEAD CLUSTER,8,27.04
90187B,GREEN DROP EARRINGS W BEAD CLUSTER,21,70.6
90189A,SILVER 2 STRAND NECKLACE-LEAF CHARM,11,82.64
90189B,GOLD 2 STRAND NECKLACE-LEAF CHARMS,3,22.5
90190A,SILVER/CRYSTAL DROP EARRINGS W LEAF,44,129.59
90190B,GOLD/AMBER DROP EARRINGS W LEAF,45,132.58
90190C,SILVER/AMETHYST DROP EARRINGS LEAF,55,161.82
90195A,PURPLE GEMSTONE BRACELET,65,540.4499999999999
90195B,BLACK GEMSTONE BRACELET,48,424.89
90196A,PURPLE GEMSTONE NECKLACE 45CM,18,229.5
90196B,BLACK GEMSTONE NECKLACE 45CM,19,241.98
90197B,BLACK GLASS BRACELET W HEART CHARMS,64,322.52000000000004
90197D,AMBER GLASS BRACELET HEART CHARMS,9,44.550000000000004
90198A,VINTAGE ROSE BEAD BRACELET RASPBERR,144,609.4300000000001
90198B,VINTAGE ROSE BEAD BRACELET BLACK,104,441.9
90199A,5 STRAND GLASS NECKLACE BLACK,21,133.15
90199B,5 STRAND GLASS NECKLACE AMETHYST,36,228.60999999999999
90199C,5 STRAND GLASS NECKLACE CRYSTAL,98,578.9399999999999
90199D,5 STRAND GLASS NECKLACE AMBER,22,139.28
90200A,PURPLE SWEETHEART BRACELET,173,732.69
90200B,BLACK SWEETHEART BRACELET,179,758.45
90200C,BLUE SWEETHEART BRACELET,202,857.63
90200D,PINK SWEETHEART BRACELET,324,1359.51
90200E,GREEN SWEETHEART BRACELET,193,805.97
90201A,PURPLE ENAMEL FLOWER RING,126,371.04
90201B,BLACK ENAMEL FLOWER RING,141,415.96000000000004
90201C,RED ENAMEL FLOWER RING,113,333.24
90201D,GREEN ENAMEL FLOWER RING,133,391.37
90202A,PURPLE ENAMEL FLOWER HAIR TIE,25,73.2
90202B,WHITE ENAMEL FLOWER HAIR TIE,18,52.79
90202C,GREEN ENAMEL FLOWER HAIR TIE,25,73.76
90202D,PINK ENAMEL FLOWER HAIR TIE,42,123.79
90205A,LARGE MINT DIAMANTE HAIRSLIDE,38,63.46
90205C,LARGE CRYSTAL DIAMANTE HAIRSLIDE,78,122.31
90206A,GOLD DIAMANTE STAR BROOCH,16,79.60000000000001
90206C,CRYSTAL DIAMANTE STAR BROOCH,80,402.61
90209A,PURPLE ENAMEL+GLASS HAIR COMB,164,306.6
90209B,GREEN ENAMEL+GLASS HAIR COMB,380,730.66
90209C,PINK ENAMEL+GLASS HAIR COMB,393,741.86
90210A,GREY ACRYLIC FACETED BANGLE,88,207.34
90210B,CLEAR ACRYLIC FACETED BANGLE,102,232.04000000000002
90210C,RED   ACRYLIC FACETED BANGLE,118,186.56
90210D,PURPLE ACRYLIC FACETED BANGLE,142,235.73000000000002
90211A,DIAMOND LAS VEGAS NECKLACE 45CM,28,166.57000000000002
90211B,JET BLACK LAS VEGAS NECKLACE 45CM,33,196.31
90212B,JET BLACK LAS VEGAS BRACELET ROUND,37,140.07
90212C,PURPLE LAS VEGAS BRACELET ROUND,15,56.25
90214A,"LETTER ""A"" BLING KEY RING",207,206.15
90214B,"LETTER ""B"" BLING KEY RING",75,72.33
90214C,"LETTER ""C"" BLING KEY RING",159,155.03
90214D,"LETTER ""D"" BLING KEY RING",100,90.82
90214E,"LETTER ""E"" BLING KEY RING",136,131.78
90214F,"LETTER ""F"" BLING KEY RING",44,36.28
90214G,"LETTER ""G"" BLING KEY RING",93,84.42999999999999
90214H,"LETTER ""H"" BLING KEY RING",83,77.71
90214I,"LETTER ""I"" BLING KEY RING",56,53.5
90214J,"LETTER ""J"" BLING KEY RING",151,153.97
90214K,"LETTER ""K"" BLING KEY RING",153,157.15
90214L,"LETTER ""L"" BLING KEY RING",168,156.06
90214M,"LETTER ""M"" BLING KEY RING",138,139.82
90214N,"LETTER ""N"" BLING KEY RING",78,76.39999999999999
90214O,"LETTER ""O"" BLING KEY RING",36,31.419999999999998
90214P,"LETTER ""P"" BLING KEY RING",71,59.089999999999996
90214R,"LETTER ""R"" BLING KEY RING",91,93.72999999999999
90214S,"LETTER ""S"" BLING KEY RING",178,173.84
90214T,"LETTER ""T"" BLING KEY RING",57,55.57
90214U,"LETTER ""U"" BLING KEY RING",13,4.7299999999999995
90214V,"LETTER ""V"" BLING KEY RING",38,28.98
90214W,"LETTER ""W"" BLING KEY RING",19,10.17
90214Y,"LETTER ""Y"" BLING KEY RING",68,25.339999999999996
90214Z,"LETTER ""Z"" BLING KEY RING",31,21.49
ADJUST,Adjustment by Peter on 24/05/2010 1,-3,-731.05
ADJUST,Adjustment by john on 26/01/2010 16,2,1803.33
ADJUST,Adjustment by john on 26/01/2010 17,6,5762.96
ADJUST2,Adjustment by Peter on Jun 25 2010 ,3,731.0500000000001
AMAZONFEE,AMAZON FEE,-30,-221520.5
B,Adjust bad debt,1,11062.06
BANK CHARGES, Bank Charges,-2,-2068.96
BANK CHARGES,Bank Charges,-40,-33413.289
C2,CARRIAGE,261,13136.0
CRUK,CRUK Commission,-16,-7933.43
D,Discount,-2868,-12879.63
DCGS0003,BOXED GLASS ASHTRAY,13,32.589999999999996
DCGS0004,HAYNES CAMPER SHOULDER BAG,4,67.94
DCGS0037,KEY-RING CORKSCREW,1,12.72
DCGS0041,HAYNES MINI-COOPER PLAYING CARDS,1,5.06
DCGS0044,HANDZ-OFF CAR FRESHENER,1,2.57
DCGS0058,MISO PRETTY  GUM,42,34.82
DCGS0062,ROAD-RAGE CAR FRESHENER,1,2.51
DCGS0066N,NAVY CUDDLES DOG HOODIE,2,17.3
DCGS0068,DOGS NIGHT COLLAR,2,17.12
DCGS0069,OOH LA LA DOGS COLLAR,5,80.31
DCGS0070,CAMOUFLAGE DOG COLLAR,2,25.44
DCGS0072,CAT CAMOUFLAGUE COLLAR,4,20.68
DCGS0075,CAMOUFLAGUE DOG LEAD,1,12.72
DCGS0076,SUNJAR LED NIGHT NIGHT LIGHT,17,275.96
DCGSSBOY,BOYS PARTY BAG,77,251.35
DCGSSGIRL,GIRLS PARTY BAG,92,295.63
M,Manual,4186,-83326.33
PADS,PADS TO MATCH ALL CUSHIONS,16,-36.583
S,SAMPLES,-95,-5991.11
SP1002,KID'S CHALKBOARD/EASEL,5,14.75
TEST001,This is a test product.,45,202.5
TEST002,This is a test product.,1,1.0
gift_0001_10,Dotcomgiftshop Gift Voucher £10.00,15,126.21
gift_0001_20,Dotcomgiftshop Gift Voucher £20.00,28,471.06
gift_0001_30,Dotcomgiftshop Gift Voucher £30.00,24,610.09
gift_0001_40,Dotcomgiftshop Gift Voucher £40.00,5,166.09
gift_0001_50,Dotcomgiftshop Gift Voucher £50.00,6,253.59
gift_0001_70,Dotcomgiftshop Gift Voucher £70.00,1,59.57
gift_0001_80,Dotcomgiftshop Gift Voucher £80.00,0,0.0
m,Manual,5,15.049999999999999
